DEAL_ID,DEAL_DATE,DEAL_TIME,DEAL_TYPE,INSTRUMENT,TENOR,COUNTERPARTY_ID,DEALER_ID,BROKER_ID,CURRENCY,NOTIONAL_AMOUNT,DEAL_RATE,NOTIONAL_PKR,VALUE_DATE,MATURITY_DATE,DEAL_STATUS,CAPTURED_BY_ID,CAPTURE_TIMESTAMP,AMENDED_FLAG,AMENDMENT_DATE,AMENDMENT_APPROVED_BY_ID
TD-2025-0001,2025-01-02,07:42:11,FX_SPOT,AED/PKR,SPOT,CP-004,TS-003,,AED,1800000.00,75.8757,136576260.00,2025-01-06,2025-01-06,Settled,TS-003,2025-01-02 07:48:11,N,,
TD-2025-0002,2025-01-02,10:18:16,FX_FORWARD,EUR/PKR,1M,CP-007,TS-003,BR-003,EUR,350000.00,292.1128,102239480.00,2025-02-03,2025-02-03,Settled,TS-003,2025-01-02 11:54:16,N,,
TD-2025-0003,2025-01-02,11:53:13,TBILL_PURCHASE,PKR_TBILL,3M,CP-010,TS-006,,PKR,242000000.00,12.6988,242000000.00,2025-01-03,2025-04-04,Settled,TS-006,2025-01-02 12:01:53,N,,
TD-2025-0004,2025-01-02,12:09:28,FX_FORWARD,USD/PKR,1M,CP-004,TS-004,,USD,350000.00,280.3854,98134890.00,2025-02-03,2025-02-03,Settled,TS-004,2025-01-02 12:56:28,N,,
TD-2025-0005,2025-01-02,14:22:01,MM_PLACEMENT,PKR_MM,1W,CP-002,TS-007,BR-001,PKR,210000000.00,12.4086,210000000.00,2025-01-03,2025-01-10,Settled,TS-007,2025-01-02 17:56:01,N,,
TD-2025-0006,2025-01-02,18:15:37,MM_PLACEMENT,PKR_MM,1M,CP-001,TS-008,BR-001,PKR,123000000.00,12.6212,123000000.00,2025-01-02,2025-02-03,Settled,TS-008,2025-01-02 18:21:37,N,,
TD-2025-0007,2025-01-02,19:03:52,FX_SPOT,USD/PKR,SPOT,CP-006,TS-005,,USD,200000.00,278.5401,55708020.00,2025-01-06,2025-01-06,Settled,TS-005,2025-01-02 19:09:52,N,,
TD-2025-0008,2025-01-03,10:54:53,MM_PLACEMENT,PKR_MM,3M,CP-005,TS-006,,PKR,599000000.00,12.8102,599000000.00,2025-01-03,2025-04-03,Settled,TS-006,2025-01-03 11:03:41,N,,
TD-2025-0009,2025-01-03,10:55:45,FX_FORWARD,USD/PKR,2M,CP-003,TS-003,BR-003,USD,1050000.00,282.0228,296123940.00,2025-03-04,2025-03-04,Settled,TS-003,2025-01-03 11:04:21,N,,
TD-2025-0010,2025-01-03,11:11:01,FX_SPOT,GBP/PKR,SPOT,CP-003,TS-004,BR-002,GBP,150000.00,348.5178,52277670.00,2025-01-07,2025-01-07,Settled,TS-004,2025-01-03 11:13:32,N,,
TD-2025-0011,2025-01-03,13:13:30,FX_SPOT,USD/PKR,SPOT,CP-001,TS-003,,USD,200000.00,278.3167,55663340.00,2025-01-07,2025-01-07,Settled,TS-003,2025-01-03 13:23:04,N,,
TD-2025-0012,2025-01-03,14:30:22,MM_PLACEMENT,PKR_MM,2W,CP-005,TS-007,,PKR,174000000.00,12.4587,174000000.00,2025-01-06,2025-01-20,Settled,TS-007,2025-01-03 14:33:21,N,,
TD-2025-0013,2025-01-03,15:01:20,FX_FORWARD,USD/PKR,1M,CP-004,TS-003,,USD,200000.00,280.1215,56024300.00,2025-02-03,2025-02-03,Settled,TS-003,2025-01-03 15:03:07,N,,
TD-2025-0014,2025-01-03,15:27:28,FX_SPOT,USD/PKR,SPOT,CP-009,TS-003,,USD,750000.00,278.2631,208697325.00,2025-01-07,2025-01-07,Settled,TS-003,2025-01-03 15:31:08,N,,
TD-2025-0015,2025-01-03,15:42:57,FX_SPOT,EUR/PKR,SPOT,CP-005,TS-003,,EUR,250000.00,289.0806,72270150.00,2025-01-07,2025-01-07,Settled,TS-003,2025-01-03 15:47:53,N,,
TD-2025-0016,2025-01-06,10:14:36,FX_SPOT,EUR/PKR,SPOT,CP-001,TS-003,,EUR,300000.00,288.8842,86665260.00,2025-01-08,2025-01-08,Settled,TS-003,2025-01-06 10:22:15,N,,
TD-2025-0017,2025-01-06,11:59:45,FX_SPOT,AED/PKR,SPOT,CP-002,TS-003,,AED,1100000.00,75.8685,83455350.00,2025-01-08,2025-01-08,Settled,TS-003,2025-01-06 12:05:02,N,,
TD-2025-0018,2025-01-06,14:48:53,FX_SPOT,GBP/PKR,SPOT,CP-009,TS-005,BR-003,GBP,175000.00,348.6852,61019910.00,2025-01-08,2025-01-08,Settled,TS-005,2025-01-06 14:57:00,N,,
TD-2025-0019,2025-01-06,15:00:24,TBILL_PURCHASE,PKR_TBILL,3M,CP-010,TS-006,,PKR,283000000.00,12.6943,283000000.00,2025-01-07,2025-04-08,Settled,TS-006,2025-01-06 15:08:14,N,,
TD-2025-0020,2025-01-06,16:38:23,FX_SPOT,USD/PKR,SPOT,CP-002,TS-003,,USD,150000.00,278.8722,41830830.00,2025-01-08,2025-01-08,Settled,TS-003,2025-01-06 16:40:21,N,,
TD-2025-0021,2025-01-07,09:33:48,MM_PLACEMENT,PKR_MM,2M,CP-006,TS-007,,PKR,144000000.00,12.6830,144000000.00,2025-01-07,2025-03-10,Settled,TS-007,2025-01-07 09:41:14,N,,
TD-2025-0022,2025-01-07,09:35:55,MM_PLACEMENT,PKR_MM,2W,CP-009,TS-007,,PKR,349000000.00,12.4429,349000000.00,2025-01-07,2025-01-21,Settled,TS-007,2025-01-07 09:42:49,N,,
TD-2025-0023,2025-01-07,10:30:32,TBILL_PURCHASE,PKR_TBILL,3M,CP-010,TS-006,,PKR,603000000.00,12.6736,603000000.00,2025-01-08,2025-04-09,Settled,TS-006,2025-01-07 10:40:23,N,,
TD-2025-0024,2025-01-07,11:04:23,TBILL_PURCHASE,PKR_TBILL,6M,CP-010,TS-009,,PKR,446000000.00,12.8196,446000000.00,2025-01-08,2025-07-09,Settled,TS-009,2025-01-07 11:12:36,N,,
TD-2025-0025,2025-01-07,11:21:12,FX_SPOT,EUR/PKR,SPOT,CP-001,TS-004,,EUR,225000.00,289.9356,65235510.00,2025-01-09,2025-01-09,Settled,TS-004,2025-01-07 11:30:50,N,,
TD-2025-0026,2025-01-07,11:45:09,FX_SPOT,EUR/PKR,SPOT,CP-002,TS-003,,EUR,525000.00,289.9629,152230522.00,2025-01-09,2025-01-09,Settled,TS-003,2025-01-07 11:53:51,N,,
TD-2025-0027,2025-01-07,11:47:45,FX_SPOT,GBP/PKR,SPOT,CP-001,TS-003,,GBP,325000.00,348.6390,113307675.00,2025-01-09,2025-01-09,Settled,TS-003,2025-01-07 11:51:54,N,,
TD-2025-0028,2025-01-07,11:50:46,MM_BORROWING,PKR_MM,2W,CP-004,TS-006,,PKR,222000000.00,12.4534,222000000.00,2025-01-08,2025-01-22,Settled,TS-006,2025-01-07 11:53:05,N,,
TD-2025-0029,2025-01-07,13:53:04,TBILL_PURCHASE,PKR_TBILL,6M,CP-010,TS-009,,PKR,456000000.00,12.8165,456000000.00,2025-01-08,2025-07-09,Settled,TS-009,2025-01-07 13:54:20,N,,
TD-2025-0030,2025-01-07,14:38:48,MM_PLACEMENT,PKR_MM,1M,CP-003,TS-006,,PKR,557000000.00,12.5819,557000000.00,2025-01-08,2025-02-07,Settled,TS-006,2025-01-07 14:47:26,N,,
TD-2025-0031,2025-01-07,14:44:36,FX_SPOT,USD/PKR,SPOT,CP-002,TS-003,BR-002,USD,850000.00,278.7106,236904010.00,2025-01-09,2025-01-09,Settled,TS-003,2025-01-07 14:52:23,N,,
TD-2025-0032,2025-01-07,15:09:43,FX_SPOT,EUR/PKR,SPOT,CP-003,TS-004,,EUR,375000.00,289.9316,108724350.00,2025-01-09,2025-01-09,Settled,TS-004,2025-01-07 15:13:45,N,,
TD-2025-0033,2025-01-07,15:22:09,FX_FORWARD,USD/PKR,1M,CP-002,TS-004,,USD,200000.00,280.5620,56112400.00,2025-02-06,2025-02-06,Settled,TS-004,2025-01-07 15:31:20,N,,
TD-2025-0034,2025-01-07,15:39:11,TBILL_PURCHASE,PKR_TBILL,6M,CP-010,TS-009,,PKR,334000000.00,12.8182,334000000.00,2025-01-08,2025-07-09,Settled,TS-009,2025-01-07 15:47:04,N,,
TD-2025-0035,2025-01-08,09:33:41,MM_BORROWING,PKR_MM,1W,CP-001,TS-008,,PKR,64000000.00,12.3572,64000000.00,2025-01-08,2025-01-15,Settled,TS-008,2025-01-08 09:40:25,N,,
TD-2025-0036,2025-01-08,10:01:24,FX_FORWARD,USD/PKR,1M,CP-003,TS-010,,USD,150000.00,280.8347,42125205.00,2025-02-07,2025-02-07,Settled,TS-010,2025-01-08 10:05:50,N,,
TD-2025-0037,2025-01-08,12:03:34,FX_SPOT,EUR/PKR,SPOT,CP-005,TS-010,,EUR,125000.00,290.2242,36278025.00,2025-01-10,2025-01-10,Settled,TS-010,2025-01-08 12:09:16,N,,
TD-2025-0038,2025-01-08,13:07:08,MM_PLACEMENT,PKR_MM,3M,CP-005,TS-006,BR-002,PKR,188000000.00,12.7240,188000000.00,2025-01-08,2025-04-08,Settled,TS-006,2025-01-08 13:12:09,N,,
TD-2025-0039,2025-01-08,14:31:00,TBILL_PURCHASE,PKR_TBILL,12M,CP-010,TS-009,,PKR,493000000.00,12.9478,493000000.00,2025-01-09,2026-01-08,Settled,TS-009,2025-01-08 14:33:43,N,,
TD-2025-0040,2025-01-08,15:30:35,TBILL_PURCHASE,PKR_TBILL,3M,CP-010,TS-009,,PKR,401000000.00,12.6632,401000000.00,2025-01-09,2025-04-10,Settled,TS-009,2025-01-08 15:32:42,N,,
TD-2025-0041,2025-01-08,15:31:20,FX_SPOT,USD/PKR,SPOT,CP-002,TS-010,,USD,150000.00,278.9344,41840160.00,2025-01-10,2025-01-10,Settled,TS-010,2025-01-08 15:32:48,N,,
TD-2025-0042,2025-01-08,15:41:51,FX_SPOT,USD/PKR,SPOT,CP-001,TS-005,,USD,100000.00,278.9686,27896860.00,2025-01-10,2025-01-10,Settled,TS-005,2025-01-08 15:49:05,N,,
TD-2025-0043,2025-01-09,09:43:51,FX_SPOT,EUR/PKR,SPOT,CP-001,TS-004,,EUR,375000.00,290.8221,109058287.00,2025-01-13,2025-01-13,Settled,TS-004,2025-01-09 09:45:39,N,,
TD-2025-0044,2025-01-09,10:36:47,MM_PLACEMENT,PKR_MM,2M,CP-002,TS-008,BR-001,PKR,127000000.00,12.6107,127000000.00,2025-01-10,2025-03-11,Settled,TS-008,2025-01-09 10:42:10,N,,
TD-2025-0045,2025-01-09,11:11:21,TBILL_PURCHASE,PKR_TBILL,6M,CP-010,TS-009,,PKR,223000000.00,12.8213,223000000.00,2025-01-10,2025-07-11,Settled,TS-009,2025-01-09 11:12:31,N,,
TD-2025-0046,2025-01-09,12:13:02,FX_SPOT,USD/PKR,SPOT,CP-005,TS-003,,USD,250000.00,278.5511,69637775.00,2025-01-13,2025-01-13,Settled,TS-003,2025-01-09 12:14:55,N,,
TD-2025-0047,2025-01-09,12:35:06,FX_SPOT,EUR/PKR,SPOT,CP-002,TS-004,BR-002,EUR,625000.00,290.8492,181780750.00,2025-01-13,2025-01-13,Settled,TS-004,2025-01-09 12:40:20,N,,
TD-2025-0048,2025-01-09,12:47:40,MM_PLACEMENT,PKR_MM,1W,CP-003,TS-007,BR-002,PKR,254000000.00,12.3215,254000000.00,2025-01-10,2025-01-17,Settled,TS-007,2025-01-09 12:51:00,N,,
TD-2025-0049,2025-01-09,16:49:52,FX_FORWARD,AED/PKR,1M,CP-003,TS-003,,AED,2100000.00,76.3409,160315890.00,2025-02-10,2025-02-10,Settled,TS-003,2025-01-09 16:53:04,N,,
TD-2025-0050,2025-01-10,11:19:09,FX_SPOT,USD/PKR,SPOT,CP-006,TS-004,BR-002,USD,650000.00,278.4743,181008295.00,2025-01-14,2025-01-14,Settled,TS-004,2025-01-10 11:20:18,N,,
TD-2025-0051,2025-01-10,12:35:00,MM_PLACEMENT,PKR_MM,2M,CP-001,TS-006,,PKR,562000000.00,12.6159,562000000.00,2025-01-13,2025-03-14,Settled,TS-006,2025-01-10 12:44:16,N,,
TD-2025-0052,2025-01-10,14:20:03,FX_FORWARD,EUR/PKR,2M,CP-004,TS-010,,EUR,150000.00,295.1196,44267940.00,2025-03-11,2025-03-11,Settled,TS-010,2025-01-10 14:21:26,N,,
TD-2025-0053,2025-01-10,14:38:21,FX_SPOT,GBP/PKR,SPOT,CP-001,TS-004,,GBP,475000.00,348.1886,165389585.00,2025-01-14,2025-01-14,Settled,TS-004,2025-01-10 14:47:37,N,,
TD-2025-0054,2025-01-10,15:37:40,FX_SPOT,USD/PKR,SPOT,CP-004,TS-004,,USD,300000.00,278.4535,83536050.00,2025-01-14,2025-01-14,Settled,TS-004,2025-01-10 15:39:42,N,,
TD-2025-0055,2025-01-10,15:58:17,FX_SPOT,USD/PKR,SPOT,CP-002,TS-004,,USD,400000.00,278.4506,111380240.00,2025-01-14,2025-01-14,Settled,TS-004,2025-01-10 16:01:21,N,,
TD-2025-0056,2025-01-13,10:35:31,TBILL_PURCHASE,PKR_TBILL,6M,CP-010,TS-009,,PKR,417000000.00,12.6981,417000000.00,2025-01-14,2025-07-15,Settled,TS-009,2025-01-13 10:36:31,N,,
TD-2025-0057,2025-01-13,11:44:52,FX_SPOT,EUR/PKR,SPOT,CP-006,TS-003,,EUR,675000.00,290.8864,196348320.00,2025-01-15,2025-01-15,Settled,TS-003,2025-01-13 11:51:53,N,,
TD-2025-0058,2025-01-13,12:20:10,FX_SPOT,USD/PKR,SPOT,CP-004,TS-004,,USD,600000.00,278.8321,167299260.00,2025-01-15,2025-01-15,Settled,TS-004,2025-01-13 12:23:28,N,,
TD-2025-0059,2025-01-13,13:00:20,MM_BORROWING,PKR_MM,1M,CP-002,TS-008,BR-002,PKR,88000000.00,12.4714,88000000.00,2025-01-13,2025-02-12,Settled,TS-008,2025-01-13 13:02:08,N,,
TD-2025-0060,2025-01-13,14:54:02,FX_FORWARD,USD/PKR,1M,CP-004,TS-003,,USD,1050000.00,280.7022,294737310.00,2025-02-12,2025-02-12,Settled,TS-003,2025-01-13 14:59:56,N,,
TD-2025-0061,2025-01-13,15:58:43,FX_FORWARD,AED/PKR,3M,CP-003,TS-004,,AED,2200000.00,77.4385,170364700.00,2025-04-14,2025-04-14,Settled,TS-004,2025-01-13 16:01:38,N,,
TD-2025-0062,2025-01-13,16:18:20,FX_SPOT,USD/PKR,SPOT,CP-008,TS-010,,USD,200000.00,278.8709,55774180.00,2025-01-15,2025-01-15,Settled,TS-010,2025-01-13 16:24:19,N,,
TD-2025-0063,2025-01-14,10:43:51,FX_FORWARD,USD/PKR,1M,CP-006,TS-003,,USD,300000.00,280.3916,84117480.00,2025-02-13,2025-02-13,Settled,TS-003,2025-01-14 10:47:30,N,,
TD-2025-0064,2025-01-14,12:51:51,FX_SPOT,EUR/PKR,SPOT,CP-006,TS-004,BR-002,EUR,225000.00,289.7215,65187338.00,2025-01-16,2025-01-16,Settled,TS-004,2025-01-14 13:01:08,N,,
TD-2025-0065,2025-01-14,14:00:08,FX_SPOT,USD/PKR,SPOT,CP-006,TS-004,,USD,200000.00,278.5633,55712660.00,2025-01-16,2025-01-16,Settled,TS-004,2025-01-14 14:09:50,N,,
TD-2025-0066,2025-01-14,15:40:40,MM_PLACEMENT,PKR_MM,2M,CP-007,TS-006,BR-001,PKR,472000000.00,12.5856,472000000.00,2025-01-14,2025-03-17,Settled,TS-006,2025-01-14 15:45:48,N,,
TD-2025-0067,2025-01-14,15:50:59,MM_BORROWING,PKR_MM,1W,CP-009,TS-007,,PKR,271000000.00,12.3059,271000000.00,2025-01-15,2025-01-22,Settled,TS-007,2025-01-14 16:00:07,N,,
TD-2025-0068,2025-01-15,09:03:27,FX_FORWARD,USD/PKR,1M,CP-006,TS-004,,USD,800000.00,281.0194,224815520.00,2025-02-14,2025-02-14,Settled,TS-004,2025-01-15 09:11:34,N,,
TD-2025-0069,2025-01-15,11:33:17,FX_FORWARD,GBP/PKR,2M,CP-002,TS-004,,GBP,150000.00,354.1433,53121495.00,2025-03-17,2025-03-17,Settled,TS-004,2025-01-15 11:41:41,N,,
TD-2025-0070,2025-01-15,13:21:35,TBILL_PURCHASE,PKR_TBILL,12M,CP-010,TS-009,,PKR,264000000.00,12.8720,264000000.00,2025-01-16,2026-01-15,Settled,TS-009,2025-01-15 13:24:24,N,,
TD-2025-0071,2025-01-15,14:21:06,FX_SPOT,EUR/PKR,SPOT,CP-002,TS-005,BR-002,EUR,275000.00,290.3953,79858708.00,2025-01-17,2025-01-17,Settled,TS-005,2025-01-15 14:25:25,N,,
TD-2025-0072,2025-01-16,09:59:57,FX_FORWARD,GBP/PKR,2M,CP-002,TS-004,,GBP,225000.00,353.2230,79475175.00,2025-03-17,2025-03-17,Cancelled,TS-004,2025-01-16 10:04:00,Y,2025-01-17,TS-014
TD-2025-0073,2025-01-16,10:41:58,MM_PLACEMENT,PKR_MM,1M,CP-004,TS-006,BR-001,PKR,142000000.00,12.4634,142000000.00,2025-01-16,2025-02-17,Cancelled,TS-006,2025-01-16 10:44:16,Y,2025-01-17,TS-018
TD-2025-0074,2025-01-16,11:19:00,FX_SPOT,USD/PKR,SPOT,CP-006,TS-005,,USD,250000.00,278.8480,69712000.00,2025-01-20,2025-01-20,Cancelled,TS-005,2025-01-16 11:24:26,Y,2025-01-17,TS-014
TD-2025-0075,2025-01-16,12:59:14,MM_PLACEMENT,PKR_MM,2W,CP-006,TS-007,,PKR,83000000.00,12.3370,83000000.00,2025-01-16,2025-01-30,Cancelled,TS-007,2025-01-16 13:03:16,Y,2025-01-17,TS-018
TD-2025-0076,2025-01-16,14:14:08,FX_FORWARD,EUR/PKR,2M,CP-007,TS-010,,EUR,150000.00,295.2209,44283135.00,2025-03-17,2025-03-17,Cancelled,TS-010,2025-01-16 14:17:44,Y,2025-01-17,TS-018
TD-2025-0077,2025-01-16,14:52:29,FX_SPOT,GBP/PKR,SPOT,CP-002,TS-004,,GBP,275000.00,348.5279,95845172.00,2025-01-20,2025-01-20,Cancelled,TS-004,2025-01-16 14:57:13,Y,2025-01-17,TS-014
TD-2025-0078,2025-01-16,15:59:18,FX_FORWARD,EUR/PKR,3M,CP-007,TS-003,,EUR,975000.00,297.5500,290111250.00,2025-04-16,2025-04-16,Settled,TS-003,2025-01-16 16:08:35,N,,
TD-2025-0079,2025-01-17,11:49:41,MM_BORROWING,PKR_MM,1M,CP-003,TS-007,,PKR,221000000.00,12.4596,221000000.00,2025-01-20,2025-02-19,Settled,TS-007,2025-01-17 11:55:41,N,,
TD-2025-0080,2025-01-17,12:21:12,FX_SPOT,USD/PKR,SPOT,CP-005,TS-004,BR-002,USD,200000.00,279.2068,55841360.00,2025-01-21,2025-01-21,Settled,TS-004,2025-01-17 12:24:57,N,,
TD-2025-0081,2025-01-17,12:22:43,MM_BORROWING,PKR_MM,1W,CP-008,TS-006,,PKR,339000000.00,12.2360,339000000.00,2025-01-20,2025-01-27,Settled,TS-006,2025-01-17 12:30:04,N,,
TD-2025-0082,2025-01-17,14:41:13,FX_SPOT,USD/PKR,SPOT,CP-002,TS-004,,USD,600000.00,279.1849,167510940.00,2025-01-21,2025-01-21,Settled,TS-004,2025-01-17 14:42:22,N,,
TD-2025-0083,2025-01-17,15:05:21,FX_SPOT,USD/PKR,SPOT,CP-004,TS-004,,USD,200000.00,279.2027,55840540.00,2025-01-21,2025-01-21,Settled,TS-004,2025-01-17 15:13:50,N,,
TD-2025-0084,2025-01-17,15:23:55,FX_SPOT,GBP/PKR,SPOT,CP-006,TS-003,BR-002,GBP,350000.00,348.9440,122130400.00,2025-01-21,2025-01-21,Settled,TS-003,2025-01-17 15:32:54,N,,
TD-2025-0085,2025-01-17,15:33:56,MM_PLACEMENT,PKR_MM,2W,CP-001,TS-008,,PKR,118000000.00,12.2964,118000000.00,2025-01-17,2025-01-31,Settled,TS-008,2025-01-17 15:36:16,N,,
TD-2025-0086,2025-01-20,09:39:25,MM_BORROWING,PKR_MM,1W,CP-002,TS-006,,PKR,398000000.00,12.2605,398000000.00,2025-01-21,2025-01-28,Settled,TS-006,2025-01-20 09:47:47,N,,
TD-2025-0087,2025-01-20,11:00:37,MM_BORROWING,PKR_MM,3M,CP-009,TS-006,BR-001,PKR,209000000.00,12.6142,209000000.00,2025-01-21,2025-04-21,Settled,TS-006,2025-01-20 11:10:22,N,,
TD-2025-0088,2025-01-20,11:03:29,FX_SPOT,USD/PKR,SPOT,CP-002,TS-005,,USD,200000.00,278.6433,55728660.00,2025-01-22,2025-01-22,Settled,TS-005,2025-01-20 11:12:35,N,,
TD-2025-0089,2025-01-20,14:03:17,FX_SPOT,USD/PKR,SPOT,CP-009,TS-004,BR-003,USD,300000.00,278.6518,83595540.00,2025-01-22,2025-01-22,Settled,TS-004,2025-01-20 14:09:59,N,,
TD-2025-0090,2025-01-20,14:55:45,FX_FORWARD,USD/PKR,2M,CP-003,TS-004,BR-003,USD,550000.00,282.3051,155267805.00,2025-03-21,2025-03-21,Settled,TS-004,2025-01-20 15:02:23,N,,
TD-2025-0091,2025-01-20,15:32:22,FX_SPOT,USD/PKR,SPOT,CP-006,TS-003,,USD,200000.00,278.6789,55735780.00,2025-01-22,2025-01-22,Settled,TS-003,2025-01-20 15:34:23,N,,
TD-2025-0092,2025-01-20,15:51:47,FX_FORWARD,USD/PKR,2M,CP-006,TS-003,BR-002,USD,450000.00,282.3546,127059570.00,2025-03-21,2025-03-21,Settled,TS-003,2025-01-20 15:57:24,N,,
TD-2025-0093,2025-01-20,16:52:34,MM_PLACEMENT,PKR_MM,1M,CP-006,TS-008,BR-002,PKR,89000000.00,12.4635,89000000.00,2025-01-20,2025-02-19,Settled,TS-008,2025-01-20 16:58:42,N,,
TD-2025-0094,2025-01-21,10:08:45,FX_SPOT,USD/PKR,SPOT,CP-005,TS-005,BR-003,USD,250000.00,279.1552,69788800.00,2025-01-23,2025-01-23,Settled,TS-005,2025-01-21 10:14:30,N,,
TD-2025-0095,2025-01-21,10:54:10,FX_SPOT,USD/PKR,SPOT,CP-003,TS-005,,USD,300000.00,282.0503,84615090.00,2025-01-23,2025-01-23,Settled,TS-005,2025-01-21 10:55:11,N,,
TD-2025-0096,2025-01-21,11:54:04,FX_SPOT,AED/PKR,SPOT,CP-003,TS-005,,AED,600000.00,76.6841,46010460.00,2025-01-23,2025-01-23,Settled,TS-005,2025-01-21 12:01:45,N,,
TD-2025-0097,2025-01-21,13:27:50,MM_BORROWING,PKR_MM,3M,CP-005,TS-008,,PKR,69000000.00,12.6095,69000000.00,2025-01-22,2025-04-22,Settled,TS-008,2025-01-21 13:33:51,N,,
TD-2025-0098,2025-01-21,14:02:39,FX_SPOT,EUR/PKR,SPOT,CP-001,TS-004,BR-003,EUR,425000.00,290.5691,123491868.00,2025-01-23,2025-01-23,Settled,TS-004,2025-01-21 14:08:12,N,,
TD-2025-0099,2025-01-21,14:14:00,FX_FORWARD,USD/PKR,3M,CP-006,TS-003,,USD,800000.00,284.6446,227715680.00,2025-04-21,2025-04-21,Settled,TS-003,2025-01-21 14:16:44,N,,
TD-2025-0100,2025-01-21,14:27:35,FX_SPOT,EUR/PKR,SPOT,CP-004,TS-010,,EUR,150000.00,290.5760,43586400.00,2025-01-23,2025-01-23,Settled,TS-010,2025-01-21 14:34:33,N,,
TD-2025-0101,2025-01-21,15:26:36,TBILL_PURCHASE,PKR_TBILL,3M,CP-010,TS-009,,PKR,245000000.00,12.5453,245000000.00,2025-01-22,2025-04-23,Settled,TS-009,2025-01-21 15:31:23,N,,
TD-2025-0102,2025-01-22,09:28:42,FX_SPOT,USD/PKR,SPOT,CP-006,TS-005,BR-002,USD,200000.00,279.2701,55854020.00,2025-01-24,2025-01-24,Settled,TS-005,2025-01-22 09:37:42,N,,
TD-2025-0103,2025-01-22,11:49:15,FX_SPOT,USD/PKR,SPOT,CP-001,TS-005,,USD,300000.00,279.2429,83772870.00,2025-01-24,2025-01-24,Settled,TS-005,2025-01-22 11:52:33,N,,
TD-2025-0104,2025-01-22,12:24:50,FX_FORWARD,EUR/PKR,1M,CP-006,TS-003,,EUR,900000.00,293.5229,264170610.00,2025-02-21,2025-02-21,Settled,TS-003,2025-01-22 12:26:52,N,,
TD-2025-0105,2025-01-22,12:29:35,FX_SPOT,USD/PKR,SPOT,CP-004,TS-005,,USD,250000.00,279.2255,69806375.00,2025-01-24,2025-01-24,Settled,TS-005,2025-01-22 12:34:13,N,,
TD-2025-0106,2025-01-22,12:30:37,FX_SPOT,USD/PKR,SPOT,CP-005,TS-003,,USD,300000.00,279.2091,83762730.00,2025-01-24,2025-01-24,Settled,TS-003,2025-01-22 12:37:30,N,,
TD-2025-0107,2025-01-22,15:23:16,FX_SPOT,USD/PKR,SPOT,CP-001,TS-004,,USD,550000.00,279.2408,153582440.00,2025-01-24,2025-01-24,Settled,TS-004,2025-01-22 15:27:44,N,,
TD-2025-0108,2025-01-22,15:54:26,FX_SPOT,AED/PKR,SPOT,CP-003,TS-005,,AED,600000.00,75.9067,45544020.00,2025-01-24,2025-01-24,Settled,TS-005,2025-01-22 15:56:58,N,,
TD-2025-0109,2025-01-22,15:55:42,FX_SPOT,USD/PKR,SPOT,CP-007,TS-010,,USD,150000.00,279.2697,41890455.00,2025-01-24,2025-01-24,Settled,TS-010,2025-01-22 16:04:52,N,,
TD-2025-0110,2025-01-22,16:01:11,FX_FORWARD,USD/PKR,2M,CP-002,TS-003,,USD,500000.00,282.8595,141429750.00,2025-03-24,2025-03-24,Settled,TS-003,2025-01-22 16:04:03,N,,
TD-2025-0111,2025-01-23,09:32:25,FX_SPOT,USD/PKR,SPOT,CP-004,TS-005,,USD,150000.00,278.9983,41849745.00,2025-01-27,2025-01-27,Settled,TS-005,2025-01-23 09:39:23,N,,
TD-2025-0112,2025-01-23,12:07:22,FX_SPOT,USD/PKR,SPOT,CP-002,TS-004,BR-003,USD,550000.00,279.0290,153465950.00,2025-01-27,2025-01-27,Settled,TS-004,2025-01-23 12:15:48,N,,
TD-2025-0113,2025-01-23,13:36:15,MM_PLACEMENT,PKR_MM,2W,CP-003,TS-006,,PKR,67000000.00,12.2114,67000000.00,2025-01-23,2025-02-06,Settled,TS-006,2025-01-23 13:45:36,N,,
TD-2025-0114,2025-01-23,13:38:03,MM_BORROWING,PKR_MM,2M,CP-006,TS-006,,PKR,66000000.00,12.4919,66000000.00,2025-01-23,2025-03-24,Settled,TS-006,2025-01-23 13:46:22,N,,
TD-2025-0115,2025-01-23,14:47:23,MM_BORROWING,PKR_MM,1M,CP-002,TS-006,BR-001,PKR,146000000.00,12.3629,146000000.00,2025-01-24,2025-02-24,Settled,TS-006,2025-01-23 14:49:12,N,,
TD-2025-0116,2025-01-23,14:49:18,FX_SPOT,USD/PKR,SPOT,CP-004,TS-003,,USD,700000.00,278.9821,195287470.00,2025-01-27,2025-01-27,Settled,TS-003,2025-01-23 14:56:44,N,,
TD-2025-0117,2025-01-23,14:53:42,FX_SPOT,USD/PKR,SPOT,CP-004,TS-010,,USD,100000.00,279.0371,27903710.00,2025-01-27,2025-01-27,Settled,TS-010,2025-01-23 15:02:35,N,,
TD-2025-0118,2025-01-23,15:11:58,FX_FORWARD,EUR/PKR,1M,CP-004,TS-003,,EUR,425000.00,293.7955,124863088.00,2025-02-24,2025-02-24,Settled,TS-003,2025-01-23 15:16:46,N,,
TD-2025-0119,2025-01-23,15:16:01,FX_SPOT,USD/PKR,SPOT,CP-003,TS-004,,USD,300000.00,278.9690,83690700.00,2025-01-27,2025-01-27,Settled,TS-004,2025-01-23 15:19:03,N,,
TD-2025-0120,2025-01-24,09:08:54,FX_SPOT,USD/PKR,SPOT,CP-006,TS-005,,USD,200000.00,278.8414,55768280.00,2025-01-28,2025-01-28,Settled,TS-005,2025-01-24 09:16:11,N,,
TD-2025-0121,2025-01-24,09:36:16,MM_PLACEMENT,PKR_MM,1W,CP-005,TS-006,BR-001,PKR,174000000.00,12.1088,174000000.00,2025-01-27,2025-02-03,Settled,TS-006,2025-01-24 09:39:08,N,,
TD-2025-0122,2025-01-24,10:29:39,FX_SPOT,USD/PKR,SPOT,CP-006,TS-003,,USD,250000.00,278.7939,69698475.00,2025-01-28,2025-01-28,Settled,TS-003,2025-01-24 10:37:34,N,,
TD-2025-0123,2025-01-24,10:30:11,FX_SPOT,USD/PKR,SPOT,CP-004,TS-005,,USD,200000.00,278.7836,55756720.00,2025-01-28,2025-01-28,Settled,TS-005,2025-01-24 10:31:40,N,,
TD-2025-0124,2025-01-24,11:44:23,MM_BORROWING,PKR_MM,1W,CP-004,TS-006,,PKR,223000000.00,12.0980,223000000.00,2025-01-27,2025-02-03,Settled,TS-006,2025-01-24 11:52:00,N,,
TD-2025-0125,2025-01-24,11:55:13,FX_SPOT,USD/PKR,SPOT,CP-006,TS-004,,USD,700000.00,278.7809,195146630.00,2025-01-28,2025-01-28,Settled,TS-004,2025-01-24 12:01:18,N,,
TD-2025-0126,2025-01-24,14:19:28,FX_SPOT,AED/PKR,SPOT,CP-002,TS-003,,AED,2600000.00,75.9619,197500940.00,2025-01-28,2025-01-28,Settled,TS-003,2025-01-24 14:22:13,N,,
TD-2025-0127,2025-01-24,14:26:34,TBILL_PURCHASE,PKR_TBILL,3M,CP-010,TS-009,,PKR,451000000.00,12.4209,451000000.00,2025-01-27,2025-04-28,Settled,TS-009,2025-01-24 14:35:30,N,,
TD-2025-0128,2025-01-27,10:35:26,FX_SPOT,EUR/PKR,SPOT,CP-002,TS-003,,EUR,275000.00,292.2099,80357722.00,2025-01-29,2025-01-29,Settled,TS-003,2025-01-27 10:39:34,N,,
TD-2025-0129,2025-01-27,11:14:37,FX_SPOT,EUR/PKR,SPOT,CP-001,TS-010,,EUR,125000.00,292.2395,36529938.00,2025-01-29,2025-01-29,Settled,TS-010,2025-01-27 11:17:07,N,,
TD-2025-0130,2025-01-27,11:46:18,FX_FORWARD,GBP/PKR,1M,CP-006,TS-004,,GBP,625000.00,351.5427,219714188.00,2025-02-26,2025-02-26,Settled,TS-004,2025-01-27 11:52:19,N,,
TD-2025-0131,2025-01-27,14:07:31,FX_FORWARD,USD/PKR,1M,CP-009,TS-003,,USD,600000.00,280.8013,168480780.00,2025-02-26,2025-02-26,Settled,TS-003,2025-01-27 14:13:51,N,,
TD-2025-0132,2025-01-27,14:46:59,FX_FORWARD,EUR/PKR,1M,CP-004,TS-010,,EUR,150000.00,294.4957,44174355.00,2025-02-26,2025-02-26,Settled,TS-010,2025-01-27 14:53:54,N,,
TD-2025-0133,2025-01-27,14:57:22,FX_SPOT,USD/PKR,SPOT,CP-003,TS-004,,USD,300000.00,278.9367,83681010.00,2025-01-29,2025-01-29,Settled,TS-004,2025-01-27 15:00:18,N,,
TD-2025-0134,2025-01-27,15:02:27,FX_SPOT,GBP/PKR,SPOT,CP-004,TS-003,,GBP,650000.00,349.1665,226958225.00,2025-01-29,2025-01-29,Settled,TS-003,2025-01-27 15:06:30,N,,
TD-2025-0135,2025-01-27,16:43:10,FX_FORWARD,AED/PKR,2M,CP-004,TS-003,BR-003,AED,1300000.00,76.9769,100069970.00,2025-03-28,2025-03-28,Settled,TS-003,2025-01-27 16:52:12,N,,
TD-2025-0136,2025-01-28,09:15:58,FX_FORWARD,USD/PKR,1M,CP-008,TS-003,,USD,550000.00,280.9087,154499785.00,2025-02-27,2025-02-27,Settled,TS-003,2025-01-28 09:19:51,N,,
TD-2025-0137,2025-01-28,09:59:56,MM_PLACEMENT,PKR_MM,2W,CP-002,TS-006,,PKR,73000000.00,12.2309,73000000.00,2025-01-29,2025-02-12,Settled,TS-006,2025-01-28 10:01:32,N,,
TD-2025-0138,2025-01-28,10:10:23,MM_PLACEMENT,PKR_MM,3M,CP-006,TS-007,BR-001,PKR,340000000.00,12.5446,340000000.00,2025-01-28,2025-04-28,Settled,TS-007,2025-01-28 10:17:29,N,,
TD-2025-0139,2025-01-28,11:31:14,MM_BORROWING,PKR_MM,1W,CP-004,TS-007,,PKR,147000000.00,12.1724,147000000.00,2025-01-29,2025-02-06,Settled,TS-007,2025-01-28 11:40:47,N,,
TD-2025-0140,2025-01-28,11:58:48,FX_FORWARD,USD/PKR,1M,CP-001,TS-003,,USD,450000.00,280.9112,126410040.00,2025-02-27,2025-02-27,Settled,TS-003,2025-01-28 12:06:37,N,,
TD-2025-0141,2025-01-28,15:05:39,MM_BORROWING,PKR_MM,2W,CP-001,TS-008,BR-002,PKR,63000000.00,12.2187,63000000.00,2025-01-28,2025-02-11,Settled,TS-008,2025-01-28 15:14:22,N,,
TD-2025-0142,2025-01-29,10:37:25,MM_PLACEMENT,PKR_MM,3M,CP-002,TS-008,,PKR,75000000.00,12.5090,75000000.00,2025-01-30,2025-04-30,Settled,TS-008,2025-01-29 10:44:56,N,,
TD-2025-0143,2025-01-29,10:51:15,FX_FORWARD,GBP/PKR,2M,CP-003,TS-003,,GBP,525000.00,355.5970,186688425.00,2025-04-03,2025-04-03,Settled,TS-003,2025-01-29 11:01:10,N,,
TD-2025-0144,2025-01-29,10:58:50,MM_BORROWING,PKR_MM,2W,CP-004,TS-007,BR-001,PKR,274000000.00,12.1979,274000000.00,2025-01-29,2025-02-12,Settled,TS-007,2025-01-29 11:02:30,N,,
TD-2025-0145,2025-01-29,11:04:06,FX_FORWARD,EUR/PKR,2M,CP-006,TS-010,,EUR,125000.00,295.8138,36976725.00,2025-04-03,2025-04-03,Settled,TS-010,2025-01-29 11:12:41,N,,
TD-2025-0146,2025-01-29,11:06:33,FX_SPOT,USD/PKR,SPOT,CP-006,TS-004,,USD,800000.00,279.1527,223322160.00,2025-01-31,2025-01-31,Settled,TS-004,2025-01-29 11:14:56,N,,
TD-2025-0147,2025-01-29,14:36:22,FX_FORWARD,GBP/PKR,1M,CP-002,TS-004,BR-002,GBP,200000.00,353.2588,70651760.00,2025-02-28,2025-02-28,Settled,TS-004,2025-01-29 14:45:20,N,,
TD-2025-0148,2025-01-29,15:26:22,MM_PLACEMENT,PKR_MM,2W,CP-001,TS-006,,PKR,326000000.00,12.1948,326000000.00,2025-01-29,2025-02-12,Settled,TS-006,2025-01-29 15:33:56,N,,
TD-2025-0149,2025-01-29,15:54:29,FX_SPOT,USD/PKR,SPOT,CP-001,TS-004,,USD,400000.00,279.0856,111634240.00,2025-01-31,2025-01-31,Settled,TS-004,2025-01-29 15:59:51,N,,
TD-2025-0150,2025-01-29,16:30:58,FX_SPOT,USD/PKR,SPOT,CP-006,TS-005,BR-002,USD,200000.00,279.1146,55822920.00,2025-01-31,2025-01-31,Settled,TS-005,2025-01-29 16:39:43,N,,
TD-2025-0151,2025-01-30,09:18:10,MM_PLACEMENT,PKR_MM,1M,CP-001,TS-006,BR-001,PKR,62000000.00,12.3066,62000000.00,2025-01-30,2025-03-03,Settled,TS-006,2025-01-30 09:26:05,N,,
TD-2025-0152,2025-01-30,10:40:01,FX_FORWARD,EUR/PKR,1M,CP-004,TS-004,,EUR,625000.00,293.4632,183414500.00,2025-03-03,2025-03-03,Settled,TS-004,2025-01-30 10:48:28,N,,
TD-2025-0153,2025-01-30,11:43:20,FX_SPOT,USD/PKR,SPOT,CP-001,TS-005,,USD,250000.00,279.0448,69761200.00,2025-02-03,2025-02-03,Settled,TS-005,2025-01-30 11:52:41,N,,
TD-2025-0154,2025-01-30,11:58:08,TBILL_PURCHASE,PKR_TBILL,6M,CP-010,TS-006,,PKR,375000000.00,12.5692,375000000.00,2025-01-31,2025-08-01,Settled,TS-006,2025-01-30 12:03:25,N,,
TD-2025-0155,2025-01-30,13:20:00,FX_FORWARD,USD/PKR,1M,CP-003,TS-010,BR-002,USD,150000.00,280.8295,42124425.00,2025-03-03,2025-03-03,Settled,TS-010,2025-01-30 13:21:08,N,,
TD-2025-0156,2025-01-30,13:36:14,TBILL_PURCHASE,PKR_TBILL,3M,CP-010,TS-009,,PKR,440000000.00,12.4152,440000000.00,2025-01-31,2025-05-02,Settled,TS-009,2025-01-30 13:45:14,N,,
TD-2025-0157,2025-01-30,14:15:10,FX_SPOT,USD/PKR,SPOT,CP-006,TS-004,BR-002,USD,800000.00,279.0821,223265680.00,2025-02-03,2025-02-03,Settled,TS-004,2025-01-30 14:23:41,N,,
TD-2025-0158,2025-01-30,15:20:36,FX_SPOT,EUR/PKR,SPOT,CP-003,TS-005,,EUR,125000.00,291.1909,36398862.00,2025-02-03,2025-02-03,Settled,TS-005,2025-01-30 15:27:38,N,,
TD-2025-0159,2025-01-31,10:16:35,MM_BORROWING,PKR_MM,3M,CP-004,TS-006,,PKR,548000000.00,12.4468,548000000.00,2025-01-31,2025-05-02,Settled,TS-006,2025-01-31 10:24:30,N,,
TD-2025-0160,2025-01-31,10:38:31,FX_FORWARD,AED/PKR,2M,CP-002,TS-004,,AED,1600000.00,76.9827,123172320.00,2025-04-03,2025-04-03,Settled,TS-004,2025-01-31 10:47:43,N,,
TD-2025-0161,2025-01-31,11:47:16,FX_FORWARD,USD/PKR,3M,CP-005,TS-004,,USD,400000.00,284.6592,113863680.00,2025-05-02,2025-05-02,Settled,TS-004,2025-01-31 11:49:31,N,,
TD-2025-0162,2025-01-31,11:56:54,MM_BORROWING,PKR_MM,1W,CP-001,TS-008,BR-002,PKR,71000000.00,12.0406,71000000.00,2025-02-03,2025-02-10,Settled,TS-008,2025-01-31 12:03:40,N,,
TD-2025-0163,2025-01-31,15:12:01,FX_FORWARD,USD/PKR,3M,CP-005,TS-003,,USD,1100000.00,284.6454,313109940.00,2025-05-02,2025-05-02,Settled,TS-003,2025-01-31 15:21:34,N,,
TD-2025-0164,2025-01-31,16:49:37,FX_SPOT,USD/PKR,SPOT,CP-003,TS-004,,USD,600000.00,279.2877,167572620.00,2025-02-04,2025-02-04,Settled,TS-004,2025-01-31 16:54:45,N,,
TD-2025-0165,2025-02-03,09:43:03,FX_SPOT,USD/PKR,SPOT,CP-005,TS-004,,USD,800000.00,279.4645,223571600.00,2025-02-06,2025-02-06,Settled,TS-004,2025-02-03 09:50:25,N,,
TD-2025-0166,2025-02-03,11:04:44,FX_SPOT,USD/PKR,SPOT,CP-008,TS-003,,USD,900000.00,279.5132,251561880.00,2025-02-06,2025-02-06,Settled,TS-003,2025-02-03 11:12:05,N,,
TD-2025-0167,2025-02-03,11:23:43,MM_BORROWING,PKR_MM,2M,CP-004,TS-006,BR-001,PKR,374000000.00,12.3678,374000000.00,2025-02-04,2025-04-07,Settled,TS-006,2025-02-03 11:33:18,N,,
TD-2025-0168,2025-02-03,12:40:58,MM_PLACEMENT,PKR_MM,2M,CP-005,TS-007,,PKR,115000000.00,12.3628,115000000.00,2025-02-04,2025-04-07,Settled,TS-007,2025-02-03 12:50:25,N,,
TD-2025-0169,2025-02-03,15:34:20,MM_PLACEMENT,PKR_MM,2M,CP-009,TS-006,BR-002,PKR,267000000.00,12.3598,267000000.00,2025-02-04,2025-04-07,Settled,TS-006,2025-02-03 15:39:50,N,,
TD-2025-0170,2025-02-04,10:36:55,MM_PLACEMENT,PKR_MM,1M,CP-004,TS-008,BR-001,PKR,110000000.00,12.2452,110000000.00,2025-02-06,2025-03-10,Settled,TS-008,2025-02-04 10:39:33,N,,
TD-2025-0171,2025-02-04,10:47:03,FX_SPOT,EUR/PKR,SPOT,CP-005,TS-005,BR-002,EUR,475000.00,293.2109,139275177.50,2025-02-07,2025-02-07,Settled,TS-005,2025-02-04 10:54:07,N,,
TD-2025-0172,2025-02-04,12:13:52,FX_FORWARD,USD/PKR,2M,CP-006,TS-010,,USD,150000.00,282.6470,42397050.00,2025-04-07,2025-04-07,Settled,TS-010,2025-02-04 12:18:30,N,,
TD-2025-0173,2025-02-04,13:35:27,FX_SPOT,GBP/PKR,SPOT,CP-001,TS-004,BR-003,GBP,250000.00,350.8643,87716075.00,2025-02-07,2025-02-07,Settled,TS-004,2025-02-04 13:37:00,N,,
TD-2025-0174,2025-02-04,13:41:42,FX_SPOT,GBP/PKR,SPOT,CP-003,TS-010,,GBP,100000.00,350.9088,35090880.00,2025-02-07,2025-02-07,Settled,TS-010,2025-02-04 13:48:55,N,,
TD-2025-0175,2025-02-04,14:16:38,FX_SPOT,EUR/PKR,SPOT,CP-009,TS-004,BR-002,EUR,450000.00,293.1480,131916600.00,2025-02-07,2025-02-07,Settled,TS-004,2025-02-04 14:21:19,N,,
TD-2025-0176,2025-02-04,15:13:02,FX_SPOT,USD/PKR,SPOT,CP-006,TS-003,BR-003,USD,700000.00,279.0751,195352570.00,2025-02-07,2025-02-07,Settled,TS-003,2025-02-04 15:17:55,N,,
TD-2025-0177,2025-02-06,10:01:15,FX_SPOT,AED/PKR,SPOT,CP-002,TS-003,BR-002,AED,400000.00,76.1738,30469520.00,2025-02-10,2025-02-10,Settled,TS-003,2025-02-06 10:04:35,N,,
TD-2025-0178,2025-02-06,11:18:32,FX_SPOT,USD/PKR,SPOT,CP-005,TS-010,,USD,200000.00,279.6278,55925560.00,2025-02-10,2025-02-10,Settled,TS-010,2025-02-06 11:20:48,N,,
TD-2025-0179,2025-02-06,11:41:42,TBILL_PURCHASE,PKR_TBILL,3M,CP-010,TS-009,,PKR,207000000.00,12.3156,207000000.00,2025-02-07,2025-05-09,Settled,TS-009,2025-02-06 11:51:10,N,,
TD-2025-0180,2025-02-06,12:57:53,FX_SPOT,GBP/PKR,SPOT,CP-006,TS-005,,GBP,250000.00,350.1661,87541525.00,2025-02-10,2025-02-10,Settled,TS-005,2025-02-06 13:01:38,N,,
TD-2025-0181,2025-02-06,15:23:41,FX_SPOT,EUR/PKR,SPOT,CP-001,TS-005,,EUR,150000.00,293.3039,43995585.00,2025-02-10,2025-02-10,Settled,TS-005,2025-02-06 15:31:11,N,,
TD-2025-0182,2025-02-06,15:41:50,MM_PLACEMENT,PKR_MM,3M,CP-001,TS-007,BR-002,PKR,330000000.00,12.3958,330000000.00,2025-02-06,2025-05-07,Settled,TS-007,2025-02-06 15:47:05,N,,
TD-2025-0183,2025-02-06,16:45:18,FX_SPOT,USD/PKR,SPOT,CP-006,TS-005,,USD,300000.00,279.6192,83885760.00,2025-02-10,2025-02-10,Settled,TS-005,2025-02-06 16:54:10,N,,
TD-2025-0184,2025-02-07,09:50:11,FX_SPOT,USD/PKR,SPOT,CP-004,TS-003,,USD,150000.00,279.4998,41924970.00,2025-02-11,2025-02-11,Settled,TS-003,2025-02-07 09:53:18,N,,
TD-2025-0185,2025-02-07,10:11:02,FX_SPOT,USD/PKR,SPOT,CP-001,TS-010,,USD,100000.00,279.4685,27946850.00,2025-02-11,2025-02-11,Settled,TS-010,2025-02-07 10:18:04,N,,
TD-2025-0186,2025-02-07,10:24:33,FX_FORWARD,AED/PKR,1M,CP-003,TS-003,,AED,2100000.00,76.5409,160735890.00,2025-03-10,2025-03-10,Settled,TS-003,2025-02-07 10:32:29,N,,
TD-2025-0187,2025-02-07,10:46:19,MM_PLACEMENT,PKR_MM,2W,CP-001,TS-007,,PKR,357000000.00,12.1267,357000000.00,2025-02-10,2025-02-24,Settled,TS-007,2025-02-07 10:48:49,N,,
TD-2025-0188,2025-02-07,11:09:10,MM_PLACEMENT,PKR_MM,1M,CP-004,TS-007,BR-002,PKR,169000000.00,12.2632,169000000.00,2025-02-10,2025-03-12,Settled,TS-007,2025-02-07 11:14:57,N,,
TD-2025-0189,2025-02-07,11:10:49,FX_FORWARD,USD/PKR,2M,CP-007,TS-003,BR-003,USD,850000.00,283.0325,240577625.00,2025-04-08,2025-04-08,Settled,TS-003,2025-02-07 11:16:20,N,,
TD-2025-0190,2025-02-07,11:41:01,FX_SPOT,USD/PKR,SPOT,CP-004,TS-005,,USD,250000.00,279.4805,69870125.00,2025-02-11,2025-02-11,Settled,TS-005,2025-02-07 11:47:54,N,,
TD-2025-0191,2025-02-07,12:04:28,FX_SPOT,USD/PKR,SPOT,CP-001,TS-004,,USD,450000.00,279.5030,125776350.00,2025-02-11,2025-02-11,Settled,TS-004,2025-02-07 12:05:35,N,,
TD-2025-0192,2025-02-07,12:19:32,MM_PLACEMENT,PKR_MM,1W,CP-005,TS-008,,PKR,61000000.00,12.0346,61000000.00,2025-02-10,2025-02-17,Settled,TS-008,2025-02-07 12:26:00,N,,
TD-2025-0193,2025-02-07,12:42:52,FX_SPOT,GBP/PKR,SPOT,CP-004,TS-004,,GBP,500000.00,350.6771,175338550.00,2025-02-11,2025-02-11,Settled,TS-004,2025-02-07 12:48:47,N,,
TD-2025-0194,2025-02-07,14:41:41,FX_FORWARD,EUR/PKR,1M,CP-002,TS-003,,EUR,875000.00,294.1560,257386500.00,2025-03-10,2025-03-10,Settled,TS-003,2025-02-07 14:50:19,N,,
TD-2025-0195,2025-02-07,15:03:27,FX_SPOT,GBP/PKR,SPOT,CP-002,TS-004,,GBP,250000.00,350.6934,87673350.00,2025-02-11,2025-02-11,Settled,TS-004,2025-02-07 15:12:32,N,,
TD-2025-0196,2025-02-10,09:18:34,FX_SPOT,EUR/PKR,SPOT,CP-005,TS-010,,EUR,175000.00,291.9719,51095082.00,2025-02-12,2025-02-12,Settled,TS-010,2025-02-10 09:28:02,N,,
TD-2025-0197,2025-02-10,10:12:02,FX_FORWARD,USD/PKR,1M,CP-001,TS-010,,USD,200000.00,281.0809,56216180.00,2025-03-12,2025-03-12,Settled,TS-010,2025-02-10 10:21:09,N,,
TD-2025-0198,2025-02-10,12:03:29,FX_FORWARD,EUR/PKR,3M,CP-009,TS-003,,EUR,550000.00,298.7263,164299465.00,2025-05-12,2025-05-12,Settled,TS-003,2025-02-10 12:11:37,N,,
TD-2025-0199,2025-02-10,12:06:35,FX_SPOT,EUR/PKR,SPOT,CP-002,TS-005,,EUR,250000.00,291.9493,72987325.00,2025-02-12,2025-02-12,Settled,TS-005,2025-02-10 12:07:58,N,,
TD-2025-0200,2025-02-10,12:52:14,MM_PLACEMENT,PKR_MM,3M,CP-003,TS-006,,PKR,125000000.00,12.4411,125000000.00,2025-02-10,2025-05-12,Settled,TS-006,2025-02-10 12:59:27,N,,
TD-2025-0201,2025-02-10,15:08:11,FX_SPOT,USD/PKR,SPOT,CP-002,TS-005,,USD,250000.00,279.2799,69819975.00,2025-02-12,2025-02-12,Settled,TS-005,2025-02-10 15:13:20,N,,
TD-2025-0202,2025-02-10,15:58:01,FX_SPOT,USD/PKR,SPOT,CP-004,TS-004,,USD,350000.00,279.2796,97747860.00,2025-02-12,2025-02-12,Settled,TS-004,2025-02-10 16:04:24,N,,
TD-2025-0203,2025-02-10,15:59:03,MM_BORROWING,PKR_MM,2M,CP-009,TS-006,BR-002,PKR,145000000.00,12.3659,145000000.00,2025-02-11,2025-04-14,Settled,TS-006,2025-02-10 16:01:35,N,,
TD-2025-0204,2025-02-11,10:13:46,FX_SPOT,GBP/PKR,SPOT,CP-005,TS-010,BR-003,GBP,125000.00,349.6729,43709112.00,2025-02-13,2025-02-13,Settled,TS-010,2025-02-11 10:22:44,N,,
TD-2025-0205,2025-02-11,12:07:37,MM_PLACEMENT,PKR_MM,2M,CP-002,TS-008,,PKR,92000000.00,12.2459,92000000.00,2025-02-12,2025-04-14,Settled,TS-008,2025-02-11 12:09:49,N,,
TD-2025-0206,2025-02-11,12:24:02,MM_BORROWING,PKR_MM,1M,CP-003,TS-006,BR-002,PKR,181000000.00,12.1788,181000000.00,2025-02-12,2025-03-14,Settled,TS-006,2025-02-11 12:30:06,N,,
TD-2025-0207,2025-02-11,13:18:31,FX_FORWARD,USD/PKR,3M,CP-003,TS-005,,USD,250000.00,284.7406,71185150.00,2025-05-12,2025-05-12,Settled,TS-005,2025-02-11 13:23:42,N,,
TD-2025-0208,2025-02-11,13:18:56,TBILL_PURCHASE,PKR_TBILL,6M,CP-010,TS-009,,PKR,292000000.00,12.4375,292000000.00,2025-02-12,2025-08-13,Settled,TS-009,2025-02-11 13:21:02,N,,
TD-2025-0209,2025-02-11,14:56:16,MM_PLACEMENT,PKR_MM,3M,CP-001,TS-007,,PKR,132000000.00,12.3225,132000000.00,2025-02-11,2025-05-12,Settled,TS-007,2025-02-11 15:02:29,N,,
TD-2025-0210,2025-02-11,15:19:09,FX_SPOT,USD/PKR,SPOT,CP-002,TS-004,,USD,450000.00,279.4735,125763075.00,2025-02-13,2025-02-13,Settled,TS-004,2025-02-11 15:26:12,N,,
TD-2025-0211,2025-02-11,15:48:53,MM_BORROWING,PKR_MM,2W,CP-003,TS-006,,PKR,239000000.00,12.0328,239000000.00,2025-02-11,2025-02-25,Settled,TS-006,2025-02-11 15:53:32,N,,
TD-2025-0212,2025-02-12,10:20:12,MM_PLACEMENT,PKR_MM,2W,CP-001,TS-006,BR-001,PKR,382000000.00,12.0219,382000000.00,2025-02-13,2025-02-27,Settled,TS-006,2025-02-12 10:28:41,N,,
TD-2025-0213,2025-02-12,12:23:11,FX_FORWARD,EUR/PKR,2M,CP-001,TS-010,,EUR,125000.00,297.3344,37166800.00,2025-04-14,2025-04-14,Settled,TS-010,2025-02-12 12:26:10,N,,
TD-2025-0214,2025-02-12,12:52:19,FX_SPOT,USD/PKR,SPOT,CP-001,TS-003,BR-003,USD,900000.00,279.8667,251880030.00,2025-02-14,2025-02-14,Settled,TS-003,2025-02-12 12:59:15,N,,
TD-2025-0215,2025-02-12,13:43:54,FX_SPOT,USD/PKR,SPOT,CP-006,TS-004,BR-002,USD,600000.00,279.8697,167921820.00,2025-02-14,2025-02-14,Settled,TS-004,2025-02-12 13:49:04,N,,
TD-2025-0216,2025-02-12,13:56:11,MM_PLACEMENT,PKR_MM,1M,CP-003,TS-007,BR-001,PKR,264000000.00,12.1896,264000000.00,2025-02-12,2025-03-14,Settled,TS-007,2025-02-12 14:02:06,N,,
TD-2025-0217,2025-02-12,14:00:44,FX_SPOT,USD/PKR,SPOT,CP-002,TS-004,,USD,500000.00,279.8492,139924600.00,2025-02-14,2025-02-14,Settled,TS-004,2025-02-12 14:06:47,N,,
TD-2025-0218,2025-02-12,14:06:42,FX_SPOT,USD/PKR,SPOT,CP-004,TS-004,,USD,150000.00,279.8702,41980530.00,2025-02-14,2025-02-14,Settled,TS-004,2025-02-12 14:16:09,N,,
TD-2025-0219,2025-02-12,14:35:25,TBILL_PURCHASE,PKR_TBILL,3M,CP-010,TS-006,,PKR,672000000.00,12.2678,672000000.00,2025-02-13,2025-05-15,Settled,TS-006,2025-02-12 14:37:10,N,,
TD-2025-0220,2025-02-12,14:45:54,FX_FORWARD,USD/PKR,1M,CP-002,TS-003,BR-002,USD,450000.00,281.6529,126743805.00,2025-03-14,2025-03-14,Settled,TS-003,2025-02-12 14:53:40,N,,
TD-2025-0221,2025-02-12,14:51:31,MM_BORROWING,PKR_MM,1M,CP-004,TS-006,,PKR,179000000.00,12.1785,179000000.00,2025-02-13,2025-03-17,Settled,TS-006,2025-02-12 14:53:47,N,,
TD-2025-0222,2025-02-12,15:36:58,FX_FORWARD,AED/PKR,2M,CP-009,TS-005,BR-003,AED,1000000.00,77.1341,77134100.00,2025-04-14,2025-04-14,Settled,TS-005,2025-02-12 15:43:17,N,,
TD-2025-0223,2025-02-12,16:12:09,MM_PLACEMENT,PKR_MM,2M,CP-006,TS-006,BR-002,PKR,211000000.00,12.2622,211000000.00,2025-02-12,2025-04-14,Settled,TS-006,2025-02-12 16:14:38,N,,
TD-2025-0224,2025-02-13,09:37:08,FX_SPOT,AED/PKR,SPOT,CP-002,TS-004,BR-003,AED,700000.00,76.0616,53243120.00,2025-02-17,2025-02-17,Settled,TS-004,2025-02-13 09:45:43,N,,
TD-2025-0225,2025-02-13,11:13:07,MM_BORROWING,PKR_MM,1W,CP-002,TS-008,,PKR,81000000.00,11.9845,81000000.00,2025-02-14,2025-02-21,Settled,TS-008,2025-02-13 11:20:46,N,,
TD-2025-0226,2025-02-13,11:25:55,MM_PLACEMENT,PKR_MM,2M,CP-006,TS-008,,PKR,86000000.00,12.2883,86000000.00,2025-02-13,2025-04-14,Settled,TS-008,2025-02-13 11:27:19,N,,
TD-2025-0227,2025-02-13,12:17:07,FX_SPOT,EUR/PKR,SPOT,CP-003,TS-004,,EUR,325000.00,293.2524,95307030.00,2025-02-17,2025-02-17,Settled,TS-004,2025-02-13 12:19:01,N,,
TD-2025-0228,2025-02-13,13:01:35,MM_PLACEMENT,PKR_MM,2W,CP-001,TS-006,,PKR,106000000.00,12.0734,106000000.00,2025-02-13,2025-02-27,Settled,TS-006,2025-02-13 13:08:05,N,,
TD-2025-0229,2025-02-13,14:31:30,MM_PLACEMENT,PKR_MM,1W,CP-003,TS-006,,PKR,280000000.00,11.9832,280000000.00,2025-02-13,2025-02-20,Settled,TS-006,2025-02-13 14:40:25,N,,
TD-2025-0230,2025-02-13,15:03:34,FX_SPOT,USD/PKR,SPOT,CP-002,TS-004,BR-003,USD,350000.00,279.7865,97925275.00,2025-02-17,2025-02-17,Settled,TS-004,2025-02-13 15:10:43,N,,
TD-2025-0231,2025-02-13,15:40:57,FX_SPOT,USD/PKR,SPOT,CP-008,TS-003,,USD,550000.00,279.7807,153879385.00,2025-02-17,2025-02-17,Settled,TS-003,2025-02-13 15:49:03,N,,
TD-2025-0232,2025-02-13,15:49:16,TBILL_PURCHASE,PKR_TBILL,3M,CP-010,TS-006,,PKR,585000000.00,12.2998,585000000.00,2025-02-14,2025-05-16,Settled,TS-006,2025-02-13 15:54:50,N,,
TD-2025-0233,2025-02-13,16:24:18,FX_FORWARD,GBP/PKR,1M,CP-002,TS-004,,GBP,600000.00,353.5627,212137620.00,2025-03-17,2025-03-17,Settled,TS-004,2025-02-13 16:34:09,N,,
TD-2025-0234,2025-02-14,10:22:30,MM_BORROWING,PKR_MM,2W,CP-003,TS-008,BR-002,PKR,66000000.00,12.0573,66000000.00,2025-02-17,2025-03-03,Settled,TS-008,2025-02-14 10:25:33,N,,
TD-2025-0235,2025-02-14,10:29:28,FX_SPOT,USD/PKR,SPOT,CP-001,TS-005,,USD,200000.00,279.9924,55998480.00,2025-02-18,2025-02-18,Settled,TS-005,2025-02-14 10:30:34,N,,
TD-2025-0236,2025-02-14,10:32:48,FX_FORWARD,AED/PKR,1M,CP-001,TS-004,BR-003,AED,1700000.00,76.6732,130344440.00,2025-03-17,2025-03-17,Settled,TS-004,2025-02-14 10:38:21,N,,
TD-2025-0237,2025-02-14,12:07:44,TBILL_PURCHASE,PKR_TBILL,12M,CP-010,TS-006,,PKR,398000000.00,12.5591,398000000.00,2025-02-17,2026-02-16,Settled,TS-006,2025-02-14 12:12:14,N,,
TD-2025-0238,2025-02-14,12:51:07,MM_PLACEMENT,PKR_MM,2M,CP-004,TS-007,BR-002,PKR,117000000.00,12.3073,117000000.00,2025-02-17,2025-04-18,Settled,TS-007,2025-02-14 12:58:05,N,,
TD-2025-0239,2025-02-14,13:22:17,TBILL_PURCHASE,PKR_TBILL,12M,CP-010,TS-009,,PKR,308000000.00,12.5532,308000000.00,2025-02-17,2026-02-16,Settled,TS-009,2025-02-14 13:27:11,N,,
TD-2025-0240,2025-02-14,14:56:46,MM_PLACEMENT,PKR_MM,2W,CP-006,TS-008,BR-001,PKR,124000000.00,12.0608,124000000.00,2025-02-17,2025-03-03,Settled,TS-008,2025-02-14 14:59:36,N,,
TD-2025-0241,2025-02-14,15:15:55,MM_BORROWING,PKR_MM,3M,CP-004,TS-006,BR-001,PKR,268000000.00,12.3630,268000000.00,2025-02-14,2025-05-15,Settled,TS-006,2025-02-14 15:21:29,N,,
TD-2025-0242,2025-02-14,16:40:09,FX_SPOT,USD/PKR,SPOT,CP-003,TS-003,,USD,600000.00,279.9748,167984880.00,2025-02-18,2025-02-18,Settled,TS-003,2025-02-14 16:42:39,N,,
TD-2025-0243,2025-02-17,11:02:18,MM_BORROWING,PKR_MM,1M,CP-004,TS-006,,PKR,356000000.00,12.1285,356000000.00,2025-02-17,2025-03-19,Settled,TS-006,2025-02-17 11:12:04,N,,
TD-2025-0244,2025-02-17,11:51:17,FX_SPOT,GBP/PKR,SPOT,CP-002,TS-010,,GBP,100000.00,351.1897,35118970.00,2025-02-19,2025-02-19,Settled,TS-010,2025-02-17 11:52:39,N,,
TD-2025-0245,2025-02-17,12:07:42,FX_SPOT,EUR/PKR,SPOT,CP-001,TS-003,,EUR,625000.00,293.0493,183155812.00,2025-02-19,2025-02-19,Settled,TS-003,2025-02-17 12:09:10,N,,
TD-2025-0246,2025-02-17,12:08:11,FX_SPOT,USD/PKR,SPOT,CP-002,TS-003,BR-003,USD,400000.00,279.6760,111870400.00,2025-02-19,2025-02-19,Settled,TS-003,2025-02-17 12:14:09,N,,
TD-2025-0247,2025-02-17,13:30:26,MM_BORROWING,PKR_MM,1M,CP-004,TS-006,BR-002,PKR,557000000.00,12.1257,557000000.00,2025-02-17,2025-03-19,Settled,TS-006,2025-02-17 13:33:01,N,,
TD-2025-0248,2025-02-17,14:47:04,MM_BORROWING,PKR_MM,2M,CP-002,TS-008,BR-002,PKR,112000000.00,12.2058,112000000.00,2025-02-17,2025-04-18,Settled,TS-008,2025-02-17 14:55:19,N,,
TD-2025-0249,2025-02-17,14:54:17,MM_BORROWING,PKR_MM,1M,CP-001,TS-008,BR-001,PKR,62000000.00,12.1142,62000000.00,2025-02-18,2025-03-20,Settled,TS-008,2025-02-17 14:58:35,N,,
TD-2025-0250,2025-02-17,15:01:08,MM_PLACEMENT,PKR_MM,3M,CP-002,TS-007,,PKR,231000000.00,12.2830,231000000.00,2025-02-17,2025-05-19,Cancelled,TS-007,2025-02-17 15:04:22,Y,2025-02-18,
TD-2025-0251,2025-02-17,15:36:55,FX_SPOT,USD/PKR,SPOT,CP-001,TS-005,,USD,150000.00,279.6629,41949435.00,2025-02-19,2025-02-19,Settled,TS-005,2025-02-17 15:39:35,N,,
TD-2025-0252,2025-02-17,15:40:06,FX_SPOT,AED/PKR,SPOT,CP-004,TS-004,,AED,2200000.00,76.1092,167440240.00,2025-02-19,2025-02-19,Cancelled,TS-004,2025-02-17 15:50:00,Y,2025-02-18,
TD-2025-0253,2025-02-17,16:11:15,FX_SPOT,EUR/PKR,SPOT,CP-008,TS-003,BR-003,EUR,650000.00,292.9990,190449350.00,2025-02-19,2025-02-19,Settled,TS-003,2025-02-17 16:19:02,N,,
TD-2025-0254,2025-02-18,10:28:08,TBILL_PURCHASE,PKR_TBILL,12M,CP-010,TS-009,,PKR,445000000.00,12.5027,445000000.00,2025-02-19,2026-02-18,Settled,TS-009,2025-02-18 10:34:31,N,,
TD-2025-0255,2025-02-18,11:26:22,MM_BORROWING,PKR_MM,2W,CP-007,TS-007,,PKR,103000000.00,12.0417,103000000.00,2025-02-18,2025-03-04,Settled,TS-007,2025-02-18 11:35:08,N,,
TD-2025-0256,2025-02-18,12:56:07,MM_PLACEMENT,PKR_MM,3M,CP-001,TS-006,,PKR,200000000.00,12.3211,200000000.00,2025-02-19,2025-05-20,Settled,TS-006,2025-02-18 13:04:36,N,,
TD-2025-0257,2025-02-18,13:19:12,MM_PLACEMENT,PKR_MM,1M,CP-002,TS-006,,PKR,355000000.00,12.1464,355000000.00,2025-02-18,2025-03-20,Settled,TS-006,2025-02-18 13:26:11,N,,
TD-2025-0258,2025-02-18,13:43:44,FX_SPOT,USD/PKR,SPOT,CP-006,TS-004,,USD,450000.00,279.5662,125804790.00,2025-02-20,2025-02-20,Settled,TS-004,2025-02-18 13:51:11,N,,
TD-2025-0259,2025-02-18,14:28:50,TBILL_PURCHASE,PKR_TBILL,12M,CP-010,TS-009,,PKR,209000000.00,12.5056,209000000.00,2025-02-19,2026-02-18,Settled,TS-009,2025-02-18 14:38:20,N,,
TD-2025-0260,2025-02-18,14:38:22,TBILL_PURCHASE,PKR_TBILL,3M,CP-010,TS-006,,PKR,280000000.00,12.2476,280000000.00,2025-02-19,2025-05-21,Settled,TS-006,2025-02-18 14:44:49,N,,
TD-2025-0261,2025-02-18,14:38:46,TBILL_PURCHASE,PKR_TBILL,3M,CP-010,TS-006,,PKR,308000000.00,12.2457,308000000.00,2025-02-19,2025-05-21,Settled,TS-006,2025-02-18 14:43:03,N,,
TD-2025-0262,2025-02-18,14:53:05,FX_SPOT,AED/PKR,SPOT,CP-005,TS-005,BR-003,AED,500000.00,76.1229,38061450.00,2025-02-20,2025-02-20,Settled,TS-005,2025-02-18 15:01:50,N,,
TD-2025-0263,2025-02-18,15:57:51,FX_FORWARD,AED/PKR,2M,CP-004,TS-003,,AED,3000000.00,77.0789,231236700.00,2025-04-21,2025-04-21,Settled,TS-003,2025-02-18 16:07:17,N,,
TD-2025-0264,2025-02-19,10:38:31,FX_FORWARD,USD/PKR,3M,CP-006,TS-004,,USD,250000.00,284.8307,71207675.00,2025-05-20,2025-05-20,Settled,TS-004,2025-02-19 10:48:25,N,,
TD-2025-0265,2025-02-19,10:47:38,FX_SPOT,USD/PKR,SPOT,CP-005,TS-004,,USD,500000.00,279.5479,139773950.00,2025-02-21,2025-02-21,Settled,TS-004,2025-02-19 10:56:15,N,,
TD-2025-0266,2025-02-19,10:58:52,FX_SPOT,AED/PKR,SPOT,CP-001,TS-005,,AED,1000000.00,76.1512,76151200.00,2025-02-21,2025-02-21,Settled,TS-005,2025-02-19 11:00:09,N,,
TD-2025-0267,2025-02-19,11:05:10,MM_PLACEMENT,PKR_MM,1M,CP-005,TS-006,BR-002,PKR,110000000.00,12.1395,110000000.00,2025-02-19,2025-03-21,Settled,TS-006,2025-02-19 11:09:10,N,,
TD-2025-0268,2025-02-19,11:18:55,MM_PLACEMENT,PKR_MM,1M,CP-008,TS-008,,PKR,97000000.00,12.1397,97000000.00,2025-02-20,2025-03-24,Settled,TS-008,2025-02-19 11:21:50,N,,
TD-2025-0269,2025-02-19,11:47:38,FX_FORWARD,GBP/PKR,1M,CP-003,TS-010,BR-002,GBP,100000.00,352.7516,35275160.00,2025-03-21,2025-03-21,Settled,TS-010,2025-02-19 11:49:54,N,,
TD-2025-0270,2025-02-19,12:14:11,MM_PLACEMENT,PKR_MM,1M,CP-005,TS-006,BR-002,PKR,103000000.00,12.1395,103000000.00,2025-02-19,2025-03-21,Settled,TS-006,2025-02-19 12:18:11,N,,
TD-2025-0271,2025-02-19,13:23:12,MM_PLACEMENT,PKR_MM,1M,CP-005,TS-006,,PKR,87000000.00,12.1395,87000000.00,2025-02-19,2025-03-21,Settled,TS-006,2025-02-19 13:27:12,N,,
TD-2025-0272,2025-02-19,14:32:13,MM_PLACEMENT,PKR_MM,1M,CP-005,TS-006,,PKR,80000000.00,12.1395,80000000.00,2025-02-19,2025-03-21,Settled,TS-006,2025-02-19 14:36:13,N,,
TD-2025-0273,2025-02-19,15:52:24,MM_BORROWING,PKR_MM,2W,CP-002,TS-006,,PKR,486000000.00,11.9737,486000000.00,2025-02-19,2025-03-05,Settled,TS-006,2025-02-19 15:55:46,N,,
TD-2025-0274,2025-02-19,16:38:32,FX_FORWARD,USD/PKR,2M,CP-003,TS-003,,USD,1000000.00,283.0429,283042900.00,2025-04-21,2025-04-21,Settled,TS-003,2025-02-19 16:46:45,N,,
TD-2025-0275,2025-02-20,10:19:30,MM_PLACEMENT,PKR_MM,1M,CP-001,TS-006,BR-002,PKR,40000000.00,12.0760,40000000.00,2025-02-20,2025-03-24,Settled,TS-006,2025-02-20 10:28:19,N,,
TD-2025-0276,2025-02-20,10:31:46,MM_BORROWING,PKR_MM,1M,CP-002,TS-007,BR-002,PKR,94000000.00,12.0823,94000000.00,2025-02-20,2025-03-24,Settled,TS-007,2025-02-20 10:39:09,N,,
TD-2025-0277,2025-02-20,10:38:15,TBILL_PURCHASE,PKR_TBILL,3M,CP-010,TS-009,,PKR,267000000.00,12.2096,267000000.00,2025-02-21,2025-05-23,Settled,TS-009,2025-02-20 10:45:35,N,,
TD-2025-0278,2025-02-20,11:21:56,FX_SPOT,USD/PKR,SPOT,CP-002,TS-004,,USD,550000.00,280.1670,154091850.00,2025-02-24,2025-02-24,Settled,TS-004,2025-02-20 11:30:22,N,,
TD-2025-0279,2025-02-20,12:25:04,MM_BORROWING,PKR_MM,3M,CP-001,TS-007,,PKR,160000000.00,12.2302,160000000.00,2025-02-20,2025-05-21,Settled,TS-007,2025-02-20 12:35:03,N,,
TD-2025-0280,2025-02-20,15:48:08,FX_FORWARD,GBP/PKR,2M,CP-002,TS-004,BR-002,GBP,525000.00,354.7166,186226215.00,2025-04-21,2025-04-21,Settled,TS-004,2025-02-20 15:52:16,N,,
TD-2025-0281,2025-02-21,10:38:19,MM_BORROWING,PKR_MM,1W,CP-006,TS-007,,PKR,121000000.00,11.8985,121000000.00,2025-02-21,2025-02-28,Settled,TS-007,2025-02-21 10:48:11,N,,
TD-2025-0282,2025-02-21,11:58:10,FX_FORWARD,GBP/PKR,1M,CP-006,TS-004,BR-003,GBP,250000.00,353.7364,88434100.00,2025-03-24,2025-03-24,Settled,TS-004,2025-02-21 12:00:04,N,,
TD-2025-0283,2025-02-21,12:21:00,MM_PLACEMENT,PKR_MM,1M,CP-006,TS-008,BR-002,PKR,111000000.00,12.1078,111000000.00,2025-02-21,2025-03-24,Settled,TS-008,2025-02-21 12:26:40,N,,
TD-2025-0284,2025-02-21,12:32:01,FX_SPOT,USD/PKR,SPOT,CP-002,TS-003,,USD,750000.00,279.8037,209852775.00,2025-02-25,2025-02-25,Settled,TS-003,2025-02-21 12:36:45,N,,
TD-2025-0285,2025-02-21,14:30:16,FX_FORWARD,AED/PKR,2M,CP-005,TS-004,,AED,2400000.00,77.2273,185345520.00,2025-04-22,2025-04-22,Settled,TS-004,2025-02-21 14:31:56,N,,
TD-2025-0286,2025-02-21,15:01:22,FX_SPOT,USD/PKR,SPOT,CP-001,TS-004,,USD,600000.00,279.8049,167882940.00,2025-02-25,2025-02-25,Settled,TS-004,2025-02-21 15:05:23,N,,
TD-2025-0287,2025-02-24,10:12:24,MM_PLACEMENT,PKR_MM,2M,CP-003,TS-008,BR-002,PKR,77000000.00,12.1274,77000000.00,2025-02-24,2025-04-25,Settled,TS-008,2025-02-24 10:20:06,N,,
TD-2025-0288,2025-02-24,10:26:52,TBILL_PURCHASE,PKR_TBILL,3M,CP-010,TS-009,,PKR,501000000.00,12.1271,501000000.00,2025-02-25,2025-05-27,Settled,TS-009,2025-02-24 10:31:15,N,,
TD-2025-0289,2025-02-24,10:50:37,TBILL_PURCHASE,PKR_TBILL,6M,CP-010,TS-009,,PKR,395000000.00,12.2531,395000000.00,2025-02-25,2025-08-26,Settled,TS-009,2025-02-24 10:53:18,N,,
TD-2025-0290,2025-02-24,11:22:59,FX_FORWARD,EUR/PKR,1M,CP-005,TS-003,,EUR,675000.00,296.7684,200318670.00,2025-03-26,2025-03-26,Settled,TS-003,2025-02-24 11:26:25,N,,
TD-2025-0291,2025-02-24,13:34:46,FX_SPOT,USD/PKR,SPOT,CP-001,TS-003,BR-003,USD,850000.00,280.0578,238049130.00,2025-02-26,2025-02-26,Settled,TS-003,2025-02-24 13:36:12,N,,
TD-2025-0292,2025-02-24,16:14:10,FX_SPOT,USD/PKR,SPOT,CP-005,TS-005,,USD,300000.00,280.0359,84010770.00,2025-02-26,2025-02-26,Settled,TS-005,2025-02-24 16:15:44,N,,
TD-2025-0293,2025-02-24,16:21:52,TBILL_PURCHASE,PKR_TBILL,3M,CP-010,TS-006,,PKR,257000000.00,12.1332,257000000.00,2025-02-25,2025-05-27,Settled,TS-006,2025-02-24 16:25:03,N,,
TD-2025-0294,2025-02-25,11:29:46,FX_SPOT,USD/PKR,SPOT,CP-004,TS-004,,USD,100000.00,279.8527,27985270.00,2025-02-27,2025-02-27,Settled,TS-004,2025-02-25 11:31:13,N,,
TD-2025-0295,2025-02-25,11:55:37,FX_SPOT,USD/PKR,SPOT,CP-002,TS-005,,USD,300000.00,279.8512,83955360.00,2025-02-27,2025-02-27,Settled,TS-005,2025-02-25 12:03:17,N,,
TD-2025-0296,2025-02-25,12:17:38,TBILL_PURCHASE,PKR_TBILL,3M,CP-010,TS-006,,PKR,668000000.00,12.1729,668000000.00,2025-02-26,2025-05-28,Settled,TS-006,2025-02-25 12:19:28,N,,
TD-2025-0297,2025-02-25,14:18:10,FX_SPOT,GBP/PKR,SPOT,CP-004,TS-003,,GBP,125000.00,351.4826,43935325.00,2025-02-27,2025-02-27,Settled,TS-003,2025-02-25 14:22:32,N,,
TD-2025-0298,2025-02-26,09:51:21,FX_SPOT,GBP/PKR,SPOT,CP-002,TS-004,BR-003,GBP,325000.00,351.8648,114356060.00,2025-02-28,2025-02-28,Settled,TS-004,2025-02-26 10:00:45,N,,
TD-2025-0299,2025-02-26,10:51:20,FX_SPOT,GBP/PKR,SPOT,CP-005,TS-004,,GBP,625000.00,351.8621,219913812.00,2025-02-28,2025-02-28,Settled,TS-004,2025-02-26 10:56:19,N,,
TD-2025-0300,2025-02-26,10:54:45,TBILL_PURCHASE,PKR_TBILL,6M,CP-010,TS-006,,PKR,641000000.00,12.2463,641000000.00,2025-02-27,2025-08-28,Settled,TS-006,2025-02-26 10:59:39,N,,
TD-2025-0301,2025-02-26,11:19:59,FX_SPOT,GBP/PKR,SPOT,CP-001,TS-004,BR-002,GBP,600000.00,351.9103,211146180.00,2025-02-28,2025-02-28,Settled,TS-004,2025-02-26 11:21:03,N,,
TD-2025-0302,2025-02-26,11:22:55,FX_SPOT,USD/PKR,SPOT,CP-004,TS-010,BR-003,USD,100000.00,280.2049,28020490.00,2025-02-28,2025-02-28,Settled,TS-010,2025-02-26 11:30:39,N,,
TD-2025-0303,2025-02-26,12:28:40,MM_PLACEMENT,PKR_MM,2M,CP-003,TS-008,,PKR,66000000.00,12.1448,66000000.00,2025-02-26,2025-04-28,Settled,TS-008,2025-02-26 12:38:18,N,,
TD-2025-0304,2025-02-26,13:43:31,TBILL_PURCHASE,PKR_TBILL,3M,CP-010,TS-006,,PKR,342000000.00,12.1331,342000000.00,2025-02-27,2025-05-29,Settled,TS-006,2025-02-26 13:51:33,N,,
TD-2025-0305,2025-02-26,14:36:37,TBILL_PURCHASE,PKR_TBILL,3M,CP-010,TS-009,,PKR,275000000.00,12.1408,275000000.00,2025-02-27,2025-05-29,Settled,TS-009,2025-02-26 14:46:32,N,,
TD-2025-0306,2025-02-26,14:40:43,FX_FORWARD,USD/PKR,1M,CP-003,TS-003,,USD,350000.00,281.9188,98671580.00,2025-03-28,2025-03-28,Settled,TS-003,2025-02-26 14:49:04,N,,
TD-2025-0307,2025-02-26,16:25:52,FX_SPOT,USD/PKR,SPOT,CP-001,TS-010,,USD,100000.00,280.1693,28016930.00,2025-02-28,2025-02-28,Settled,TS-010,2025-02-26 16:30:18,N,,
TD-2025-0308,2025-02-27,09:21:58,TBILL_PURCHASE,PKR_TBILL,3M,CP-010,TS-006,,PKR,637000000.00,12.1778,637000000.00,2025-02-28,2025-05-30,Settled,TS-006,2025-02-27 09:28:57,N,,
TD-2025-0309,2025-02-27,09:30:41,FX_FORWARD,USD/PKR,3M,CP-009,TS-004,BR-003,USD,200000.00,285.1798,57035960.00,2025-05-28,2025-05-28,Settled,TS-004,2025-02-27 09:36:31,N,,
TD-2025-0310,2025-02-27,10:20:20,MM_BORROWING,PKR_MM,2W,CP-003,TS-006,BR-002,PKR,113000000.00,11.9186,113000000.00,2025-02-27,2025-03-13,Settled,TS-006,2025-02-27 10:21:56,N,,
TD-2025-0311,2025-02-27,10:48:58,FX_SPOT,EUR/PKR,SPOT,CP-009,TS-005,BR-003,EUR,200000.00,294.9957,58999140.00,2025-03-03,2025-03-03,Settled,TS-005,2025-02-27 10:58:33,N,,
TD-2025-0312,2025-02-27,11:26:39,MM_BORROWING,PKR_MM,3M,CP-006,TS-006,,PKR,197000000.00,12.2148,197000000.00,2025-02-28,2025-05-29,Settled,TS-006,2025-02-27 11:31:52,N,,
TD-2025-0313,2025-02-27,12:34:30,FX_FORWARD,USD/PKR,1M,CP-004,TS-004,,USD,250000.00,281.6711,70417775.00,2025-04-03,2025-04-03,Settled,TS-004,2025-02-27 12:38:23,N,,
TD-2025-0314,2025-02-27,14:04:30,MM_BORROWING,PKR_MM,1M,CP-009,TS-007,BR-002,PKR,125000000.00,12.0743,125000000.00,2025-02-27,2025-04-03,Settled,TS-007,2025-02-27 14:08:14,N,,
TD-2025-0315,2025-02-27,14:48:35,FX_SPOT,USD/PKR,SPOT,CP-001,TS-004,BR-003,USD,600000.00,279.9557,167973420.00,2025-03-03,2025-03-03,Settled,TS-004,2025-02-27 14:55:05,N,,
TD-2025-0316,2025-02-27,16:20:10,FX_FORWARD,USD/PKR,3M,CP-001,TS-003,,USD,950000.00,285.1780,270919100.00,2025-05-28,2025-05-28,Settled,TS-003,2025-02-27 16:27:24,N,,
TD-2025-0317,2025-02-28,09:30:02,FX_SPOT,USD/PKR,SPOT,CP-004,TS-010,,USD,150000.00,279.9744,41996160.00,2025-03-04,2025-03-04,Settled,TS-010,2025-02-28 09:31:18,N,,
TD-2025-0318,2025-02-28,11:14:32,FX_FORWARD,USD/PKR,2M,CP-001,TS-003,BR-003,USD,300000.00,283.4825,85044750.00,2025-04-29,2025-04-29,Settled,TS-003,2025-02-28 11:18:18,N,,
TD-2025-0319,2025-02-28,11:33:53,FX_SPOT,GBP/PKR,SPOT,CP-002,TS-004,,GBP,525000.00,352.1889,184899172.00,2025-03-04,2025-03-04,Settled,TS-004,2025-02-28 11:35:44,N,,
TD-2025-0320,2025-02-28,11:47:50,MM_PLACEMENT,PKR_MM,1W,CP-001,TS-008,,PKR,83000000.00,11.8276,83000000.00,2025-03-03,2025-03-10,Settled,TS-008,2025-02-28 11:51:56,N,,
TD-2025-0321,2025-02-28,12:44:56,FX_FORWARD,USD/PKR,3M,CP-005,TS-004,,USD,800000.00,285.1472,228117760.00,2025-05-29,2025-05-29,Settled,TS-004,2025-02-28 12:48:19,N,,
TD-2025-0322,2025-02-28,12:59:36,FX_SPOT,EUR/PKR,SPOT,CP-006,TS-010,BR-002,EUR,150000.00,295.0669,44260035.00,2025-03-04,2025-03-04,Settled,TS-010,2025-02-28 13:04:35,N,,
TD-2025-0323,2025-02-28,14:04:26,MM_BORROWING,PKR_MM,2W,CP-006,TS-008,BR-002,PKR,97000000.00,11.8755,97000000.00,2025-03-03,2025-03-17,Settled,TS-008,2025-02-28 14:09:04,N,,
TD-2025-0324,2025-02-28,14:57:20,FX_FORWARD,EUR/PKR,1M,CP-004,TS-003,,EUR,400000.00,297.2317,118892680.00,2025-04-03,2025-04-03,Settled,TS-003,2025-02-28 15:04:19,N,,
TD-2025-0325,2025-02-28,15:36:01,FX_SPOT,AED/PKR,SPOT,CP-004,TS-010,,AED,400000.00,76.3146,30525840.00,2025-03-04,2025-03-04,Settled,TS-010,2025-02-28 15:37:35,N,,
TD-2025-0326,2025-02-28,15:39:03,FX_SPOT,EUR/PKR,SPOT,CP-008,TS-004,BR-002,EUR,375000.00,295.0143,110630362.00,2025-03-04,2025-03-04,Settled,TS-004,2025-02-28 15:48:49,N,,
TD-2025-0327,2025-02-28,16:12:47,MM_BORROWING,PKR_MM,2W,CP-001,TS-007,,PKR,291000000.00,11.8766,291000000.00,2025-02-28,2025-03-14,Settled,TS-007,2025-02-28 16:21:44,N,,
TD-2025-0328,2025-02-28,16:18:58,FX_SPOT,USD/PKR,SPOT,CP-003,TS-010,BR-003,USD,100000.00,279.9590,27995900.00,2025-03-04,2025-03-04,Settled,TS-010,2025-02-28 16:23:35,N,,
TD-2025-0329,2025-02-28,16:24:36,FX_SPOT,USD/PKR,SPOT,CP-007,TS-004,,USD,200000.00,279.9881,55997620.00,2025-03-04,2025-03-04,Settled,TS-004,2025-02-28 16:32:17,N,,
TD-2025-0330,2025-02-28,16:56:53,MM_BORROWING,PKR_MM,2M,CP-002,TS-008,,PKR,128000000.00,12.1104,128000000.00,2025-03-03,2025-05-02,Settled,TS-008,2025-02-28 17:04:26,N,,
TD-2025-0331,2025-03-03,09:54:15,FX_SPOT,EUR/PKR,SPOT,CP-001,TS-010,,EUR,175000.00,294.7412,51579710.00,2025-03-05,2025-03-05,Settled,TS-010,2025-03-03 10:03:38,N,,
TD-2025-0332,2025-03-03,10:38:05,TBILL_PURCHASE,PKR_TBILL,3M,CP-010,TS-009,,PKR,347000000.00,12.0909,347000000.00,2025-03-04,2025-06-03,Settled,TS-009,2025-03-03 10:43:09,N,,
TD-2025-0333,2025-03-03,11:29:02,TBILL_PURCHASE,PKR_TBILL,6M,CP-010,TS-006,,PKR,449000000.00,12.2175,449000000.00,2025-03-04,2025-09-02,Settled,TS-006,2025-03-03 11:34:48,N,,
TD-2025-0334,2025-03-03,11:49:32,MM_PLACEMENT,PKR_MM,2M,CP-001,TS-006,BR-001,PKR,40000000.00,12.0940,40000000.00,2025-03-03,2025-05-02,Settled,TS-006,2025-03-03 11:54:55,N,,
TD-2025-0335,2025-03-03,12:46:49,MM_PLACEMENT,PKR_MM,1W,CP-005,TS-007,BR-001,PKR,224000000.00,11.7450,224000000.00,2025-03-03,2025-03-10,Settled,TS-007,2025-03-03 12:56:04,N,,
TD-2025-0336,2025-03-03,14:08:30,TBILL_PURCHASE,PKR_TBILL,6M,CP-010,TS-006,,PKR,586000000.00,12.2180,586000000.00,2025-03-04,2025-09-02,Settled,TS-006,2025-03-03 14:17:19,N,,
TD-2025-0337,2025-03-03,14:12:46,MM_BORROWING,PKR_MM,1W,CP-001,TS-006,,PKR,205000000.00,11.7446,205000000.00,2025-03-03,2025-03-10,Settled,TS-006,2025-03-03 14:21:55,N,,
TD-2025-0338,2025-03-03,14:56:32,FX_SPOT,USD/PKR,SPOT,CP-002,TS-003,,USD,400000.00,279.7775,111911000.00,2025-03-05,2025-03-05,Settled,TS-003,2025-03-03 14:57:44,N,,
TD-2025-0339,2025-03-03,15:37:43,FX_FORWARD,GBP/PKR,1M,CP-003,TS-003,BR-003,GBP,800000.00,354.0266,283221280.00,2025-04-03,2025-04-03,Settled,TS-003,2025-03-03 15:40:40,N,,
TD-2025-0340,2025-03-03,15:41:09,MM_PLACEMENT,PKR_MM,2M,CP-001,TS-006,BR-002,PKR,40000000.00,12.0940,40000000.00,2025-03-03,2025-05-02,Settled,TS-006,2025-03-03 15:48:22,N,,
TD-2025-0341,2025-03-04,11:34:18,MM_PLACEMENT,PKR_MM,1M,CP-004,TS-006,,PKR,120000000.00,12.0288,120000000.00,2025-03-04,2025-04-03,Settled,TS-006,2025-03-04 11:38:18,N,,
TD-2025-0342,2025-03-04,12:50:05,MM_PLACEMENT,PKR_MM,2W,CP-001,TS-007,BR-001,PKR,40000000.00,11.8877,40000000.00,2025-03-05,2025-03-19,Settled,TS-007,2025-03-04 12:54:02,N,,
TD-2025-0343,2025-03-04,12:55:02,FX_SPOT,USD/PKR,SPOT,CP-001,TS-003,,USD,150000.00,280.1117,42016755.00,2025-03-06,2025-03-06,Settled,TS-003,2025-03-04 13:03:37,N,,
TD-2025-0344,2025-03-04,13:19:19,FX_SPOT,EUR/PKR,SPOT,CP-007,TS-004,,EUR,475000.00,295.7913,140500868.00,2025-03-06,2025-03-06,Settled,TS-004,2025-03-04 13:24:22,N,,
TD-2025-0345,2025-03-04,15:13:10,MM_BORROWING,PKR_MM,1W,CP-002,TS-008,BR-001,PKR,126000000.00,11.7829,126000000.00,2025-03-04,2025-03-11,Settled,TS-008,2025-03-04 15:22:07,N,,
TD-2025-0346,2025-03-04,15:14:12,FX_SPOT,USD/PKR,SPOT,CP-004,TS-010,,USD,200000.00,280.1519,56030380.00,2025-03-06,2025-03-06,Settled,TS-010,2025-03-04 15:18:24,N,,
TD-2025-0347,2025-03-04,15:36:14,MM_PLACEMENT,PKR_MM,1M,CP-009,TS-008,BR-002,PKR,73000000.00,12.0216,73000000.00,2025-03-04,2025-04-03,Settled,TS-008,2025-03-04 15:37:16,N,,
TD-2025-0348,2025-03-04,15:51:55,MM_BORROWING,PKR_MM,2W,CP-008,TS-007,,PKR,265000000.00,11.8804,265000000.00,2025-03-04,2025-03-18,Settled,TS-007,2025-03-04 15:55:40,N,,
TD-2025-0349,2025-03-05,09:47:50,FX_SPOT,EUR/PKR,SPOT,CP-001,TS-003,BR-002,EUR,350000.00,295.1561,103304635.00,2025-03-07,2025-03-07,Settled,TS-003,2025-03-05 09:53:22,N,,
TD-2025-0350,2025-03-05,09:53:28,FX_SPOT,USD/PKR,SPOT,CP-005,TS-004,,USD,100000.00,279.8877,27988770.00,2025-03-07,2025-03-07,Settled,TS-004,2025-03-05 10:00:45,N,,
TD-2025-0351,2025-03-05,11:16:40,MM_BORROWING,PKR_MM,1M,CP-003,TS-007,BR-001,PKR,353000000.00,12.0235,353000000.00,2025-03-05,2025-04-04,Settled,TS-007,2025-03-05 11:24:50,N,,
TD-2025-0352,2025-03-05,11:18:32,MM_PLACEMENT,PKR_MM,1M,CP-009,TS-008,,PKR,103000000.00,12.0192,103000000.00,2025-03-06,2025-04-07,Settled,TS-008,2025-03-05 11:24:39,N,,
TD-2025-0353,2025-03-05,11:47:00,MM_BORROWING,PKR_MM,2M,CP-004,TS-008,,PKR,122000000.00,12.1025,122000000.00,2025-03-05,2025-05-05,Settled,TS-008,2025-03-05 11:54:59,N,,
TD-2025-0354,2025-03-05,12:08:53,FX_SPOT,EUR/PKR,SPOT,CP-002,TS-004,,EUR,625000.00,295.1604,184475250.00,2025-03-07,2025-03-07,Settled,TS-004,2025-03-05 12:14:09,N,,
TD-2025-0355,2025-03-05,12:48:59,MM_BORROWING,PKR_MM,2W,CP-001,TS-006,BR-001,PKR,40000000.00,11.8865,40000000.00,2025-03-06,2025-03-20,Settled,TS-006,2025-03-05 12:56:45,N,,
TD-2025-0356,2025-03-05,15:22:13,FX_SPOT,USD/PKR,SPOT,CP-006,TS-003,,USD,150000.00,279.8499,41977485.00,2025-03-07,2025-03-07,Settled,TS-003,2025-03-05 15:31:24,N,,
TD-2025-0357,2025-03-05,15:57:27,MM_PLACEMENT,PKR_MM,2M,CP-001,TS-007,BR-002,PKR,40000000.00,12.0997,40000000.00,2025-03-05,2025-05-05,Settled,TS-007,2025-03-05 16:05:43,N,,
TD-2025-0358,2025-03-05,16:38:22,TBILL_PURCHASE,PKR_TBILL,3M,CP-010,TS-009,,PKR,263000000.00,12.1178,263000000.00,2025-03-06,2025-06-05,Settled,TS-009,2025-03-05 16:48:17,N,,
TD-2025-0359,2025-03-06,09:45:41,FX_FORWARD,USD/PKR,1M,CP-002,TS-003,,USD,400000.00,281.8372,112734880.00,2025-04-07,2025-04-07,Settled,TS-003,2025-03-06 09:46:48,Y,2025-03-11,
TD-2025-0360,2025-03-06,11:16:38,TBILL_PURCHASE,PKR_TBILL,6M,CP-010,TS-009,,PKR,348000000.00,12.2451,348000000.00,2025-03-07,2025-09-05,Settled,TS-009,2025-03-06 11:24:07,N,,
TD-2025-0361,2025-03-06,11:25:16,MM_BORROWING,PKR_MM,2W,CP-006,TS-007,,PKR,132000000.00,11.8538,132000000.00,2025-03-07,2025-03-21,Settled,TS-007,2025-03-06 11:26:43,N,,
TD-2025-0362,2025-03-06,12:49:24,FX_FORWARD,USD/PKR,1M,CP-002,TS-003,,USD,450000.00,281.8406,126828270.00,2025-04-07,2025-04-07,Settled,TS-003,2025-03-06 12:51:57,Y,2025-03-11,
TD-2025-0363,2025-03-06,13:46:28,TBILL_PURCHASE,PKR_TBILL,6M,CP-010,TS-006,,PKR,523000000.00,12.2515,523000000.00,2025-03-07,2025-09-05,Settled,TS-006,2025-03-06 13:53:11,N,,
TD-2025-0364,2025-03-06,14:47:54,TBILL_PURCHASE,PKR_TBILL,6M,CP-010,TS-006,,PKR,496000000.00,12.2476,496000000.00,2025-03-07,2025-09-05,Settled,TS-006,2025-03-06 14:51:30,N,,
TD-2025-0365,2025-03-06,15:20:41,MM_PLACEMENT,PKR_MM,3M,CP-007,TS-008,BR-001,PKR,113000000.00,12.1285,113000000.00,2025-03-07,2025-06-05,Settled,TS-008,2025-03-06 15:28:51,N,,
TD-2025-0366,2025-03-06,15:26:32,TBILL_PURCHASE,PKR_TBILL,3M,CP-010,TS-006,,PKR,411000000.00,12.1196,411000000.00,2025-03-07,2025-06-11,Settled,TS-006,2025-03-06 15:35:10,N,,
TD-2025-0367,2025-03-06,15:33:33,MM_BORROWING,PKR_MM,1W,CP-002,TS-006,,PKR,445000000.00,11.7654,445000000.00,2025-03-07,2025-03-14,Settled,TS-006,2025-03-06 15:36:40,N,,
TD-2025-0368,2025-03-06,15:53:57,TBILL_PURCHASE,PKR_TBILL,12M,CP-010,TS-009,,PKR,435000000.00,12.3416,435000000.00,2025-03-07,2026-03-06,Settled,TS-009,2025-03-06 16:03:01,N,,
TD-2025-0369,2025-03-07,11:44:49,FX_SPOT,USD/PKR,SPOT,CP-006,TS-003,BR-002,USD,800000.00,279.9450,223956000.00,2025-03-11,2025-03-11,Settled,TS-003,2025-03-07 11:53:26,N,,
TD-2025-0370,2025-03-07,12:58:11,MM_BORROWING,PKR_MM,3M,CP-003,TS-008,,PKR,94000000.00,12.1649,94000000.00,2025-03-07,2025-06-05,Settled,TS-008,2025-03-07 13:01:18,N,,
TD-2025-0371,2025-03-07,14:09:03,FX_SPOT,USD/PKR,SPOT,CP-002,TS-010,BR-002,USD,150000.00,279.9925,41998875.00,2025-03-11,2025-03-11,Settled,TS-010,2025-03-07 14:17:01,N,,
TD-2025-0372,2025-03-07,15:41:23,FX_FORWARD,USD/PKR,1M,CP-003,TS-010,,USD,150000.00,281.6952,42254280.00,2025-04-07,2025-04-07,Settled,TS-010,2025-03-07 15:43:16,N,,
TD-2025-0373,2025-03-07,15:52:28,FX_SPOT,USD/PKR,SPOT,CP-004,TS-005,,USD,300000.00,279.9889,83996670.00,2025-03-11,2025-03-11,Settled,TS-005,2025-03-07 15:53:40,N,,
TD-2025-0374,2025-03-07,16:13:23,TBILL_PURCHASE,PKR_TBILL,3M,CP-010,TS-009,,PKR,368000000.00,12.0648,368000000.00,2025-03-10,2025-06-11,Settled,TS-009,2025-03-07 16:17:48,N,,
TD-2025-0375,2025-03-07,16:13:45,MM_PLACEMENT,PKR_MM,2M,CP-001,TS-007,,PKR,40000000.00,12.0682,40000000.00,2025-03-07,2025-05-06,Settled,TS-007,2025-03-07 16:16:33,N,,
TD-2025-0376,2025-03-07,16:27:05,FX_SPOT,USD/PKR,SPOT,CP-002,TS-004,,USD,500000.00,279.9445,139972250.00,2025-03-11,2025-03-11,Settled,TS-004,2025-03-07 16:30:45,N,,
TD-2025-0377,2025-03-10,09:23:01,MM_PLACEMENT,PKR_MM,2W,CP-003,TS-008,BR-001,PKR,93000000.00,11.7889,93000000.00,2025-03-11,2025-03-25,Settled,TS-008,2025-03-10 09:31:26,N,,
TD-2025-0378,2025-03-10,09:57:51,MM_BORROWING,PKR_MM,3M,CP-001,TS-006,BR-001,PKR,40000000.00,12.1266,40000000.00,2025-03-11,2025-06-11,Settled,TS-006,2025-03-10 10:02:29,N,,
TD-2025-0379,2025-03-10,11:00:40,FX_SPOT,EUR/PKR,SPOT,CP-001,TS-010,BR-003,EUR,125000.00,294.6392,36829900.00,2025-03-12,2025-03-12,Settled,TS-010,2025-03-10 11:03:06,N,,
TD-2025-0380,2025-03-10,12:21:06,MM_BORROWING,PKR_MM,1M,CP-001,TS-007,,PKR,40000000.00,11.9349,40000000.00,2025-03-10,2025-04-09,Settled,TS-007,2025-03-10 12:28:11,N,,
TD-2025-0381,2025-03-10,14:27:02,MM_PLACEMENT,PKR_MM,1M,CP-008,TS-008,BR-001,PKR,124000000.00,11.9312,124000000.00,2025-03-11,2025-04-10,Settled,TS-008,2025-03-10 14:37:00,N,,
TD-2025-0382,2025-03-10,14:35:16,MM_PLACEMENT,PKR_MM,3M,CP-003,TS-006,BR-002,PKR,115000000.00,12.1254,115000000.00,2025-03-10,2025-06-11,Settled,TS-006,2025-03-10 14:37:54,N,,
TD-2025-0383,2025-03-10,15:05:30,FX_FORWARD,USD/PKR,1M,CP-005,TS-004,BR-003,USD,250000.00,282.1647,70541175.00,2025-04-09,2025-04-09,Settled,TS-004,2025-03-10 15:13:47,N,,
TD-2025-0384,2025-03-11,12:16:36,FX_SPOT,GBP/PKR,SPOT,CP-001,TS-003,,GBP,475000.00,352.2550,167321125.00,2025-03-13,2025-03-13,Settled,TS-003,2025-03-11 12:22:52,N,,
TD-2025-0385,2025-03-11,12:39:18,FX_SPOT,USD/PKR,SPOT,CP-004,TS-003,,USD,650000.00,280.2792,182181480.00,2025-03-13,2025-03-13,Settled,TS-003,2025-03-11 12:47:56,N,,
TD-2025-0386,2025-03-11,13:14:15,FX_SPOT,GBP/PKR,SPOT,CP-006,TS-005,,GBP,225000.00,352.2542,79257195.00,2025-03-13,2025-03-13,Settled,TS-005,2025-03-11 13:22:38,N,,
TD-2025-0387,2025-03-11,13:32:43,FX_SPOT,GBP/PKR,SPOT,CP-006,TS-003,,GBP,175000.00,352.1989,61634808.00,2025-03-13,2025-03-13,Settled,TS-003,2025-03-11 13:38:56,N,,
TD-2025-0388,2025-03-11,14:31:55,FX_SPOT,EUR/PKR,SPOT,CP-001,TS-004,,EUR,575000.00,295.5115,169919112.00,2025-03-13,2025-03-13,Settled,TS-004,2025-03-11 14:35:46,N,,
TD-2025-0389,2025-03-11,14:36:29,MM_BORROWING,PKR_MM,1M,CP-004,TS-008,,PKR,63000000.00,11.9382,63000000.00,2025-03-12,2025-04-11,Settled,TS-008,2025-03-11 14:43:43,N,,
TD-2025-0390,2025-03-11,15:22:12,FX_FORWARD,USD/PKR,1M,CP-004,TS-003,,USD,450000.00,282.0278,126912510.00,2025-04-10,2025-04-10,Settled,TS-003,2025-03-11 15:32:00,N,,
TD-2025-0391,2025-03-11,15:43:45,FX_SPOT,USD/PKR,SPOT,CP-003,TS-003,,USD,100000.00,280.2878,28028780.00,2025-03-13,2025-03-13,Settled,TS-003,2025-03-11 15:45:03,N,,
TD-2025-0392,2025-03-11,16:18:08,MM_PLACEMENT,PKR_MM,1M,CP-001,TS-008,BR-002,PKR,40000000.00,11.9320,40000000.00,2025-03-11,2025-04-10,Settled,TS-008,2025-03-11 16:23:26,N,,
TD-2025-0393,2025-03-11,16:30:33,FX_FORWARD,USD/PKR,3M,CP-005,TS-003,,USD,500000.00,285.4641,142732050.00,2025-06-11,2025-06-11,Settled,TS-003,2025-03-11 16:36:58,N,,
TD-2025-0394,2025-03-12,09:34:07,FX_SPOT,AED/PKR,SPOT,CP-004,TS-003,,AED,3000000.00,76.3336,229000800.00,2025-03-14,2025-03-14,Settled,TS-003,2025-03-12 09:40:43,N,,
TD-2025-0395,2025-03-12,10:17:00,FX_SPOT,USD/PKR,SPOT,CP-001,TS-005,BR-003,USD,350000.00,280.7242,98253470.00,2025-03-14,2025-03-14,Settled,TS-005,2025-03-12 10:21:00,N,,
TD-2025-0396,2025-03-12,11:23:01,FX_SPOT,EUR/PKR,SPOT,CP-002,TS-005,BR-003,EUR,325000.00,296.5759,96387167.50,2025-03-14,2025-03-14,Settled,TS-005,2025-03-12 11:27:01,N,,
TD-2025-0397,2025-03-12,11:53:17,FX_SPOT,USD/PKR,SPOT,CP-001,TS-004,BR-003,USD,550000.00,280.7068,154388740.00,2025-03-14,2025-03-14,Settled,TS-004,2025-03-12 12:00:59,N,,
TD-2025-0398,2025-03-12,12:29:02,FX_SPOT,EUR/PKR,SPOT,CP-004,TS-005,,EUR,325000.00,296.5759,96387167.50,2025-03-14,2025-03-14,Settled,TS-005,2025-03-12 12:33:02,N,,
TD-2025-0399,2025-03-12,13:00:21,MM_PLACEMENT,PKR_MM,1M,CP-002,TS-007,BR-002,PKR,276000000.00,11.8948,276000000.00,2025-03-13,2025-04-14,Settled,TS-007,2025-03-12 13:01:48,N,,
TD-2025-0400,2025-03-12,13:00:40,FX_SPOT,EUR/PKR,SPOT,CP-001,TS-004,,EUR,125000.00,296.5467,37068338.00,2025-03-14,2025-03-14,Settled,TS-004,2025-03-12 13:03:16,N,,
TD-2025-0401,2025-03-12,13:34:02,TBILL_PURCHASE,PKR_TBILL,12M,CP-010,TS-009,,PKR,330000000.00,12.2529,330000000.00,2025-03-13,2026-03-12,Settled,TS-009,2025-03-12 13:43:43,N,,
TD-2025-0402,2025-03-12,13:35:03,FX_SPOT,EUR/PKR,SPOT,CP-006,TS-005,,EUR,325000.00,296.5759,96387167.50,2025-03-14,2025-03-14,Settled,TS-005,2025-03-12 13:39:03,N,,
TD-2025-0403,2025-03-12,14:01:42,FX_SPOT,USD/PKR,SPOT,CP-003,TS-004,,USD,750000.00,280.6942,210520650.00,2025-03-14,2025-03-14,Settled,TS-004,2025-03-12 14:08:57,N,,
TD-2025-0404,2025-03-12,14:41:04,FX_SPOT,USD/PKR,SPOT,CP-003,TS-005,BR-003,USD,350000.00,280.7242,98253470.00,2025-03-14,2025-03-14,Settled,TS-005,2025-03-12 14:45:04,N,,
TD-2025-0405,2025-03-12,15:48:26,MM_BORROWING,PKR_MM,2M,CP-001,TS-007,BR-001,PKR,40000000.00,11.9599,40000000.00,2025-03-12,2025-05-12,Settled,TS-007,2025-03-12 15:49:28,N,,
TD-2025-0406,2025-03-12,16:58:09,FX_FORWARD,GBP/PKR,1M,CP-007,TS-003,,GBP,350000.00,354.9581,124235335.00,2025-04-11,2025-04-11,Settled,TS-003,2025-03-12 17:03:39,N,,
TD-2025-0407,2025-03-13,10:47:05,FX_SPOT,USD/PKR,SPOT,CP-005,TS-003,BR-003,USD,900000.00,280.2995,252269550.00,2025-03-17,2025-03-17,Settled,TS-003,2025-03-13 10:54:37,N,,
TD-2025-0408,2025-03-13,11:39:25,FX_SPOT,USD/PKR,SPOT,CP-004,TS-003,,USD,100000.00,280.2503,28025030.00,2025-03-17,2025-03-17,Settled,TS-003,2025-03-13 11:45:11,N,,
TD-2025-0409,2025-03-13,13:46:03,MM_BORROWING,PKR_MM,2M,CP-006,TS-008,,PKR,77000000.00,12.0106,77000000.00,2025-03-13,2025-05-12,Settled,TS-008,2025-03-13 13:52:44,N,,
TD-2025-0410,2025-03-13,14:08:54,FX_SPOT,USD/PKR,SPOT,CP-004,TS-003,,USD,350000.00,280.2970,98103950.00,2025-03-17,2025-03-17,Settled,TS-003,2025-03-13 14:11:03,N,,
TD-2025-0411,2025-03-13,14:11:53,FX_FORWARD,EUR/PKR,2M,CP-001,TS-010,BR-002,EUR,125000.00,301.0209,37627612.00,2025-05-12,2025-05-12,Settled,TS-010,2025-03-13 14:19:15,N,,
TD-2025-0412,2025-03-13,14:58:13,FX_FORWARD,USD/PKR,2M,CP-005,TS-010,,USD,100000.00,283.6891,28368910.00,2025-05-12,2025-05-12,Settled,TS-010,2025-03-13 15:03:28,N,,
TD-2025-0413,2025-03-13,16:03:46,TBILL_PURCHASE,PKR_TBILL,3M,CP-010,TS-009,,PKR,414000000.00,11.9977,414000000.00,2025-03-14,2025-06-13,Settled,TS-009,2025-03-13 16:10:35,N,,
TD-2025-0414,2025-03-14,10:36:14,FX_SPOT,GBP/PKR,SPOT,CP-005,TS-003,,GBP,475000.00,351.7449,167078828.00,2025-03-18,2025-03-18,Settled,TS-003,2025-03-14 10:40:01,N,,
TD-2025-0415,2025-03-14,12:05:26,TBILL_PURCHASE,PKR_TBILL,3M,CP-010,TS-009,,PKR,216000000.00,11.9810,216000000.00,2025-03-17,2025-06-16,Settled,TS-009,2025-03-14 12:09:29,N,,
TD-2025-0416,2025-03-14,12:14:31,FX_SPOT,USD/PKR,SPOT,CP-001,TS-005,BR-002,USD,250000.00,280.5474,70136850.00,2025-03-18,2025-03-18,Settled,TS-005,2025-03-14 12:21:12,N,,
TD-2025-0417,2025-03-14,12:19:12,FX_FORWARD,USD/PKR,1M,CP-007,TS-003,,USD,650000.00,282.2445,183458925.00,2025-04-14,2025-04-14,Settled,TS-003,2025-03-14 12:28:14,N,,
TD-2025-0418,2025-03-14,13:49:38,MM_PLACEMENT,PKR_MM,2M,CP-006,TS-008,,PKR,65000000.00,11.9519,65000000.00,2025-03-14,2025-05-13,Settled,TS-008,2025-03-14 13:50:56,N,,
TD-2025-0419,2025-03-14,16:13:08,FX_SPOT,AED/PKR,SPOT,CP-001,TS-004,,AED,600000.00,76.4025,45841500.00,2025-03-18,2025-03-18,Settled,TS-004,2025-03-14 16:16:19,N,,
TD-2025-0420,2025-03-17,09:20:54,MM_BORROWING,PKR_MM,1M,CP-001,TS-006,BR-001,PKR,290000000.00,11.8764,290000000.00,2025-03-18,2025-04-17,Settled,TS-006,2025-03-17 09:30:24,N,,
TD-2025-0421,2025-03-17,10:14:34,TBILL_PURCHASE,PKR_TBILL,3M,CP-010,TS-009,,PKR,410000000.00,11.9372,410000000.00,2025-03-18,2025-06-17,Settled,TS-009,2025-03-17 10:22:59,N,,
TD-2025-0422,2025-03-17,10:23:14,MM_PLACEMENT,PKR_MM,2W,CP-004,TS-007,,PKR,94000000.00,11.7612,94000000.00,2025-03-17,2025-04-03,Settled,TS-007,2025-03-17 10:29:09,N,,
TD-2025-0423,2025-03-17,10:40:14,MM_PLACEMENT,PKR_MM,2W,CP-001,TS-008,BR-001,PKR,40000000.00,11.7532,40000000.00,2025-03-18,2025-04-03,Settled,TS-008,2025-03-17 10:49:41,N,,
TD-2025-0424,2025-03-17,10:47:02,FX_SPOT,GBP/PKR,SPOT,CP-002,TS-004,,GBP,375000.00,352.6120,132229500.00,2025-03-19,2025-03-19,Settled,TS-004,2025-03-17 10:56:22,N,,
TD-2025-0425,2025-03-17,11:57:58,FX_SPOT,USD/PKR,SPOT,CP-006,TS-004,BR-003,USD,500000.00,280.8062,140403100.00,2025-03-19,2025-03-19,Settled,TS-004,2025-03-17 12:04:40,N,,
TD-2025-0426,2025-03-17,12:51:32,FX_SPOT,EUR/PKR,SPOT,CP-004,TS-003,,EUR,875000.00,295.4717,258537738.00,2025-03-19,2025-03-19,Settled,TS-003,2025-03-17 12:57:22,N,,
TD-2025-0427,2025-03-17,13:54:59,FX_FORWARD,GBP/PKR,1M,CP-006,TS-003,,GBP,350000.00,354.8145,124185075.00,2025-04-16,2025-04-16,Settled,TS-003,2025-03-17 13:56:21,N,,
TD-2025-0428,2025-03-17,14:03:41,MM_BORROWING,PKR_MM,1M,CP-001,TS-006,,PKR,40000000.00,11.8662,40000000.00,2025-03-18,2025-04-17,Settled,TS-006,2025-03-17 14:06:08,N,,
TD-2025-0429,2025-03-17,14:38:57,MM_BORROWING,PKR_MM,2W,CP-003,TS-007,BR-002,PKR,280000000.00,11.7564,280000000.00,2025-03-17,2025-04-03,Settled,TS-007,2025-03-17 14:41:10,N,,
TD-2025-0430,2025-03-17,15:59:24,MM_PLACEMENT,PKR_MM,2W,CP-002,TS-006,,PKR,522000000.00,11.7644,522000000.00,2025-03-18,2025-04-03,Settled,TS-006,2025-03-17 16:07:34,N,,
TD-2025-0431,2025-03-18,10:20:03,FX_FORWARD,USD/PKR,2M,CP-003,TS-004,,USD,300000.00,283.7699,85130970.00,2025-05-19,2025-05-19,Settled,TS-004,2025-03-18 10:24:17,N,,
TD-2025-0432,2025-03-18,10:34:55,MM_PLACEMENT,PKR_MM,1W,CP-001,TS-006,,PKR,40000000.00,11.6699,40000000.00,2025-03-19,2025-03-26,Settled,TS-006,2025-03-18 10:37:37,N,,
TD-2025-0433,2025-03-18,11:37:01,FX_SPOT,USD/PKR,SPOT,CP-006,TS-010,,USD,100000.00,280.4364,28043640.00,2025-03-20,2025-03-20,Settled,TS-010,2025-03-18 11:42:40,N,,
TD-2025-0434,2025-03-18,14:33:49,MM_PLACEMENT,PKR_MM,3M,CP-007,TS-008,BR-002,PKR,90000000.00,12.0473,90000000.00,2025-03-18,2025-06-16,Settled,TS-008,2025-03-18 14:41:37,N,,
TD-2025-0435,2025-03-18,14:38:39,MM_PLACEMENT,PKR_MM,1M,CP-007,TS-007,,PKR,62000000.00,11.8846,62000000.00,2025-03-18,2025-04-17,Settled,TS-007,2025-03-18 14:43:28,N,,
TD-2025-0436,2025-03-18,15:43:34,FX_SPOT,USD/PKR,SPOT,CP-006,TS-004,,USD,150000.00,280.4225,42063375.00,2025-03-20,2025-03-20,Settled,TS-004,2025-03-18 15:48:04,N,,
TD-2025-0437,2025-03-19,09:27:28,MM_PLACEMENT,PKR_MM,1M,CP-001,TS-007,,PKR,40000000.00,11.8142,40000000.00,2025-03-20,2025-04-21,Settled,TS-007,2025-03-19 09:33:55,N,,
TD-2025-0438,2025-03-19,09:36:39,FX_FORWARD,USD/PKR,2M,CP-001,TS-004,,USD,350000.00,283.6550,99279250.00,2025-05-19,2025-05-19,Settled,TS-004,2025-03-19 09:40:21,N,,
TD-2025-0439,2025-03-19,10:05:27,MM_BORROWING,PKR_MM,1W,CP-003,TS-006,BR-002,PKR,162000000.00,11.6222,162000000.00,2025-03-19,2025-03-26,Settled,TS-006,2025-03-19 10:10:59,N,,
TD-2025-0440,2025-03-19,10:20:13,FX_SPOT,EUR/PKR,SPOT,CP-004,TS-004,,EUR,650000.00,295.5459,192104835.00,2025-03-21,2025-03-21,Settled,TS-004,2025-03-19 10:30:08,N,,
TD-2025-0441,2025-03-19,10:20:56,MM_PLACEMENT,PKR_MM,2M,CP-001,TS-006,BR-001,PKR,40000000.00,11.9052,40000000.00,2025-03-19,2025-05-19,Settled,TS-006,2025-03-19 10:29:28,N,,
TD-2025-0442,2025-03-19,10:30:30,FX_SPOT,USD/PKR,SPOT,CP-004,TS-004,,USD,650000.00,280.2661,182172965.00,2025-03-21,2025-03-21,Settled,TS-004,2025-03-19 10:31:51,N,,
TD-2025-0443,2025-03-19,10:48:17,MM_BORROWING,PKR_MM,3M,CP-001,TS-007,,PKR,184000000.00,11.9879,184000000.00,2025-03-19,2025-06-17,Settled,TS-007,2025-03-19 10:58:03,N,,
TD-2025-0444,2025-03-19,11:00:09,MM_BORROWING,PKR_MM,2M,CP-001,TS-006,,PKR,40000000.00,11.8990,40000000.00,2025-03-20,2025-05-19,Settled,TS-006,2025-03-19 11:05:43,N,,
TD-2025-0445,2025-03-19,11:13:18,FX_FORWARD,USD/PKR,2M,CP-001,TS-004,,USD,650000.00,283.6562,184376530.00,2025-05-19,2025-05-19,Settled,TS-004,2025-03-19 11:19:09,N,,
TD-2025-0446,2025-03-19,11:24:43,TBILL_PURCHASE,PKR_TBILL,3M,CP-010,TS-009,,PKR,234000000.00,11.9018,234000000.00,2025-03-20,2025-06-19,Settled,TS-009,2025-03-19 11:33:28,N,,
TD-2025-0448,2025-03-19,11:52:55,FX_SPOT,USD/PKR,SPOT,CP-004,TS-004,,USD,500000.00,280.2802,140140100.00,2025-03-21,2025-03-21,Settled,TS-004,2025-03-19 12:02:02,N,,
TD-2025-0449,2025-03-19,11:57:50,MM_BORROWING,PKR_MM,2W,CP-001,TS-006,BR-001,PKR,269000000.00,11.6955,269000000.00,2025-03-19,2025-04-03,Settled,TS-006,2025-03-19 12:06:13,N,,
TD-2025-0450,2025-03-19,12:54:25,MM_BORROWING,PKR_MM,1M,CP-001,TS-007,,PKR,159000000.00,11.8098,159000000.00,2025-03-20,2025-04-21,Settled,TS-007,2025-03-19 12:58:05,N,,
TD-2025-0451,2025-03-19,14:42:59,FX_SPOT,AED/PKR,SPOT,CP-005,TS-003,,AED,1300000.00,76.4608,99399040.00,2025-03-21,2025-03-21,Settled,TS-003,2025-03-19 14:48:18,N,,
TD-2025-0452,2025-03-19,14:50:26,FX_SPOT,USD/PKR,SPOT,CP-004,TS-003,,USD,450000.00,280.2837,126127665.00,2025-03-21,2025-03-21,Settled,TS-003,2025-03-19 15:00:08,N,,
TD-2025-0453,2025-03-19,15:38:24,MM_BORROWING,PKR_MM,2M,CP-001,TS-007,BR-002,PKR,40000000.00,11.8923,40000000.00,2025-03-19,2025-05-19,Settled,TS-007,2025-03-19 15:47:23,N,,
TD-2025-0454,2025-03-19,15:47:01,FX_SPOT,USD/PKR,SPOT,CP-007,TS-003,BR-003,USD,600000.00,280.2990,168179400.00,2025-03-21,2025-03-21,Settled,TS-003,2025-03-19 15:51:12,N,,
TD-2025-0455,2025-03-19,16:52:00,MM_BORROWING,PKR_MM,3M,CP-007,TS-006,,PKR,78000000.00,11.9977,78000000.00,2025-03-19,2025-06-17,Settled,TS-006,2025-03-19 17:00:49,N,,
TD-2025-0456,2025-03-20,09:34:00,FX_SPOT,USD/PKR,SPOT,CP-001,TS-005,BR-003,USD,300000.00,280.7748,84232440.00,2025-03-24,2025-03-24,Settled,TS-005,2025-03-20 09:40:14,N,,
TD-2025-0457,2025-03-20,09:59:38,FX_SPOT,USD/PKR,SPOT,CP-007,TS-003,BR-003,USD,450000.00,280.8063,126362835.00,2025-03-24,2025-03-24,Settled,TS-003,2025-03-20 10:09:24,N,,
TD-2025-0458,2025-03-20,15:01:30,FX_FORWARD,USD/PKR,1M,CP-009,TS-004,,USD,750000.00,282.4940,211870500.00,2025-04-21,2025-04-21,Settled,TS-004,2025-03-20 15:04:38,N,,
TD-2025-0459,2025-03-20,15:18:16,TBILL_PURCHASE,PKR_TBILL,3M,CP-010,TS-009,,PKR,408000000.00,11.9061,408000000.00,2025-03-21,2025-06-20,Settled,TS-009,2025-03-20 15:25:29,N,,
TD-2025-0460,2025-03-20,15:35:41,TBILL_PURCHASE,PKR_TBILL,12M,CP-010,TS-009,,PKR,395000000.00,12.1943,395000000.00,2025-03-21,2026-03-20,Settled,TS-009,2025-03-20 15:42:22,N,,
TD-2025-0461,2025-03-20,16:05:08,FX_SPOT,GBP/PKR,SPOT,CP-005,TS-005,BR-003,GBP,175000.00,353.3101,61829267.00,2025-03-24,2025-03-24,Settled,TS-005,2025-03-20 16:06:11,N,,
TD-2025-0462,2025-03-20,16:17:57,FX_FORWARD,USD/PKR,2M,CP-004,TS-003,BR-003,USD,1050000.00,284.1798,298388790.00,2025-05-19,2025-05-19,Settled,TS-003,2025-03-20 16:21:22,N,,
TD-2025-0463,2025-03-21,09:59:47,FX_FORWARD,USD/PKR,3M,CP-003,TS-010,,USD,100000.00,285.6034,28560340.00,2025-06-19,2025-06-19,Settled,TS-010,2025-03-21 10:01:38,N,,
TD-2025-0464,2025-03-21,10:56:26,FX_SPOT,USD/PKR,SPOT,CP-004,TS-004,,USD,250000.00,280.5623,70140575.00,2025-03-25,2025-03-25,Settled,TS-004,2025-03-21 11:00:09,N,,
TD-2025-0465,2025-03-21,11:20:13,MM_BORROWING,PKR_MM,2W,CP-002,TS-008,BR-002,PKR,91000000.00,11.7145,91000000.00,2025-03-21,2025-04-04,Settled,TS-008,2025-03-21 11:22:31,N,,
TD-2025-0466,2025-03-21,11:35:14,TBILL_PURCHASE,PKR_TBILL,12M,CP-010,TS-009,,PKR,466000000.00,12.1868,466000000.00,2025-03-24,2026-03-23,Settled,TS-009,2025-03-21 11:38:23,N,,
TD-2025-0467,2025-03-21,11:46:35,FX_SPOT,GBP/PKR,SPOT,CP-008,TS-005,,GBP,200000.00,353.1331,70626620.00,2025-03-25,2025-03-25,Settled,TS-005,2025-03-21 11:48:20,N,,
TD-2025-0468,2025-03-21,11:50:07,FX_SPOT,USD/PKR,SPOT,CP-001,TS-003,,USD,300000.00,280.5141,84154230.00,2025-03-25,2025-03-25,Settled,TS-003,2025-03-21 11:54:23,N,,
TD-2025-0469,2025-03-21,12:05:56,MM_BORROWING,PKR_MM,1M,CP-004,TS-007,,PKR,343000000.00,11.8484,343000000.00,2025-03-24,2025-04-23,Settled,TS-007,2025-03-21 12:09:34,N,,
TD-2025-0470,2025-03-21,12:20:35,TBILL_PURCHASE,PKR_TBILL,6M,CP-010,TS-009,,PKR,300000000.00,12.1013,300000000.00,2025-03-24,2025-09-22,Settled,TS-009,2025-03-21 12:28:23,N,,
TD-2025-0471,2025-03-21,12:23:40,MM_PLACEMENT,PKR_MM,1W,CP-004,TS-007,,PKR,213000000.00,11.6258,213000000.00,2025-03-21,2025-03-28,Settled,TS-007,2025-03-21 12:31:41,N,,
TD-2025-0472,2025-03-21,12:58:29,FX_FORWARD,USD/PKR,3M,CP-006,TS-003,BR-002,USD,650000.00,285.5943,185636295.00,2025-06-19,2025-06-19,Settled,TS-003,2025-03-21 13:04:23,N,,
TD-2025-0473,2025-03-21,13:55:15,MM_BORROWING,PKR_MM,1M,CP-006,TS-007,BR-002,PKR,70000000.00,11.8439,70000000.00,2025-03-24,2025-04-23,Settled,TS-007,2025-03-21 13:59:53,N,,
TD-2025-0474,2025-03-21,14:26:30,MM_BORROWING,PKR_MM,1M,CP-002,TS-007,BR-002,PKR,275000000.00,11.8480,275000000.00,2025-03-24,2025-04-23,Settled,TS-007,2025-03-21 14:27:55,N,,
TD-2025-0475,2025-03-21,14:29:04,FX_SPOT,USD/PKR,SPOT,CP-008,TS-004,BR-002,USD,150000.00,280.5101,42076515.00,2025-03-25,2025-03-25,Settled,TS-004,2025-03-21 14:36:44,N,,
TD-2025-0476,2025-03-21,15:21:16,FX_FORWARD,USD/PKR,3M,CP-001,TS-003,,USD,550000.00,285.6419,157103045.00,2025-06-19,2025-06-19,Settled,TS-003,2025-03-21 15:28:32,N,,
TD-2025-0477,2025-03-21,16:47:20,TBILL_PURCHASE,PKR_TBILL,6M,CP-010,TS-009,,PKR,251000000.00,12.1075,251000000.00,2025-03-24,2025-09-22,Settled,TS-009,2025-03-21 16:54:57,N,,
TD-2025-0478,2025-03-24,10:15:53,FX_FORWARD,USD/PKR,1M,CP-002,TS-004,,USD,500000.00,282.4873,141243650.00,2025-04-23,2025-04-23,Settled,TS-004,2025-03-24 10:17:24,N,,
TD-2025-0479,2025-03-24,12:38:25,MM_PLACEMENT,PKR_MM,2W,CP-006,TS-007,,PKR,133000000.00,11.6573,133000000.00,2025-03-25,2025-04-08,Settled,TS-007,2025-03-24 12:42:40,N,,
TD-2025-0480,2025-03-24,13:00:35,MM_PLACEMENT,PKR_MM,1M,CP-004,TS-008,BR-002,PKR,94000000.00,11.8002,94000000.00,2025-03-25,2025-04-24,Settled,TS-008,2025-03-24 13:07:38,N,,
TD-2025-0481,2025-03-24,13:38:47,FX_SPOT,AED/PKR,SPOT,CP-002,TS-003,,AED,2700000.00,76.3542,206156340.00,2025-03-26,2025-03-26,Settled,TS-003,2025-03-24 13:48:02,N,,
TD-2025-0482,2025-03-24,15:36:49,MM_PLACEMENT,PKR_MM,1M,CP-004,TS-006,,PKR,253000000.00,11.8047,253000000.00,2025-03-25,2025-04-24,Settled,TS-006,2025-03-24 15:38:54,N,,
TD-2025-0483,2025-03-25,09:03:20,FX_FORWARD,USD/PKR,1M,CP-006,TS-003,BR-002,USD,950000.00,282.2319,268120305.00,2025-04-24,2025-04-24,Settled,TS-003,2025-03-25 09:11:19,N,,
TD-2025-0484,2025-03-25,09:46:00,FX_SPOT,AED/PKR,SPOT,CP-003,TS-003,BR-003,AED,1400000.00,76.4599,107043860.00,2025-03-27,2025-03-27,Settled,TS-003,2025-03-25 09:55:50,N,,
TD-2025-0485,2025-03-25,10:27:11,MM_PLACEMENT,PKR_MM,1M,CP-004,TS-008,,PKR,69000000.00,11.7891,69000000.00,2025-03-26,2025-04-25,Settled,TS-008,2025-03-25 10:33:55,N,,
TD-2025-0486,2025-03-25,10:34:30,FX_FORWARD,USD/PKR,3M,CP-003,TS-010,,USD,150000.00,285.5914,42838710.00,2025-06-23,2025-06-23,Settled,TS-010,2025-03-25 10:44:12,N,,
TD-2025-0487,2025-03-25,11:05:06,MM_PLACEMENT,PKR_MM,2W,CP-006,TS-007,,PKR,217000000.00,11.6517,217000000.00,2025-03-25,2025-04-08,Settled,TS-007,2025-03-25 11:07:20,N,,
TD-2025-0488,2025-03-25,14:20:33,FX_FORWARD,GBP/PKR,1M,CP-002,TS-003,,GBP,900000.00,356.2201,320598090.00,2025-04-24,2025-04-24,Settled,TS-003,2025-03-25 14:25:44,N,,
TD-2025-0489,2025-03-25,14:46:42,MM_PLACEMENT,PKR_MM,2M,CP-004,TS-007,BR-002,PKR,150000000.00,11.8475,150000000.00,2025-03-26,2025-05-26,Settled,TS-007,2025-03-25 14:54:03,N,,
TD-2025-0490,2025-03-25,14:48:23,TBILL_PURCHASE,PKR_TBILL,3M,CP-010,TS-009,,PKR,383000000.00,11.8790,383000000.00,2025-03-26,2025-06-25,Settled,TS-009,2025-03-25 14:50:51,N,,
TD-2025-0491,2025-03-25,15:23:56,FX_FORWARD,USD/PKR,1M,CP-004,TS-003,,USD,500000.00,282.1853,141092650.00,2025-04-24,2025-04-24,Settled,TS-003,2025-03-25 15:32:40,N,,
TD-2025-0492,2025-03-26,09:33:39,MM_BORROWING,PKR_MM,1W,CP-001,TS-006,BR-001,PKR,40000000.00,11.5338,40000000.00,2025-03-26,2025-04-03,Settled,TS-006,2025-03-26 09:36:33,N,,
TD-2025-0493,2025-03-26,10:44:35,FX_SPOT,USD/PKR,SPOT,CP-005,TS-010,,USD,100000.00,280.4903,28049030.00,2025-03-28,2025-03-28,Settled,TS-010,2025-03-26 10:45:50,N,,
TD-2025-0494,2025-03-26,11:12:32,FX_SPOT,GBP/PKR,SPOT,CP-006,TS-005,,GBP,100000.00,354.2714,35427140.00,2025-03-28,2025-03-28,Settled,TS-005,2025-03-26 11:14:32,N,,
TD-2025-0495,2025-03-26,11:26:08,MM_PLACEMENT,PKR_MM,1W,CP-002,TS-008,,PKR,107000000.00,11.5351,107000000.00,2025-03-27,2025-04-03,Settled,TS-008,2025-03-26 11:31:17,N,,
TD-2025-0496,2025-03-26,11:54:05,MM_BORROWING,PKR_MM,1W,CP-005,TS-006,,PKR,176000000.00,11.5365,176000000.00,2025-03-27,2025-04-03,Settled,TS-006,2025-03-26 12:03:57,N,,
TD-2025-0497,2025-03-26,12:11:25,FX_SPOT,USD/PKR,SPOT,CP-003,TS-004,,USD,600000.00,280.5205,168312300.00,2025-03-28,2025-03-28,Settled,TS-004,2025-03-26 12:16:50,N,,
TD-2025-0498,2025-03-26,14:20:23,FX_FORWARD,EUR/PKR,3M,CP-004,TS-004,,EUR,700000.00,303.1195,212183650.00,2025-06-24,2025-06-24,Settled,TS-004,2025-03-26 14:25:47,N,,
TD-2025-0499,2025-03-26,15:29:48,MM_BORROWING,PKR_MM,2W,CP-001,TS-008,BR-001,PKR,40000000.00,11.6045,40000000.00,2025-03-26,2025-04-09,Settled,TS-008,2025-03-26 15:38:46,N,,
TD-2025-0500,2025-03-26,15:57:08,FX_FORWARD,USD/PKR,1M,CP-002,TS-003,,USD,1050000.00,282.2072,296317560.00,2025-04-25,2025-04-25,Settled,TS-003,2025-03-26 16:04:11,N,,
TD-2025-0501,2025-03-26,15:59:20,TBILL_PURCHASE,PKR_TBILL,6M,CP-010,TS-009,,PKR,456000000.00,11.9946,456000000.00,2025-03-27,2025-09-25,Settled,TS-009,2025-03-26 16:03:28,N,,
TD-2025-0502,2025-03-27,11:18:44,FX_FORWARD,USD/PKR,1M,CP-003,TS-004,,USD,250000.00,282.5806,70645150.00,2025-04-28,2025-04-28,Settled,TS-004,2025-03-27 11:25:15,N,,
TD-2025-0503,2025-03-27,11:52:15,MM_BORROWING,PKR_MM,1M,CP-001,TS-006,,PKR,40000000.00,11.7478,40000000.00,2025-03-28,2025-04-28,Settled,TS-006,2025-03-27 11:57:43,N,,
TD-2025-0504,2025-03-27,12:05:28,FX_SPOT,USD/PKR,SPOT,CP-001,TS-003,,USD,150000.00,280.9211,42138165.00,2025-04-03,2025-04-03,Settled,TS-003,2025-03-27 12:10:49,N,,
TD-2025-0505,2025-03-27,15:17:20,FX_SPOT,USD/PKR,SPOT,CP-001,TS-003,,USD,150000.00,280.8848,42132720.00,2025-04-03,2025-04-03,Settled,TS-003,2025-03-27 15:20:42,N,,
TD-2025-0506,2025-03-27,15:50:44,TBILL_PURCHASE,PKR_TBILL,3M,CP-010,TS-009,,PKR,372000000.00,11.8595,372000000.00,2025-03-28,2025-06-27,Settled,TS-009,2025-03-27 15:52:28,N,,
TD-2025-0507,2025-03-28,09:08:02,FX_SPOT,EUR/PKR,SPOT,CP-005,TS-005,,EUR,125000.00,298.1835,37272938.00,2025-04-04,2025-04-04,Settled,TS-005,2025-03-28 09:12:40,N,,
TD-2025-0508,2025-03-28,10:06:01,FX_FORWARD,USD/PKR,1M,CP-002,TS-004,BR-003,USD,700000.00,282.8194,197973580.00,2025-04-28,2025-04-28,Settled,TS-004,2025-03-28 10:13:27,N,,
TD-2025-0509,2025-03-28,10:33:19,MM_BORROWING,PKR_MM,2M,CP-001,TS-008,,PKR,40000000.00,11.8343,40000000.00,2025-04-03,2025-06-02,Settled,TS-008,2025-03-28 10:39:10,N,,
TD-2025-0510,2025-03-28,12:10:10,MM_PLACEMENT,PKR_MM,1W,CP-001,TS-007,,PKR,40000000.00,11.5512,40000000.00,2025-03-28,2025-04-04,Settled,TS-007,2025-03-28 12:15:05,N,,
TD-2025-0511,2025-03-28,12:55:39,MM_PLACEMENT,PKR_MM,2W,CP-001,TS-007,,PKR,40000000.00,11.5936,40000000.00,2025-04-03,2025-04-17,Settled,TS-007,2025-03-28 13:01:20,N,,
TD-2025-0512,2025-03-28,14:13:10,TBILL_PURCHASE,PKR_TBILL,3M,CP-010,TS-006,,PKR,414000000.00,11.8419,414000000.00,2025-04-03,2025-07-03,Settled,TS-006,2025-03-28 14:21:46,N,,
TD-2025-0513,2025-03-28,15:24:15,MM_BORROWING,PKR_MM,1M,CP-001,TS-006,,PKR,40000000.00,11.7545,40000000.00,2025-03-28,2025-04-28,Settled,TS-006,2025-03-28 15:27:25,N,,
TD-2025-0514,2025-03-28,15:25:33,FX_SPOT,AED/PKR,SPOT,CP-005,TS-003,,AED,2000000.00,76.4408,152881600.00,2025-04-04,2025-04-04,Settled,TS-003,2025-03-28 15:31:17,N,,
TD-2025-0515,2025-03-28,15:27:34,MM_PLACEMENT,PKR_MM,1M,CP-001,TS-007,,PKR,40000000.00,11.7561,40000000.00,2025-03-28,2025-04-28,Settled,TS-007,2025-03-28 15:36:51,N,,
TD-2025-0516,2025-03-28,15:36:39,MM_BORROWING,PKR_MM,2M,CP-004,TS-007,,PKR,139000000.00,11.8373,139000000.00,2025-04-03,2025-06-02,Settled,TS-007,2025-03-28 15:45:53,N,,
TD-2025-0517,2025-03-28,15:47:11,MM_BORROWING,PKR_MM,1W,CP-001,TS-006,,PKR,40000000.00,11.5525,40000000.00,2025-04-03,2025-04-10,Settled,TS-006,2025-03-28 15:56:48,N,,
TD-2025-0518,2025-04-03,10:02:35,MM_PLACEMENT,PKR_MM,2W,CP-005,TS-006,,PKR,525000000.00,11.5962,525000000.00,2025-04-04,2025-04-18,Settled,TS-006,2025-04-03 10:11:51,N,,
TD-2025-0519,2025-04-03,10:06:47,MM_PLACEMENT,PKR_MM,1W,CP-003,TS-007,,PKR,233000000.00,11.5487,233000000.00,2025-04-04,2025-04-11,Settled,TS-007,2025-04-03 10:15:01,N,,
TD-2025-0520,2025-04-03,15:15:52,MM_BORROWING,PKR_MM,1W,CP-001,TS-006,BR-002,PKR,40000000.00,11.5428,40000000.00,2025-04-03,2025-04-10,Settled,TS-006,2025-04-03 15:19:04,N,,
TD-2025-0521,2025-04-03,15:33:04,FX_FORWARD,USD/PKR,1M,CP-002,TS-004,,USD,350000.00,282.9032,99016120.00,2025-05-05,2025-05-05,Settled,TS-004,2025-04-03 15:38:41,N,,
TD-2025-0522,2025-04-03,16:08:39,FX_SPOT,USD/PKR,SPOT,CP-001,TS-010,,USD,150000.00,281.2112,42181680.00,2025-04-07,2025-04-07,Settled,TS-010,2025-04-03 16:17:47,N,,
TD-2025-0523,2025-04-04,09:03:47,FX_SPOT,USD/PKR,SPOT,CP-005,TS-005,,USD,300000.00,280.6505,84195150.00,2025-04-08,2025-04-08,Settled,TS-005,2025-04-04 09:12:03,N,,
TD-2025-0524,2025-04-04,11:32:00,MM_BORROWING,PKR_MM,1W,CP-001,TS-006,BR-002,PKR,40000000.00,11.4761,40000000.00,2025-04-04,2025-04-11,Settled,TS-006,2025-04-04 11:41:01,N,,
TD-2025-0525,2025-04-04,11:32:29,FX_SPOT,USD/PKR,SPOT,CP-005,TS-004,BR-002,USD,100000.00,278.6228,27862280.00,2025-04-08,2025-04-08,Settled,TS-004,2025-04-04 11:40:16,N,,
TD-2025-0526,2025-04-04,11:52:29,FX_SPOT,USD/PKR,SPOT,CP-006,TS-005,,USD,150000.00,280.6024,42090360.00,2025-04-08,2025-04-08,Settled,TS-005,2025-04-04 11:58:32,N,,
TD-2025-0527,2025-04-04,12:06:12,MM_BORROWING,PKR_MM,2M,CP-004,TS-006,,PKR,113000000.00,11.7868,113000000.00,2025-04-04,2025-06-03,Settled,TS-006,2025-04-04 12:14:13,N,,
TD-2025-0528,2025-04-04,12:52:55,FX_FORWARD,USD/PKR,1M,CP-001,TS-004,,USD,500000.00,282.2732,141136600.00,2025-05-05,2025-05-05,Settled,TS-004,2025-04-04 12:58:11,N,,
TD-2025-0529,2025-04-04,13:28:13,FX_FORWARD,EUR/PKR,1M,CP-006,TS-004,,EUR,450000.00,300.4987,135224415.00,2025-05-05,2025-05-05,Settled,TS-004,2025-04-04 13:33:30,N,,
TD-2025-0530,2025-04-04,14:50:13,FX_SPOT,USD/PKR,SPOT,CP-004,TS-003,,USD,600000.00,280.6413,168384780.00,2025-04-08,2025-04-08,Settled,TS-003,2025-04-04 14:53:07,N,,
TD-2025-0531,2025-04-04,15:03:02,MM_PLACEMENT,PKR_MM,2M,CP-002,TS-007,,PKR,297000000.00,11.7941,297000000.00,2025-04-07,2025-06-11,Settled,TS-007,2025-04-04 15:08:31,N,,
TD-2025-0532,2025-04-04,15:30:23,MM_BORROWING,PKR_MM,3M,CP-002,TS-008,BR-001,PKR,231000000.00,11.8581,231000000.00,2025-04-07,2025-07-07,Settled,TS-008,2025-04-04 15:31:43,N,,
TD-2025-0533,2025-04-04,15:36:32,MM_BORROWING,PKR_MM,3M,CP-002,TS-007,BR-001,PKR,225000000.00,11.8697,225000000.00,2025-04-04,2025-07-03,Settled,TS-007,2025-04-04 15:44:59,N,,
TD-2025-0534,2025-04-07,10:35:41,MM_PLACEMENT,PKR_MM,1M,CP-002,TS-007,BR-001,PKR,233000000.00,11.6815,233000000.00,2025-04-08,2025-05-08,Settled,TS-007,2025-04-07 10:39:52,N,,
TD-2025-0535,2025-04-07,11:48:19,FX_SPOT,GBP/PKR,SPOT,CP-004,TS-004,,GBP,250000.00,354.7569,88689225.00,2025-04-09,2025-04-09,Settled,TS-004,2025-04-07 11:56:55,N,,
TD-2025-0536,2025-04-07,13:23:49,FX_FORWARD,USD/PKR,3M,CP-003,TS-003,BR-003,USD,950000.00,286.2185,271907575.00,2025-07-07,2025-07-07,Outstanding,TS-003,2025-04-07 13:29:21,N,,
TD-2025-0537,2025-04-07,15:02:55,FX_SPOT,USD/PKR,SPOT,CP-004,TS-003,BR-003,USD,450000.00,281.2795,126575775.00,2025-04-09,2025-04-09,Settled,TS-003,2025-04-07 15:08:29,N,,
TD-2025-0538,2025-04-07,15:26:48,FX_SPOT,USD/PKR,SPOT,CP-001,TS-004,BR-003,USD,500000.00,281.2447,140622350.00,2025-04-09,2025-04-09,Settled,TS-004,2025-04-07 15:32:46,N,,
TD-2025-0539,2025-04-07,15:35:41,TBILL_PURCHASE,PKR_TBILL,3M,CP-010,TS-009,,PKR,235000000.00,11.8048,235000000.00,2025-04-08,2025-07-08,Settled,TS-009,2025-04-07 15:40:47,N,,
TD-2025-0540,2025-04-07,15:47:18,FX_SPOT,USD/PKR,SPOT,CP-009,TS-010,BR-002,USD,150000.00,281.2420,42186300.00,2025-04-09,2025-04-09,Settled,TS-010,2025-04-07 15:51:15,N,,
TD-2025-0541,2025-04-07,16:02:03,MM_PLACEMENT,PKR_MM,1W,CP-004,TS-008,,PKR,106000000.00,11.4503,106000000.00,2025-04-07,2025-04-14,Settled,TS-008,2025-04-07 16:09:06,N,,
TD-2025-0542,2025-04-08,11:04:09,MM_PLACEMENT,PKR_MM,1M,CP-003,TS-007,,PKR,351000000.00,11.7170,351000000.00,2025-04-08,2025-05-08,Settled,TS-007,2025-04-08 11:13:08,N,,
TD-2025-0543,2025-04-08,11:31:29,TBILL_PURCHASE,PKR_TBILL,6M,CP-010,TS-009,,PKR,447000000.00,11.9500,447000000.00,2025-04-09,2025-10-08,Settled,TS-009,2025-04-08 11:38:24,N,,
TD-2025-0544,2025-04-08,11:34:39,MM_PLACEMENT,PKR_MM,2M,CP-004,TS-007,BR-001,PKR,198000000.00,11.8111,198000000.00,2025-04-08,2025-06-11,Settled,TS-007,2025-04-08 11:36:29,N,,
TD-2025-0545,2025-04-08,12:04:52,MM_PLACEMENT,PKR_MM,1W,CP-005,TS-008,,PKR,109000000.00,11.5060,109000000.00,2025-04-09,2025-04-16,Settled,TS-008,2025-04-08 12:07:40,N,,
TD-2025-0546,2025-04-08,12:15:55,FX_SPOT,GBP/PKR,SPOT,CP-007,TS-003,,GBP,275000.00,353.4363,97194982.00,2025-04-10,2025-04-10,Settled,TS-003,2025-04-08 12:19:05,N,,
TD-2025-0547,2025-04-08,12:23:59,FX_FORWARD,USD/PKR,1M,CP-009,TS-003,,USD,650000.00,283.0219,183964235.00,2025-05-08,2025-05-08,Settled,TS-003,2025-04-08 12:26:33,N,,
TD-2025-0548,2025-04-08,12:26:06,FX_SPOT,USD/PKR,SPOT,CP-005,TS-003,,USD,600000.00,281.3852,168831120.00,2025-04-10,2025-04-10,Settled,TS-003,2025-04-08 12:36:04,N,,
TD-2025-0549,2025-04-08,13:01:12,FX_SPOT,USD/PKR,SPOT,CP-007,TS-004,BR-002,USD,700000.00,281.3672,196957040.00,2025-04-10,2025-04-10,Settled,TS-004,2025-04-08 13:03:28,N,,
TD-2025-0550,2025-04-08,15:55:13,FX_SPOT,USD/PKR,SPOT,CP-004,TS-005,,USD,300000.00,281.3716,84411480.00,2025-04-10,2025-04-10,Settled,TS-005,2025-04-08 15:57:00,N,,
TD-2025-0551,2025-04-09,10:17:09,FX_SPOT,USD/PKR,SPOT,CP-004,TS-004,,USD,150000.00,280.8295,42124425.00,2025-04-11,2025-04-11,Settled,TS-004,2025-04-09 10:22:43,N,,
TD-2025-0552,2025-04-09,10:26:09,FX_FORWARD,GBP/PKR,2M,CP-003,TS-003,BR-003,GBP,325000.00,358.9643,116663398.00,2025-06-11,2025-06-11,Settled,TS-003,2025-04-09 10:33:47,N,,
TD-2025-0553,2025-04-09,10:35:45,FX_SPOT,EUR/PKR,SPOT,CP-003,TS-003,,EUR,725000.00,298.4645,216386762.00,2025-04-11,2025-04-11,Settled,TS-003,2025-04-09 10:43:07,N,,
TD-2025-0554,2025-04-09,10:52:11,TBILL_PURCHASE,PKR_TBILL,3M,CP-010,TS-009,,PKR,404000000.00,11.7308,404000000.00,2025-04-10,2025-07-10,Settled,TS-009,2025-04-09 10:54:12,N,,
TD-2025-0555,2025-04-09,14:42:44,FX_SPOT,EUR/PKR,SPOT,CP-007,TS-003,,EUR,550000.00,298.4741,164160755.00,2025-04-11,2025-04-11,Settled,TS-003,2025-04-09 14:51:47,N,,
TD-2025-0556,2025-04-09,15:18:41,MM_PLACEMENT,PKR_MM,1M,CP-005,TS-008,,PKR,119000000.00,11.6436,119000000.00,2025-04-09,2025-05-09,Settled,TS-008,2025-04-09 15:23:44,N,,
TD-2025-0557,2025-04-10,09:30:53,MM_PLACEMENT,PKR_MM,1W,CP-006,TS-008,,PKR,103000000.00,11.3914,103000000.00,2025-04-10,2025-04-17,Settled,TS-008,2025-04-10 09:34:41,N,,
TD-2025-0558,2025-04-10,09:34:18,TBILL_PURCHASE,PKR_TBILL,3M,CP-010,TS-006,,PKR,628000000.00,11.7452,628000000.00,2025-04-11,2025-07-11,Settled,TS-006,2025-04-10 09:37:00,N,,
TD-2025-0559,2025-04-10,10:22:25,FX_FORWARD,USD/PKR,1M,CP-005,TS-003,,USD,750000.00,282.6664,211999800.00,2025-05-12,2025-05-12,Settled,TS-003,2025-04-10 10:27:44,N,,
TD-2025-0560,2025-04-10,11:12:45,TBILL_PURCHASE,PKR_TBILL,6M,CP-010,TS-006,,PKR,264000000.00,11.8935,264000000.00,2025-04-11,2025-10-10,Settled,TS-006,2025-04-10 11:18:36,N,,
TD-2025-0561,2025-04-10,11:17:46,FX_SPOT,USD/PKR,SPOT,CP-005,TS-005,,USD,250000.00,281.0231,70255775.00,2025-04-14,2025-04-14,Settled,TS-005,2025-04-10 11:23:39,N,,
TD-2025-0562,2025-04-10,11:43:18,FX_SPOT,USD/PKR,SPOT,CP-001,TS-010,BR-002,USD,100000.00,281.0185,28101850.00,2025-04-14,2025-04-14,Settled,TS-010,2025-04-10 11:48:59,N,,
TD-2025-0563,2025-04-10,13:31:31,FX_SPOT,GBP/PKR,SPOT,CP-004,TS-005,BR-003,GBP,100000.00,353.6655,35366550.00,2025-04-14,2025-04-14,Settled,TS-005,2025-04-10 13:34:06,N,,
TD-2025-0564,2025-04-10,15:31:39,FX_FORWARD,USD/PKR,1M,CP-002,TS-003,,USD,1150000.00,282.6496,325047040.00,2025-05-12,2025-05-12,Settled,TS-003,2025-04-10 15:35:28,N,,
TD-2025-0565,2025-04-10,16:26:39,MM_BORROWING,PKR_MM,2M,CP-009,TS-007,BR-001,PKR,271000000.00,11.7232,271000000.00,2025-04-11,2025-06-11,Settled,TS-007,2025-04-10 16:27:44,N,,
TD-2025-0566,2025-04-10,16:46:35,FX_SPOT,USD/PKR,SPOT,CP-004,TS-004,,USD,150000.00,281.0252,42153780.00,2025-04-14,2025-04-14,Settled,TS-004,2025-04-10 16:51:09,N,,
TD-2025-0567,2025-04-11,11:08:31,FX_FORWARD,USD/PKR,1M,CP-009,TS-003,,USD,300000.00,283.1257,84937710.00,2025-05-12,2025-05-12,Settled,TS-003,2025-04-11 11:14:54,N,,
TD-2025-0568,2025-04-11,11:36:49,MM_PLACEMENT,PKR_MM,2M,CP-003,TS-008,,PKR,95000000.00,11.7211,95000000.00,2025-04-11,2025-06-11,Settled,TS-008,2025-04-11 11:38:30,N,,
TD-2025-0569,2025-04-11,15:34:39,FX_FORWARD,USD/PKR,3M,CP-002,TS-010,,USD,150000.00,286.4583,42968745.00,2025-07-10,2025-07-10,Outstanding,TS-010,2025-04-11 15:38:30,N,,
TD-2025-0570,2025-04-11,16:00:46,MM_PLACEMENT,PKR_MM,2M,CP-004,TS-008,,PKR,76000000.00,11.7252,76000000.00,2025-04-11,2025-06-11,Settled,TS-008,2025-04-11 16:02:49,N,,
TD-2025-0571,2025-04-12,12:26:04,FX_SPOT,EUR/PKR,SPOT,CP-003,TS-004,,EUR,550000.00,297.4967,163623185.00,2025-04-15,2025-04-15,Settled,TS-004,2025-04-12 12:30:04,N,,
TD-2025-0572,2025-04-14,10:17:04,FX_SPOT,USD/PKR,SPOT,CP-001,TS-003,,USD,800000.00,281.2040,224963200.00,2025-04-16,2025-04-16,Settled,TS-003,2025-04-14 10:25:08,N,,
TD-2025-0573,2025-04-14,10:33:04,FX_SPOT,GBP/PKR,SPOT,CP-002,TS-003,BR-003,GBP,275000.00,353.0921,97100328.00,2025-04-16,2025-04-16,Settled,TS-003,2025-04-14 10:38:20,N,,
TD-2025-0574,2025-04-14,14:32:45,FX_SPOT,USD/PKR,SPOT,CP-004,TS-003,,USD,300000.00,281.2528,84375840.00,2025-04-16,2025-04-16,Settled,TS-003,2025-04-14 14:35:14,N,,
TD-2025-0575,2025-04-15,10:58:24,TBILL_PURCHASE,PKR_TBILL,12M,CP-010,TS-006,,PKR,245000000.00,11.9585,245000000.00,2025-04-16,2026-04-15,Settled,TS-006,2025-04-15 11:05:23,N,,
TD-2025-0576,2025-04-15,11:06:58,FX_SPOT,USD/PKR,SPOT,CP-001,TS-003,BR-002,USD,200000.00,281.5337,56306740.00,2025-04-17,2025-04-17,Settled,TS-003,2025-04-15 11:10:22,N,,
TD-2025-0577,2025-04-15,11:21:08,FX_SPOT,AED/PKR,SPOT,CP-001,TS-005,,AED,800000.00,76.5267,61221360.00,2025-04-17,2025-04-17,Settled,TS-005,2025-04-15 11:30:35,N,,
TD-2025-0578,2025-04-15,11:39:52,FX_FORWARD,USD/PKR,2M,CP-004,TS-004,,USD,550000.00,284.8086,156644730.00,2025-06-16,2025-06-16,Settled,TS-004,2025-04-15 11:40:56,N,,
TD-2025-0579,2025-04-15,13:23:59,FX_SPOT,USD/PKR,SPOT,CP-005,TS-005,BR-003,USD,250000.00,281.5260,70381500.00,2025-04-17,2025-04-17,Settled,TS-005,2025-04-15 13:31:51,N,,
TD-2025-0580,2025-04-15,14:15:45,FX_SPOT,GBP/PKR,SPOT,CP-001,TS-005,,GBP,175000.00,355.2806,62174105.00,2025-04-17,2025-04-17,Settled,TS-005,2025-04-15 14:21:12,N,,
TD-2025-0581,2025-04-15,15:21:31,MM_BORROWING,PKR_MM,1M,CP-005,TS-008,BR-001,PKR,109000000.00,11.5779,109000000.00,2025-04-16,2025-05-16,Settled,TS-008,2025-04-15 15:27:58,N,,
TD-2025-0582,2025-04-15,15:33:26,FX_FORWARD,USD/PKR,2M,CP-004,TS-003,BR-003,USD,1100000.00,284.8138,313295180.00,2025-06-16,2025-06-16,Settled,TS-003,2025-04-15 15:43:14,N,,
TD-2025-0583,2025-04-15,15:40:15,FX_SPOT,USD/PKR,SPOT,CP-004,TS-004,,USD,300000.00,281.5312,84459360.00,2025-04-17,2025-04-17,Settled,TS-004,2025-04-15 15:50:10,N,,
TD-2025-0584,2025-04-16,11:18:04,FX_SPOT,USD/PKR,SPOT,CP-006,TS-004,,USD,750000.00,280.9383,210703725.00,2025-04-18,2025-04-18,Settled,TS-004,2025-04-16 11:26:05,N,,
TD-2025-0585,2025-04-16,12:04:36,MM_BORROWING,PKR_MM,3M,CP-003,TS-008,BR-001,PKR,61000000.00,11.7296,61000000.00,2025-04-16,2025-07-15,Settled,TS-008,2025-04-16 12:10:43,N,,
TD-2025-0586,2025-04-16,12:14:36,FX_SPOT,USD/PKR,SPOT,CP-003,TS-010,,USD,100000.00,280.9390,28093900.00,2025-04-18,2025-04-18,Settled,TS-010,2025-04-16 12:19:15,N,,
TD-2025-0587,2025-04-16,12:42:50,FX_SPOT,AED/PKR,SPOT,CP-006,TS-005,BR-002,AED,600000.00,76.5121,45907260.00,2025-04-18,2025-04-18,Settled,TS-005,2025-04-16 12:45:36,N,,
TD-2025-0588,2025-04-16,12:53:50,MM_PLACEMENT,PKR_MM,2W,CP-004,TS-007,,PKR,136000000.00,11.4187,136000000.00,2025-04-16,2025-04-30,Settled,TS-007,2025-04-16 13:03:11,N,,
TD-2025-0589,2025-04-16,16:02:15,TBILL_PURCHASE,PKR_TBILL,6M,CP-010,TS-009,,PKR,211000000.00,11.8225,211000000.00,2025-04-17,2025-10-16,Settled,TS-009,2025-04-16 16:06:28,N,,
TD-2025-0590,2025-04-17,10:37:50,FX_FORWARD,USD/PKR,1M,CP-004,TS-004,BR-002,USD,600000.00,282.8517,169711020.00,2025-05-19,2025-05-19,Settled,TS-004,2025-04-17 10:42:28,N,,
TD-2025-0591,2025-04-17,10:50:54,FX_SPOT,EUR/PKR,SPOT,CP-004,TS-003,,EUR,250000.00,299.1144,74778600.00,2025-04-21,2025-04-21,Settled,TS-003,2025-04-17 10:56:02,N,,
TD-2025-0592,2025-04-17,11:32:28,FX_SPOT,USD/PKR,SPOT,CP-003,TS-004,BR-002,USD,350000.00,281.2009,98420315.00,2025-04-21,2025-04-21,Settled,TS-004,2025-04-17 11:41:37,N,,
TD-2025-0593,2025-04-17,12:08:22,FX_SPOT,EUR/PKR,SPOT,CP-004,TS-010,,EUR,100000.00,299.1333,29913330.00,2025-04-21,2025-04-21,Settled,TS-010,2025-04-17 12:15:39,N,,
TD-2025-0594,2025-04-17,13:51:34,FX_FORWARD,USD/PKR,1M,CP-001,TS-004,,USD,200000.00,282.8424,56568480.00,2025-05-19,2025-05-19,Settled,TS-004,2025-04-17 14:00:14,N,,
TD-2025-0595,2025-04-17,14:17:14,MM_PLACEMENT,PKR_MM,1W,CP-001,TS-007,,PKR,208000000.00,11.3017,208000000.00,2025-04-17,2025-04-24,Settled,TS-007,2025-04-17 14:24:02,N,,
TD-2025-0596,2025-04-17,15:11:53,FX_SPOT,AED/PKR,SPOT,CP-005,TS-004,,AED,2900000.00,76.6267,222217430.00,2025-04-21,2025-04-21,Settled,TS-004,2025-04-17 15:16:41,N,,
TD-2025-0597,2025-04-17,16:28:52,MM_BORROWING,PKR_MM,2W,CP-001,TS-007,BR-001,PKR,347000000.00,11.4249,347000000.00,2025-04-18,2025-05-02,Settled,TS-007,2025-04-17 16:30:54,N,,
TD-2025-0598,2025-04-18,10:48:20,FX_SPOT,USD/PKR,SPOT,CP-003,TS-010,,USD,150000.00,281.1827,42177405.00,2025-04-22,2025-04-22,Settled,TS-010,2025-04-18 10:50:54,N,,
TD-2025-0599,2025-04-18,11:09:02,MM_BORROWING,PKR_MM,1M,CP-001,TS-006,BR-001,PKR,40000000.00,11.5388,40000000.00,2025-04-21,2025-05-21,Settled,TS-006,2025-04-18 11:17:20,N,,
TD-2025-0600,2025-04-18,14:29:25,MM_BORROWING,PKR_MM,2M,CP-005,TS-008,,PKR,110000000.00,11.6013,110000000.00,2025-04-18,2025-06-17,Settled,TS-008,2025-04-18 14:37:42,N,,
TD-2025-0601,2025-04-18,14:52:58,FX_SPOT,USD/PKR,SPOT,CP-002,TS-003,,USD,600000.00,281.1998,168719880.00,2025-04-22,2025-04-22,Settled,TS-003,2025-04-18 14:57:55,N,,
TD-2025-0602,2025-04-21,09:41:58,MM_PLACEMENT,PKR_MM,2M,CP-006,TS-007,BR-002,PKR,335000000.00,11.6372,335000000.00,2025-04-22,2025-06-23,Settled,TS-007,2025-04-21 09:43:05,N,,
TD-2025-0603,2025-04-21,10:44:15,MM_PLACEMENT,PKR_MM,1M,CP-003,TS-006,BR-001,PKR,214000000.00,11.5198,214000000.00,2025-04-21,2025-05-21,Settled,TS-006,2025-04-21 10:46:36,N,,
TD-2025-0604,2025-04-21,12:14:28,MM_PLACEMENT,PKR_MM,1W,CP-004,TS-008,,PKR,127000000.00,11.3397,127000000.00,2025-04-22,2025-04-29,Settled,TS-008,2025-04-21 12:18:51,N,,
TD-2025-0605,2025-04-21,12:44:17,MM_PLACEMENT,PKR_MM,1W,CP-001,TS-006,BR-001,PKR,40000000.00,11.3390,40000000.00,2025-04-21,2025-04-28,Settled,TS-006,2025-04-21 12:50:51,N,,
TD-2025-0606,2025-04-21,12:59:09,MM_BORROWING,PKR_MM,2M,CP-005,TS-007,,PKR,296000000.00,11.6404,296000000.00,2025-04-21,2025-06-20,Settled,TS-007,2025-04-21 13:07:20,N,,
TD-2025-0607,2025-04-21,15:39:18,FX_SPOT,EUR/PKR,SPOT,CP-001,TS-003,,EUR,375000.00,298.9297,112098638.00,2025-04-23,2025-04-23,Settled,TS-003,2025-04-21 15:47:14,N,,
TD-2025-0608,2025-04-22,10:59:38,FX_FORWARD,USD/PKR,2M,CP-006,TS-004,,USD,750000.00,284.6145,213460875.00,2025-06-23,2025-06-23,Settled,TS-004,2025-04-22 11:04:04,N,,
TD-2025-0609,2025-04-22,11:06:26,FX_FORWARD,EUR/PKR,1M,CP-001,TS-003,,EUR,475000.00,302.1082,143501395.00,2025-05-22,2025-05-22,Settled,TS-003,2025-04-22 11:10:34,N,,
TD-2025-0610,2025-04-22,12:19:15,FX_FORWARD,USD/PKR,1M,CP-004,TS-004,,USD,300000.00,282.9556,84886680.00,2025-05-22,2025-05-22,Settled,TS-004,2025-04-22 12:26:57,N,,
TD-2025-0611,2025-04-22,13:43:02,MM_PLACEMENT,PKR_MM,3M,CP-002,TS-006,,PKR,284000000.00,11.6970,284000000.00,2025-04-23,2025-07-22,Settled,TS-006,2025-04-22 13:50:05,N,,
TD-2025-0613,2025-04-22,15:21:37,MM_PLACEMENT,PKR_MM,1M,CP-003,TS-007,,PKR,302000000.00,11.5589,302000000.00,2025-04-23,2025-05-23,Settled,TS-007,2025-04-22 15:27:55,N,,
TD-2025-0614,2025-04-22,15:39:27,FX_SPOT,USD/PKR,SPOT,CP-001,TS-004,,USD,650000.00,281.3214,182858910.00,2025-04-24,2025-04-24,Settled,TS-004,2025-04-22 15:48:34,N,,
TD-2025-0615,2025-04-23,09:29:30,FX_SPOT,USD/PKR,SPOT,CP-003,TS-004,,USD,300000.00,281.3845,84415350.00,2025-04-25,2025-04-25,Settled,TS-004,2025-04-23 09:35:04,N,,
TD-2025-0616,2025-04-23,15:27:03,MM_PLACEMENT,PKR_MM,2W,CP-001,TS-006,,PKR,40000000.00,11.3810,40000000.00,2025-04-24,2025-05-08,Settled,TS-006,2025-04-23 15:31:54,N,,
TD-2025-0617,2025-04-23,15:27:22,FX_SPOT,EUR/PKR,SPOT,CP-005,TS-005,,EUR,175000.00,300.0563,52509853.00,2025-04-25,2025-04-25,Settled,TS-005,2025-04-23 15:30:09,N,,
TD-2025-0618,2025-04-23,15:36:49,MM_BORROWING,PKR_MM,1M,CP-009,TS-008,,PKR,72000000.00,11.5020,72000000.00,2025-04-24,2025-05-26,Settled,TS-008,2025-04-23 15:44:00,N,,
TD-2025-0619,2025-04-24,09:01:14,MM_PLACEMENT,PKR_MM,2W,CP-001,TS-007,,PKR,67000000.00,11.3044,67000000.00,2025-04-25,2025-05-09,Settled,TS-007,2025-04-24 09:08:16,N,,
TD-2025-0620,2025-04-24,10:47:28,FX_SPOT,GBP/PKR,SPOT,CP-005,TS-004,,GBP,600000.00,354.6962,212817720.00,2025-04-28,2025-04-28,Settled,TS-004,2025-04-24 10:49:57,N,,
TD-2025-0621,2025-04-24,11:33:52,FX_SPOT,USD/PKR,SPOT,CP-002,TS-004,,USD,500000.00,281.7289,140864450.00,2025-04-28,2025-04-28,Settled,TS-004,2025-04-24 11:36:04,N,,
TD-2025-0622,2025-04-24,13:39:22,MM_PLACEMENT,PKR_MM,1M,CP-001,TS-006,,PKR,40000000.00,11.4722,40000000.00,2025-04-24,2025-05-26,Settled,TS-006,2025-04-24 13:41:46,N,,
TD-2025-0623,2025-04-24,14:16:06,FX_SPOT,USD/PKR,SPOT,CP-005,TS-004,BR-003,USD,350000.00,281.7127,98599445.00,2025-04-28,2025-04-28,Settled,TS-004,2025-04-24 14:25:42,N,,
TD-2025-0624,2025-04-24,15:25:24,MM_BORROWING,PKR_MM,2W,CP-004,TS-008,,PKR,73000000.00,11.3036,73000000.00,2025-04-25,2025-05-09,Settled,TS-008,2025-04-24 15:32:13,N,,
TD-2025-0625,2025-04-24,15:28:25,FX_FORWARD,GBP/PKR,1M,CP-004,TS-010,,GBP,125000.00,356.8422,44605275.00,2025-05-26,2025-05-26,Settled,TS-010,2025-04-24 15:35:56,N,,
TD-2025-0626,2025-04-24,15:54:58,FX_SPOT,GBP/PKR,SPOT,CP-001,TS-004,,GBP,225000.00,354.7234,79812765.00,2025-04-28,2025-04-28,Settled,TS-004,2025-04-24 16:00:50,N,,
TD-2025-0627,2025-04-25,11:01:45,FX_FORWARD,USD/PKR,3M,CP-005,TS-004,BR-002,USD,400000.00,286.1326,114453040.00,2025-07-24,2025-07-24,Outstanding,TS-004,2025-04-25 11:05:12,N,,
TD-2025-0628,2025-04-25,11:12:46,TBILL_PURCHASE,PKR_TBILL,12M,CP-010,TS-009,,PKR,247000000.00,11.8427,247000000.00,2025-04-28,2026-04-27,Settled,TS-009,2025-04-25 11:18:20,N,,
TD-2025-0629,2025-04-25,12:30:42,MM_PLACEMENT,PKR_MM,2M,CP-001,TS-006,BR-001,PKR,255000000.00,11.5817,255000000.00,2025-04-25,2025-06-24,Settled,TS-006,2025-04-25 12:31:59,N,,
TD-2025-0630,2025-04-25,13:57:38,FX_SPOT,USD/PKR,SPOT,CP-002,TS-005,,USD,300000.00,281.2734,84382020.00,2025-04-29,2025-04-29,Settled,TS-005,2025-04-25 14:02:28,N,,
TD-2025-0631,2025-04-25,14:29:21,FX_FORWARD,GBP/PKR,2M,CP-002,TS-010,,GBP,125000.00,358.4608,44807600.00,2025-06-24,2025-06-24,Settled,TS-010,2025-04-25 14:36:15,N,,
TD-2025-0632,2025-04-25,16:15:08,MM_PLACEMENT,PKR_MM,2M,CP-009,TS-007,BR-001,PKR,311000000.00,11.5803,311000000.00,2025-04-25,2025-06-24,Settled,TS-007,2025-04-25 16:24:33,N,,
TD-2025-0633,2025-04-28,09:06:55,MM_PLACEMENT,PKR_MM,1M,CP-006,TS-006,,PKR,262000000.00,11.5276,262000000.00,2025-04-28,2025-05-28,Settled,TS-006,2025-04-28 09:16:21,N,,
TD-2025-0634,2025-04-28,09:49:19,FX_SPOT,EUR/PKR,SPOT,CP-004,TS-010,,EUR,125000.00,299.1173,37389662.00,2025-04-30,2025-04-30,Settled,TS-010,2025-04-28 09:55:22,N,,
TD-2025-0635,2025-04-28,10:25:24,FX_FORWARD,USD/PKR,1M,CP-002,TS-004,,USD,650000.00,283.0447,183979055.00,2025-05-28,2025-05-28,Settled,TS-004,2025-04-28 10:34:31,N,,
TD-2025-0636,2025-04-28,11:38:30,FX_FORWARD,USD/PKR,1M,CP-003,TS-004,,USD,350000.00,283.0801,99078035.00,2025-05-28,2025-05-28,Settled,TS-004,2025-04-28 11:41:35,N,,
TD-2025-0637,2025-04-28,11:44:27,FX_SPOT,USD/PKR,SPOT,CP-007,TS-004,BR-003,USD,350000.00,281.4019,98490665.00,2025-04-30,2025-04-30,Settled,TS-004,2025-04-28 11:51:51,N,,
TD-2025-0638,2025-04-28,11:46:21,FX_FORWARD,USD/PKR,3M,CP-003,TS-004,BR-002,USD,350000.00,286.2990,100204650.00,2025-07-28,2025-07-28,Outstanding,TS-004,2025-04-28 11:52:30,N,,
TD-2025-0639,2025-04-28,14:11:40,FX_SPOT,USD/PKR,SPOT,CP-003,TS-010,,USD,100000.00,281.4026,28140260.00,2025-04-30,2025-04-30,Settled,TS-010,2025-04-28 14:12:53,N,,
TD-2025-0640,2025-04-28,14:24:02,MM_PLACEMENT,PKR_MM,1M,CP-004,TS-007,,PKR,279000000.00,11.5242,279000000.00,2025-04-29,2025-05-29,Settled,TS-007,2025-04-28 14:27:42,N,,
TD-2025-0641,2025-04-28,14:37:12,FX_SPOT,USD/PKR,SPOT,CP-001,TS-003,,USD,300000.00,281.4536,84436080.00,2025-04-30,2025-04-30,Settled,TS-003,2025-04-28 14:42:19,N,,
TD-2025-0642,2025-04-28,15:25:15,FX_SPOT,USD/PKR,SPOT,CP-006,TS-003,,USD,350000.00,281.4421,98504735.00,2025-04-30,2025-04-30,Settled,TS-003,2025-04-28 15:31:56,N,,
TD-2025-0643,2025-04-28,15:52:09,FX_SPOT,EUR/PKR,SPOT,CP-002,TS-005,,EUR,275000.00,299.1312,82261080.00,2025-04-30,2025-04-30,Settled,TS-005,2025-04-28 15:57:57,N,,
TD-2025-0644,2025-04-28,16:18:59,MM_PLACEMENT,PKR_MM,2W,CP-003,TS-008,,PKR,79000000.00,11.3674,79000000.00,2025-04-29,2025-05-13,Settled,TS-008,2025-04-28 16:26:41,N,,
TD-2025-0645,2025-04-29,10:30:10,FX_SPOT,USD/PKR,SPOT,CP-004,TS-010,,USD,100000.00,281.4915,28149150.00,2025-05-02,2025-05-02,Settled,TS-010,2025-04-29 10:35:34,N,,
TD-2025-0646,2025-04-29,10:57:03,FX_FORWARD,GBP/PKR,2M,CP-004,TS-004,,GBP,450000.00,358.6941,161412345.00,2025-06-30,2025-06-30,Settled,TS-004,2025-04-29 11:01:37,N,,
TD-2025-0647,2025-04-29,11:17:39,FX_SPOT,AED/PKR,SPOT,CP-004,TS-004,,AED,1000000.00,76.6644,76664400.00,2025-05-02,2025-05-02,Settled,TS-004,2025-04-29 11:20:53,N,,
TD-2025-0648,2025-04-29,11:19:25,MM_PLACEMENT,PKR_MM,3M,CP-001,TS-008,,PKR,64000000.00,11.6113,64000000.00,2025-04-30,2025-07-29,Settled,TS-008,2025-04-29 11:23:35,N,,
TD-2025-0649,2025-04-29,11:28:38,FX_SPOT,GBP/PKR,SPOT,CP-006,TS-010,BR-002,GBP,100000.00,354.4300,35443000.00,2025-05-02,2025-05-02,Settled,TS-010,2025-04-29 11:32:47,N,,
TD-2025-0650,2025-04-29,11:39:49,MM_BORROWING,PKR_MM,2M,CP-006,TS-007,BR-001,PKR,221000000.00,11.5800,221000000.00,2025-04-30,2025-06-30,Settled,TS-007,2025-04-29 11:41:32,N,,
TD-2025-0651,2025-04-29,11:59:36,MM_BORROWING,PKR_MM,1W,CP-002,TS-007,,PKR,220000000.00,11.2459,220000000.00,2025-04-30,2025-05-07,Settled,TS-007,2025-04-29 12:06:48,N,,
TD-2025-0652,2025-04-29,12:39:40,FX_SPOT,USD/PKR,SPOT,CP-006,TS-004,,USD,800000.00,281.4586,225166880.00,2025-05-02,2025-05-02,Settled,TS-004,2025-04-29 12:44:22,N,,
TD-2025-0653,2025-04-29,15:06:11,FX_SPOT,AED/PKR,SPOT,CP-003,TS-005,,AED,500000.00,76.6709,38335450.00,2025-05-02,2025-05-02,Settled,TS-005,2025-04-29 15:15:15,N,,
TD-2025-0654,2025-04-29,15:15:45,FX_FORWARD,GBP/PKR,3M,CP-003,TS-004,,GBP,375000.00,360.7532,135282450.00,2025-07-28,2025-07-28,Outstanding,TS-004,2025-04-29 15:17:46,N,,
TD-2025-0655,2025-04-29,15:18:16,FX_FORWARD,AED/PKR,2M,CP-002,TS-004,,AED,2600000.00,77.5464,201620640.00,2025-06-30,2025-06-30,Settled,TS-004,2025-04-29 15:22:25,N,,
TD-2025-0656,2025-04-30,11:47:16,FX_FORWARD,USD/PKR,2M,CP-001,TS-004,,USD,750000.00,285.0140,213760500.00,2025-06-30,2025-06-30,Settled,TS-004,2025-04-30 11:48:54,N,,
TD-2025-0657,2025-04-30,12:16:56,FX_SPOT,USD/PKR,SPOT,CP-005,TS-005,,USD,100000.00,281.8359,28183590.00,2025-05-05,2025-05-05,Settled,TS-005,2025-04-30 12:24:45,N,,
TD-2025-0658,2025-04-30,15:27:31,MM_PLACEMENT,PKR_MM,1M,CP-001,TS-006,BR-002,PKR,171000000.00,11.4462,171000000.00,2025-05-02,2025-06-02,Settled,TS-006,2025-04-30 15:33:05,N,,
TD-2025-0659,2025-04-30,15:49:31,MM_PLACEMENT,PKR_MM,1W,CP-004,TS-007,BR-001,PKR,226000000.00,11.2612,226000000.00,2025-04-30,2025-05-07,Settled,TS-007,2025-04-30 15:55:40,N,,
TD-2025-0660,2025-04-30,16:48:46,FX_SPOT,USD/PKR,SPOT,CP-003,TS-005,BR-003,USD,150000.00,281.7902,42268530.00,2025-05-05,2025-05-05,Settled,TS-005,2025-04-30 16:51:11,N,,
TD-25-733,2025-05-02,10:29:54,FX_SPOT,USD/PKR,SPOT,CP-002,TS-003,,USD,750000.00,281.8729,211404675.00,2025-05-06,2025-05-06,Settled,TS-003,2025-05-02 10:36:06,N,,
TD-2025-0662,2025-05-02,11:11:04,MM_PLACEMENT,PKR_MM,3M,CP-004,TS-006,,PKR,618000000.00,11.5666,618000000.00,2025-05-05,2025-08-04,Settled,TS-006,2025-05-02 11:13:34,N,,
TD-2025-0663,2025-05-02,11:59:01,FX_SPOT,USD/PKR,SPOT,CP-006,TS-004,,USD,300000.00,281.8747,84562410.00,2025-05-06,2025-05-06,Settled,TS-004,2025-05-02 12:08:55,N,,
TD-2025-0664,2025-05-02,12:02:05,TBILL_PURCHASE,PKR_TBILL,3M,CP-010,TS-006,,PKR,526000000.00,11.5187,526000000.00,2025-05-05,2025-08-04,Settled,TS-006,2025-05-02 12:07:31,N,,
TD-2025-0665,2025-05-02,12:48:12,FX_FORWARD,EUR/PKR,1M,CP-001,TS-004,BR-003,EUR,675000.00,302.6703,204302452.00,2025-06-02,2025-06-02,Settled,TS-004,2025-05-02 12:49:46,N,,
TD-2025-0666,2025-05-02,14:49:20,FX_SPOT,USD/PKR,SPOT,CP-006,TS-005,BR-003,USD,150000.00,281.9337,42290055.00,2025-05-06,2025-05-06,Settled,TS-005,2025-05-02 14:57:18,N,,
TD-2025-0667,2025-05-02,16:15:04,TBILL_PURCHASE,PKR_TBILL,12M,CP-010,TS-009,,PKR,479000000.00,11.8254,479000000.00,2025-05-05,2026-05-04,Settled,TS-009,2025-05-02 16:23:55,N,,
TD-2025-0668,2025-05-02,16:22:29,FX_FORWARD,USD/PKR,2M,CP-006,TS-003,BR-002,USD,550000.00,285.0852,156796860.00,2025-07-01,2025-07-01,Outstanding,TS-003,2025-05-02 16:26:59,N,,
TD-2025-0669,2025-05-05,09:50:12,MM_BORROWING,PKR_MM,1W,CP-001,TS-008,,PKR,112000000.00,11.1895,112000000.00,2025-05-06,2025-05-13,Settled,TS-008,2025-05-05 09:57:12,N,,
TD-2025-0670,2025-05-05,10:31:54,FX_FORWARD,USD/PKR,2M,CP-002,TS-003,,USD,1000000.00,285.0278,285027800.00,2025-07-04,2025-07-04,Outstanding,TS-003,2025-05-05 10:41:24,N,,
TD-2025-0671,2025-05-05,11:42:57,MM_BORROWING,PKR_MM,1M,CP-004,TS-006,BR-001,PKR,69000000.00,11.8043,69000000.00,2025-05-06,2025-06-05,Settled,TS-006,2025-05-05 11:44:06,N,,
TD-2025-0672,2025-05-05,12:52:51,TBILL_PURCHASE,PKR_TBILL,3M,CP-010,TS-006,,PKR,269000000.00,11.5359,269000000.00,2025-05-06,2025-08-05,Settled,TS-006,2025-05-05 12:59:55,N,,
TD-2025-0673,2025-05-05,15:50:55,FX_SPOT,EUR/PKR,SPOT,CP-003,TS-003,,EUR,675000.00,300.5757,202888598.00,2025-05-07,2025-05-07,Settled,TS-003,2025-05-05 15:58:01,N,,
TD-2025-0674,2025-05-06,10:20:20,FX_SPOT,AED/PKR,SPOT,CP-006,TS-005,,AED,1100000.00,76.6466,84311260.00,2025-05-08,2025-05-08,Settled,TS-005,2025-05-06 10:27:28,N,,
TD-2025-0675,2025-05-06,14:58:41,MM_PLACEMENT,PKR_MM,3M,CP-001,TS-007,,PKR,345000000.00,11.5825,345000000.00,2025-05-06,2025-08-04,Settled,TS-007,2025-05-06 15:05:59,N,,
TD-2025-0676,2025-05-06,15:41:37,MM_BORROWING,PKR_MM,2M,CP-004,TS-007,,PKR,260000000.00,11.5198,260000000.00,2025-05-06,2025-07-07,Settled,TS-007,2025-05-06 15:50:09,N,,
TD-2025-0677,2025-05-06,15:47:12,MM_PLACEMENT,PKR_MM,3M,CP-007,TS-008,BR-002,PKR,65000000.00,11.5818,65000000.00,2025-05-06,2025-08-04,Settled,TS-008,2025-05-06 15:50:03,N,,
TD-2025-0678,2025-05-07,10:51:16,FX_FORWARD,USD/PKR,3M,CP-004,TS-004,BR-003,USD,400000.00,286.7002,114680080.00,2025-08-05,2025-08-05,Outstanding,TS-004,2025-05-07 10:52:25,N,,
TD-2025-0679,2025-05-07,11:05:43,MM_PLACEMENT,PKR_MM,2M,CP-007,TS-006,,PKR,40000000.00,11.5313,40000000.00,2025-05-07,2025-07-07,Settled,TS-006,2025-05-07 11:06:53,N,,
TD-2025-0680,2025-05-07,11:27:40,FX_FORWARD,USD/PKR,1M,CP-004,TS-004,,USD,300000.00,283.5215,85056450.00,2025-06-11,2025-06-11,Settled,TS-004,2025-05-07 11:32:30,N,,
TD-2025-0681,2025-05-07,13:28:00,FX_SPOT,USD/PKR,SPOT,CP-006,TS-003,,USD,850000.00,281.9056,239619760.00,2025-05-09,2025-05-09,Settled,TS-003,2025-05-07 13:33:38,N,,
TD-2025-0682,2025-05-07,14:20:46,MM_BORROWING,PKR_MM,1M,CP-002,TS-006,BR-001,PKR,234000000.00,11.4381,234000000.00,2025-05-08,2025-06-11,Settled,TS-006,2025-05-07 14:24:20,N,,
TD-2025-0683,2025-05-07,14:25:29,MM_BORROWING,PKR_MM,3M,CP-002,TS-006,,PKR,189000000.00,11.5844,189000000.00,2025-05-07,2025-08-05,Settled,TS-006,2025-05-07 14:28:05,N,,
TD-2025-0684,2025-05-07,14:32:28,MM_BORROWING,PKR_MM,1M,CP-001,TS-006,,PKR,254000000.00,11.4393,254000000.00,2025-05-08,2025-06-11,Settled,TS-006,2025-05-07 14:42:09,N,,
TD-2025-0685,2025-05-07,15:27:57,MM_PLACEMENT,PKR_MM,1W,CP-004,TS-006,BR-002,PKR,570000000.00,11.2198,570000000.00,2025-05-08,2025-05-15,Settled,TS-006,2025-05-07 15:36:14,N,,
TD-2025-0686,2025-05-07,15:51:55,FX_SPOT,EUR/PKR,SPOT,CP-002,TS-004,,EUR,225000.00,301.0140,67728150.00,2025-05-09,2025-05-09,Settled,TS-004,2025-05-07 15:58:37,N,,
TD-2025-0687,2025-05-07,16:13:11,FX_SPOT,USD/PKR,SPOT,CP-002,TS-004,BR-003,USD,700000.00,281.8515,197296050.00,2025-05-09,2025-05-09,Settled,TS-004,2025-05-07 16:17:15,N,,
TD-2025-0688,2025-05-07,16:25:51,FX_SPOT,AED/PKR,SPOT,CP-005,TS-003,,AED,3000000.00,76.7826,230347800.00,2025-05-09,2025-05-09,Settled,TS-003,2025-05-07 16:30:33,N,,
TD-2025-0689,2025-05-07,16:55:58,FX_FORWARD,USD/PKR,1M,CP-001,TS-003,,USD,750000.00,283.4573,212592975.00,2025-06-11,2025-06-11,Settled,TS-003,2025-05-07 17:03:28,N,,
TD-2025-0690,2025-05-08,10:37:13,MM_PLACEMENT,PKR_MM,1M,CP-002,TS-008,BR-001,PKR,119000000.00,11.3667,119000000.00,2025-05-08,2025-06-11,Settled,TS-008,2025-05-08 10:42:25,N,,
TD-2025-0691,2025-05-08,11:59:34,FX_SPOT,USD/PKR,SPOT,CP-003,TS-003,,USD,200000.00,281.6843,56336860.00,2025-05-12,2025-05-12,Settled,TS-003,2025-05-08 12:04:01,N,,
TD-2025-0692,2025-05-08,12:51:48,FX_FORWARD,USD/PKR,2M,CP-004,TS-004,,USD,500000.00,284.8467,142423350.00,2025-07-07,2025-07-07,Outstanding,TS-004,2025-05-08 12:57:18,N,,
TD-2025-0693,2025-05-08,13:12:03,FX_FORWARD,USD/PKR,3M,CP-001,TS-004,,USD,650000.00,286.4135,186168775.00,2025-08-06,2025-08-06,Outstanding,TS-004,2025-05-08 13:14:18,N,,
TD-2025-0694,2025-05-08,13:12:11,FX_SPOT,USD/PKR,SPOT,CP-001,TS-005,BR-003,USD,300000.00,281.6340,84490200.00,2025-05-12,2025-05-12,Settled,TS-005,2025-05-08 13:21:48,N,,
TD-2025-0695,2025-05-08,14:36:22,MM_BORROWING,PKR_MM,2W,CP-003,TS-007,BR-002,PKR,93000000.00,11.1848,93000000.00,2025-05-08,2025-05-22,Settled,TS-007,2025-05-08 14:45:28,N,,
TD-2025-0696,2025-05-08,15:23:43,MM_PLACEMENT,PKR_MM,2M,CP-001,TS-007,BR-001,PKR,40000000.00,11.4787,40000000.00,2025-05-08,2025-07-07,Settled,TS-007,2025-05-08 15:29:55,N,,
TD-2025-0697,2025-05-08,15:59:21,FX_FORWARD,GBP/PKR,2M,CP-001,TS-004,,GBP,450000.00,359.3607,161712315.00,2025-07-07,2025-07-07,Outstanding,TS-004,2025-05-08 16:00:44,N,,
TD-2025-0698,2025-05-09,10:32:03,MM_PLACEMENT,PKR_MM,3M,CP-005,TS-007,,PKR,299000000.00,11.5768,299000000.00,2025-05-09,2025-08-07,Settled,TS-007,2025-05-09 10:41:20,N,,
TD-2025-0699,2025-05-09,10:47:40,FX_SPOT,USD/PKR,SPOT,CP-005,TS-003,,USD,550000.00,281.9045,155047475.00,2025-05-13,2025-05-13,Settled,TS-003,2025-05-09 10:52:36,N,,
TD-2025-0700,2025-05-09,11:23:01,FX_SPOT,EUR/PKR,SPOT,CP-006,TS-010,,EUR,125000.00,299.9839,37497988.00,2025-05-13,2025-05-13,Settled,TS-010,2025-05-09 11:28:35,N,,
TD-2025-0701,2025-05-09,14:00:37,FX_FORWARD,USD/PKR,1M,CP-001,TS-003,,USD,950000.00,283.5336,269356920.00,2025-06-11,2025-06-11,Settled,TS-003,2025-05-09 14:01:51,N,,
TD-2025-0702,2025-05-09,14:59:54,FX_SPOT,USD/PKR,SPOT,CP-004,TS-005,BR-002,USD,250000.00,281.9434,70485850.00,2025-05-13,2025-05-13,Settled,TS-005,2025-05-09 15:02:11,N,,
TD-2025-0703,2025-05-09,15:04:20,MM_BORROWING,PKR_MM,1M,CP-001,TS-006,,PKR,40000000.00,11.3975,40000000.00,2025-05-09,2025-06-11,Settled,TS-006,2025-05-09 15:10:08,N,,
TD-2025-0704,2025-05-09,15:31:37,FX_FORWARD,AED/PKR,1M,CP-005,TS-003,BR-003,AED,2400000.00,77.1980,185275200.00,2025-06-11,2025-06-11,Settled,TS-003,2025-05-09 15:35:22,N,,
TD-2025-0705,2025-05-09,16:08:59,FX_SPOT,USD/PKR,SPOT,CP-005,TS-010,,USD,100000.00,281.9387,28193870.00,2025-05-13,2025-05-13,Settled,TS-010,2025-05-09 16:17:51,N,,
TD-2025-0706,2025-05-12,10:16:42,MM_BORROWING,PKR_MM,1M,CP-003,TS-007,,PKR,343000000.00,11.3565,343000000.00,2025-05-13,2025-06-12,Settled,TS-007,2025-05-12 10:22:14,N,,
TD-2025-0707,2025-05-12,11:08:35,MM_BORROWING,PKR_MM,1W,CP-006,TS-008,,PKR,126000000.00,11.1615,126000000.00,2025-05-12,2025-05-19,Settled,TS-008,2025-05-12 11:16:18,N,,
TD-2025-0708,2025-05-12,11:53:23,MM_PLACEMENT,PKR_MM,1W,CP-002,TS-008,,PKR,121000000.00,11.1712,121000000.00,2025-05-13,2025-05-20,Settled,TS-008,2025-05-12 12:01:52,N,,
TD-2025-0709,2025-05-12,12:17:33,FX_FORWARD,USD/PKR,2M,CP-005,TS-003,,USD,450000.00,285.1614,128322630.00,2025-07-11,2025-07-11,Outstanding,TS-003,2025-05-12 12:23:31,N,,
TD-2025-0710,2025-05-12,13:35:54,MM_BORROWING,PKR_MM,2W,CP-001,TS-007,,PKR,40000000.00,11.1972,40000000.00,2025-05-12,2025-05-26,Settled,TS-007,2025-05-12 13:38:54,N,,
TD-2025-0711,2025-05-12,14:39:40,MM_PLACEMENT,PKR_MM,1M,CP-005,TS-007,,PKR,128000000.00,11.3537,128000000.00,2025-05-12,2025-06-11,Settled,TS-007,2025-05-12 14:47:02,N,,
TD-2025-0712,2025-05-12,14:40:53,MM_BORROWING,PKR_MM,2W,CP-003,TS-006,,PKR,182000000.00,11.1994,182000000.00,2025-05-12,2025-05-26,Settled,TS-006,2025-05-12 14:49:00,N,,
TD-2025-0713,2025-05-12,14:45:19,FX_SPOT,USD/PKR,SPOT,CP-001,TS-004,BR-003,USD,450000.00,282.0008,126900360.00,2025-05-14,2025-05-14,Settled,TS-004,2025-05-12 14:51:40,N,,
TD-2025-0714,2025-05-13,09:11:48,TBILL_PURCHASE,PKR_TBILL,3M,CP-010,TS-009,,PKR,478000000.00,11.4536,478000000.00,2025-05-14,2025-08-13,Settled,TS-009,2025-05-13 09:14:13,N,,
TD-2025-0715,2025-05-13,10:01:15,FX_SPOT,USD/PKR,SPOT,CP-004,TS-005,,USD,300000.00,282.2411,84672330.00,2025-05-15,2025-05-15,Settled,TS-005,2025-05-13 10:02:51,N,,
TD-2025-0716,2025-05-13,10:21:16,MM_PLACEMENT,PKR_MM,2W,CP-006,TS-007,BR-002,PKR,306000000.00,11.2002,306000000.00,2025-05-14,2025-05-28,Settled,TS-007,2025-05-13 10:28:53,N,,
TD-2025-0717,2025-05-13,11:10:05,FX_SPOT,EUR/PKR,SPOT,CP-009,TS-005,,EUR,125000.00,300.3803,37547538.00,2025-05-15,2025-05-15,Settled,TS-005,2025-05-13 11:14:27,N,,
TD-2025-0718,2025-05-13,11:41:38,TBILL_PURCHASE,PKR_TBILL,3M,CP-010,TS-009,,PKR,462000000.00,11.4399,462000000.00,2025-05-14,2025-08-13,Settled,TS-009,2025-05-13 11:43:39,N,,
TD-2025-0719,2025-05-13,13:27:59,FX_SPOT,USD/PKR,SPOT,CP-009,TS-004,,USD,200000.00,282.2590,56451800.00,2025-05-15,2025-05-15,Settled,TS-004,2025-05-13 13:32:29,N,,
TD-2025-0720,2025-05-13,14:09:41,FX_SPOT,USD/PKR,SPOT,CP-002,TS-005,BR-003,USD,250000.00,282.2257,70556425.00,2025-05-15,2025-05-15,Settled,TS-005,2025-05-13 14:10:49,N,,
TD-2025-0721,2025-05-13,15:47:03,MM_PLACEMENT,PKR_MM,1M,CP-001,TS-006,,PKR,40000000.00,11.3173,40000000.00,2025-05-14,2025-06-13,Settled,TS-006,2025-05-13 15:54:07,N,,
TD-2025-0722,2025-05-13,15:53:55,TBILL_PURCHASE,PKR_TBILL,6M,CP-010,TS-009,,PKR,319000000.00,11.5399,319000000.00,2025-05-14,2025-11-12,Settled,TS-009,2025-05-13 15:59:05,N,,
TD-2025-0723,2025-05-13,16:58:27,FX_SPOT,GBP/PKR,SPOT,CP-009,TS-003,,GBP,100000.00,356.3784,35637840.00,2025-05-15,2025-05-15,Settled,TS-003,2025-05-13 17:04:14,N,,
TD-2025-0724,2025-05-14,09:59:49,FX_SPOT,USD/PKR,SPOT,CP-003,TS-004,,USD,300000.00,281.7304,84519120.00,2025-05-16,2025-05-16,Settled,TS-004,2025-05-14 10:07:52,N,,
TD-2025-0725,2025-05-14,11:07:54,MM_PLACEMENT,PKR_MM,1W,CP-001,TS-006,,PKR,40000000.00,11.0822,40000000.00,2025-05-14,2025-05-21,Settled,TS-006,2025-05-14 11:15:58,N,,
TD-2025-0726,2025-05-14,11:20:39,TBILL_PURCHASE,PKR_TBILL,12M,CP-010,TS-006,,PKR,588000000.00,11.7228,588000000.00,2025-05-15,2026-05-14,Settled,TS-006,2025-05-14 11:29:37,N,,
TD-2025-0727,2025-05-14,11:31:24,FX_FORWARD,USD/PKR,1M,CP-003,TS-004,,USD,550000.00,283.2938,155811590.00,2025-06-13,2025-06-13,Settled,TS-004,2025-05-14 11:39:00,N,,
TD-2025-0728,2025-05-14,12:06:18,TBILL_PURCHASE,PKR_TBILL,3M,CP-010,TS-009,,PKR,350000000.00,11.4078,350000000.00,2025-05-15,2025-08-14,Settled,TS-009,2025-05-14 12:13:06,N,,
TD-2025-0729,2025-05-14,12:14:52,MM_PLACEMENT,PKR_MM,2M,CP-001,TS-007,,PKR,40000000.00,11.3916,40000000.00,2025-05-14,2025-07-14,Settled,TS-007,2025-05-14 12:17:00,N,,
TD-2025-0730,2025-05-14,13:28:03,FX_SPOT,USD/PKR,SPOT,CP-003,TS-010,BR-002,USD,150000.00,281.7164,42257460.00,2025-05-16,2025-05-16,Settled,TS-010,2025-05-14 13:37:07,N,,
TD-2025-0731,2025-05-14,14:23:36,MM_BORROWING,PKR_MM,1M,CP-001,TS-007,,PKR,40000000.00,11.3334,40000000.00,2025-05-15,2025-06-16,Settled,TS-007,2025-05-14 14:28:07,N,,
TD-2025-0732,2025-05-14,14:31:55,MM_PLACEMENT,PKR_MM,1M,CP-002,TS-008,,PKR,129000000.00,11.3182,129000000.00,2025-05-14,2025-06-13,Settled,TS-008,2025-05-14 14:38:02,N,,
TD-2025-0733,2025-05-14,14:33:15,FX_FORWARD,GBP/PKR,1M,CP-003,TS-004,,GBP,375000.00,358.0739,134277712.00,2025-06-13,2025-06-13,Settled,TS-004,2025-05-14 14:37:40,N,,
TD-2025-0734,2025-05-14,14:49:14,MM_BORROWING,PKR_MM,2M,CP-001,TS-007,BR-001,PKR,40000000.00,11.3919,40000000.00,2025-05-15,2025-07-14,Settled,TS-007,2025-05-14 14:56:05,N,,
TD-2025-0735,2025-05-14,15:56:30,TBILL_PURCHASE,PKR_TBILL,3M,CP-010,TS-009,,PKR,397000000.00,11.4048,397000000.00,2025-05-15,2025-08-14,Settled,TS-009,2025-05-14 15:58:26,N,,
TD-2025-0736,2025-05-15,09:10:07,FX_SPOT,USD/PKR,SPOT,CP-004,TS-004,,USD,750000.00,281.9045,211428375.00,2025-05-19,2025-05-19,Settled,TS-004,2025-05-15 09:14:12,N,,
TD-2025-0737,2025-05-15,09:34:49,MM_BORROWING,PKR_MM,2W,CP-001,TS-008,,PKR,40000000.00,11.1552,40000000.00,2025-05-15,2025-05-29,Settled,TS-008,2025-05-15 09:36:11,N,,
TD-2025-0738,2025-05-15,10:05:05,FX_SPOT,USD/PKR,SPOT,CP-009,TS-005,BR-003,USD,150000.00,281.9142,42287130.00,2025-05-19,2025-05-19,Settled,TS-005,2025-05-15 10:13:46,N,,
TD-2025-0739,2025-05-15,11:30:28,FX_SPOT,AED/PKR,SPOT,CP-003,TS-003,,AED,400000.00,76.7415,30696600.00,2025-05-19,2025-05-19,Settled,TS-003,2025-05-15 11:36:19,N,,
TD-2025-0740,2025-05-15,11:49:50,FX_FORWARD,AED/PKR,3M,CP-003,TS-010,,AED,600000.00,78.0041,46802460.00,2025-08-13,2025-08-13,Outstanding,TS-010,2025-05-15 11:54:58,N,,
TD-2025-0741,2025-05-15,12:42:31,MM_PLACEMENT,PKR_MM,1M,CP-004,TS-007,,PKR,182000000.00,11.3178,182000000.00,2025-05-16,2025-06-16,Settled,TS-007,2025-05-15 12:43:40,N,,
TD-2025-0742,2025-05-15,13:09:44,MM_BORROWING,PKR_MM,3M,CP-001,TS-007,,PKR,40000000.00,11.4880,40000000.00,2025-05-15,2025-08-13,Settled,TS-007,2025-05-15 13:16:50,N,,
TD-2025-0743,2025-05-15,14:32:29,MM_BORROWING,PKR_MM,1W,CP-001,TS-006,,PKR,40000000.00,11.1247,40000000.00,2025-05-15,2025-05-22,Settled,TS-006,2025-05-15 14:35:10,N,,
TD-2025-0744,2025-05-15,15:04:34,FX_SPOT,USD/PKR,SPOT,CP-009,TS-003,,USD,400000.00,281.9136,112765440.00,2025-05-19,2025-05-19,Settled,TS-003,2025-05-15 15:13:11,N,,
TD-2025-0745,2025-05-15,15:39:49,FX_FORWARD,USD/PKR,1M,CP-006,TS-010,,USD,100000.00,283.4923,28349230.00,2025-06-16,2025-06-16,Settled,TS-010,2025-05-15 15:48:40,N,,
TD-2025-0746,2025-05-15,16:57:04,MM_BORROWING,PKR_MM,1M,CP-002,TS-006,,PKR,121000000.00,11.3140,121000000.00,2025-05-16,2025-06-16,Settled,TS-006,2025-05-15 16:59:45,N,,
TD-2025-0747,2025-05-16,09:14:43,MM_PLACEMENT,PKR_MM,3M,CP-009,TS-008,,PKR,103000000.00,11.4920,103000000.00,2025-05-16,2025-08-14,Settled,TS-008,2025-05-16 09:19:07,N,,
TD-2025-0748,2025-05-16,09:24:19,FX_SPOT,USD/PKR,SPOT,CP-001,TS-003,,USD,200000.00,282.0057,56401140.00,2025-05-20,2025-05-20,Settled,TS-003,2025-05-16 09:27:13,N,,
TD-2025-0749,2025-05-16,09:40:26,FX_FORWARD,EUR/PKR,1M,CP-002,TS-004,,EUR,575000.00,303.8213,174697248.00,2025-06-16,2025-06-16,Settled,TS-004,2025-05-16 09:43:38,N,,
TD-2025-0750,2025-05-16,11:19:34,MM_PLACEMENT,PKR_MM,1W,CP-005,TS-008,BR-001,PKR,84000000.00,11.0415,84000000.00,2025-05-16,2025-05-23,Settled,TS-008,2025-05-16 11:25:31,N,,
TD-2025-0751,2025-05-16,12:19:43,TBILL_PURCHASE,PKR_TBILL,3M,CP-010,TS-006,,PKR,456000000.00,11.3937,456000000.00,2025-05-19,2025-08-18,Settled,TS-006,2025-05-16 12:26:08,N,,
TD-2025-0752,2025-05-16,14:26:38,FX_FORWARD,USD/PKR,1M,CP-001,TS-004,,USD,500000.00,283.5861,141793050.00,2025-06-16,2025-06-16,Settled,TS-004,2025-05-16 14:31:57,N,,
TD-2025-0753,2025-05-16,14:37:33,MM_BORROWING,PKR_MM,1M,CP-001,TS-007,BR-001,PKR,40000000.00,11.3023,40000000.00,2025-05-19,2025-06-18,Settled,TS-007,2025-05-16 14:41:03,N,,
TD-2025-0754,2025-05-16,15:00:26,MM_BORROWING,PKR_MM,3M,CP-001,TS-008,BR-002,PKR,40000000.00,11.4926,40000000.00,2025-05-16,2025-08-14,Settled,TS-008,2025-05-16 15:09:19,N,,
TD-2025-0755,2025-05-16,15:43:15,MM_BORROWING,PKR_MM,1W,CP-005,TS-008,BR-001,PKR,86000000.00,11.0557,86000000.00,2025-05-16,2025-05-23,Settled,TS-008,2025-05-16 15:45:23,N,,
TD-2025-0756,2025-05-16,16:40:57,TBILL_PURCHASE,PKR_TBILL,3M,CP-010,TS-009,,PKR,480000000.00,11.3947,480000000.00,2025-05-19,2025-08-18,Settled,TS-009,2025-05-16 16:49:34,N,,
TD-2025-0757,2025-05-19,10:14:43,FX_SPOT,USD/PKR,SPOT,CP-002,TS-010,,USD,100000.00,282.0202,28202020.00,2025-05-21,2025-05-21,Settled,TS-010,2025-05-19 10:21:28,N,,
TD-2025-0758,2025-05-19,10:25:49,FX_SPOT,EUR/PKR,SPOT,CP-002,TS-003,,EUR,825000.00,302.4517,249522652.00,2025-05-21,2025-05-21,Settled,TS-003,2025-05-19 10:30:07,N,,
TD-2025-0759,2025-05-19,11:05:21,TBILL_PURCHASE,PKR_TBILL,3M,CP-010,TS-009,,PKR,456000000.00,11.4361,456000000.00,2025-05-20,2025-08-19,Settled,TS-009,2025-05-19 11:11:05,N,,
TD-2025-0760,2025-05-19,12:10:46,MM_PLACEMENT,PKR_MM,2M,CP-004,TS-008,,PKR,87000000.00,11.3698,87000000.00,2025-05-19,2025-07-18,Settled,TS-008,2025-05-19 12:19:01,N,,
TD-2025-0761,2025-05-19,12:16:00,FX_SPOT,EUR/PKR,SPOT,CP-003,TS-003,,EUR,300000.00,302.4506,90735180.00,2025-05-21,2025-05-21,Settled,TS-003,2025-05-19 12:21:40,N,,
TD-2025-0762,2025-05-19,12:22:12,MM_BORROWING,PKR_MM,2M,CP-004,TS-008,,PKR,90000000.00,11.3687,90000000.00,2025-05-20,2025-07-21,Settled,TS-008,2025-05-19 12:30:36,N,,
TD-2025-0763,2025-05-19,14:49:09,FX_SPOT,AED/PKR,SPOT,CP-001,TS-003,,AED,900000.00,76.9113,69220170.00,2025-05-21,2025-05-21,Settled,TS-003,2025-05-19 14:57:29,N,,
TD-2025-0764,2025-05-20,10:22:35,FX_SPOT,USD/PKR,SPOT,CP-003,TS-005,,USD,300000.00,282.2419,84672570.00,2025-05-22,2025-05-22,Settled,TS-005,2025-05-20 10:28:12,N,,
TD-2025-0765,2025-05-20,10:39:38,FX_SPOT,USD/PKR,SPOT,CP-006,TS-004,,USD,350000.00,282.2453,98785855.00,2025-05-22,2025-05-22,Settled,TS-004,2025-05-20 10:41:09,N,,
TD-2025-0766,2025-05-20,12:06:21,FX_FORWARD,EUR/PKR,1M,CP-001,TS-003,,EUR,850000.00,304.1658,258540930.00,2025-06-19,2025-06-19,Settled,TS-003,2025-05-20 12:12:11,N,,
TD-2025-0767,2025-05-20,14:27:37,MM_PLACEMENT,PKR_MM,3M,CP-004,TS-007,BR-002,PKR,121000000.00,11.4214,121000000.00,2025-05-20,2025-08-18,Settled,TS-007,2025-05-20 14:35:45,N,,
TD-2025-0768,2025-05-20,14:28:14,TBILL_PURCHASE,PKR_TBILL,3M,CP-010,TS-006,,PKR,385000000.00,11.3347,385000000.00,2025-05-21,2025-08-20,Settled,TS-006,2025-05-20 14:35:06,N,,
TD-2025-0769,2025-05-20,14:29:14,MM_BORROWING,PKR_MM,3M,CP-002,TS-008,,PKR,92000000.00,11.4213,92000000.00,2025-05-20,2025-08-18,Settled,TS-008,2025-05-20 14:31:39,N,,
TD-2025-0770,2025-05-20,14:32:42,MM_PLACEMENT,PKR_MM,1M,CP-004,TS-006,BR-001,PKR,219000000.00,11.2442,219000000.00,2025-05-20,2025-06-19,Settled,TS-006,2025-05-20 14:33:50,N,,
TD-2025-0771,2025-05-20,15:02:36,FX_SPOT,EUR/PKR,SPOT,CP-001,TS-003,,EUR,475000.00,302.1036,143499210.00,2025-05-22,2025-05-22,Settled,TS-003,2025-05-20 15:10:56,N,,
TD-2025-0772,2025-05-20,15:12:29,MM_PLACEMENT,PKR_MM,1M,CP-001,TS-006,BR-002,PKR,40000000.00,11.2477,40000000.00,2025-05-21,2025-06-20,Settled,TS-006,2025-05-20 15:19:53,N,,
TD-2025-0773,2025-05-21,09:45:55,FX_SPOT,USD/PKR,SPOT,CP-009,TS-003,,USD,250000.00,282.2513,70562825.00,2025-05-23,2025-05-23,Settled,TS-003,2025-05-21 09:48:01,N,,
TD-2025-0774,2025-05-21,10:42:33,FX_SPOT,USD/PKR,SPOT,CP-004,TS-010,BR-003,USD,100000.00,282.2429,28224290.00,2025-05-23,2025-05-23,Settled,TS-010,2025-05-21 10:49:22,N,,
TD-2025-0775,2025-05-21,11:04:12,FX_SPOT,GBP/PKR,SPOT,CP-001,TS-005,BR-002,GBP,125000.00,357.2989,44662362.00,2025-05-23,2025-05-23,Settled,TS-005,2025-05-21 11:09:56,N,,
TD-2025-0776,2025-05-21,11:11:17,FX_SPOT,USD/PKR,SPOT,CP-003,TS-004,,USD,550000.00,282.2057,155213135.00,2025-05-23,2025-05-23,Settled,TS-004,2025-05-21 11:14:22,N,,
TD-2025-0777,2025-05-22,10:55:29,FX_SPOT,AED/PKR,SPOT,CP-001,TS-004,,AED,1700000.00,76.9568,130826560.00,2025-05-26,2025-05-26,Settled,TS-004,2025-05-22 11:04:12,N,,
TD-2025-0778,2025-05-22,11:05:51,MM_BORROWING,PKR_MM,2W,CP-005,TS-007,,PKR,101000000.00,11.1202,101000000.00,2025-05-22,2025-06-05,Settled,TS-007,2025-05-22 11:12:03,N,,
TD-2025-0779,2025-05-22,11:21:16,MM_PLACEMENT,PKR_MM,2W,CP-003,TS-007,BR-001,PKR,187000000.00,11.1138,187000000.00,2025-05-22,2025-06-05,Settled,TS-007,2025-05-22 11:25:20,N,,
TD-2025-0780,2025-05-22,12:17:17,MM_BORROWING,PKR_MM,1M,CP-006,TS-008,BR-001,PKR,95000000.00,11.2700,95000000.00,2025-05-23,2025-06-23,Settled,TS-008,2025-05-22 12:20:55,N,,
TD-2025-0781,2025-05-22,13:15:25,MM_PLACEMENT,PKR_MM,1M,CP-001,TS-008,,PKR,89000000.00,11.2729,89000000.00,2025-05-23,2025-06-23,Settled,TS-008,2025-05-22 13:17:58,N,,
TD-2025-0782,2025-05-22,13:22:40,FX_FORWARD,USD/PKR,3M,CP-003,TS-004,,USD,300000.00,287.3256,86197680.00,2025-08-20,2025-08-20,Outstanding,TS-004,2025-05-22 13:28:25,N,,
TD-2025-0783,2025-05-22,14:00:40,MM_PLACEMENT,PKR_MM,2W,CP-001,TS-006,BR-002,PKR,40000000.00,11.1103,40000000.00,2025-05-23,2025-06-11,Settled,TS-006,2025-05-22 14:04:37,N,,
TD-2025-0784,2025-05-22,14:04:43,FX_SPOT,AED/PKR,SPOT,CP-002,TS-003,,AED,1500000.00,76.9706,115455900.00,2025-05-26,2025-05-26,Settled,TS-003,2025-05-22 14:09:40,N,,
TD-2025-0785,2025-05-22,14:37:06,FX_FORWARD,USD/PKR,1M,CP-006,TS-004,,USD,250000.00,284.1489,71037225.00,2025-06-23,2025-06-23,Settled,TS-004,2025-05-22 14:46:39,N,,
TD-2025-0786,2025-05-22,15:03:14,FX_SPOT,USD/PKR,SPOT,CP-004,TS-005,,USD,300000.00,282.5672,84770160.00,2025-05-26,2025-05-26,Settled,TS-005,2025-05-22 15:11:52,N,,
TD-2025-0787,2025-05-22,15:51:38,MM_PLACEMENT,PKR_MM,1W,CP-001,TS-006,BR-002,PKR,40000000.00,11.0809,40000000.00,2025-05-22,2025-05-29,Settled,TS-006,2025-05-22 15:57:42,N,,
TD-2025-0788,2025-05-23,09:18:31,FX_FORWARD,EUR/PKR,3M,CP-002,TS-003,,EUR,1000000.00,308.7108,308710800.00,2025-08-21,2025-08-21,Outstanding,TS-003,2025-05-23 09:20:20,N,,
TD-2025-0789,2025-05-23,11:09:15,MM_PLACEMENT,PKR_MM,2W,CP-001,TS-007,,PKR,40000000.00,11.0633,40000000.00,2025-05-23,2025-06-11,Settled,TS-007,2025-05-23 11:18:29,N,,
TD-2025-0790,2025-05-23,11:36:52,FX_SPOT,GBP/PKR,SPOT,CP-005,TS-004,,GBP,75000.00,356.2321,26717408.00,2025-05-27,2025-05-27,Settled,TS-004,2025-05-23 11:40:48,N,,
TD-2025-0791,2025-05-23,11:39:22,FX_SPOT,USD/PKR,SPOT,CP-001,TS-010,,USD,100000.00,282.2020,28220200.00,2025-05-27,2025-05-27,Settled,TS-010,2025-05-23 11:44:41,N,,
TD-2025-0792,2025-05-23,13:13:00,MM_PLACEMENT,PKR_MM,1M,CP-003,TS-007,,PKR,254000000.00,11.2413,254000000.00,2025-05-26,2025-06-25,Settled,TS-007,2025-05-23 13:18:40,N,,
TD-2025-0793,2025-05-23,14:08:11,MM_BORROWING,PKR_MM,2W,CP-001,TS-008,BR-002,PKR,114000000.00,11.0681,114000000.00,2025-05-26,2025-06-11,Settled,TS-008,2025-05-23 14:13:17,N,,
TD-2025-0794,2025-05-23,15:34:08,FX_SPOT,USD/PKR,SPOT,CP-001,TS-004,BR-003,USD,400000.00,282.2291,112891640.00,2025-05-27,2025-05-27,Settled,TS-004,2025-05-23 15:37:18,N,,
TD-2025-0795,2025-05-26,10:37:21,FX_SPOT,USD/PKR,SPOT,CP-003,TS-004,,USD,350000.00,282.2145,98775075.00,2025-05-28,2025-05-28,Settled,TS-004,2025-05-26 10:39:13,N,,
TD-2025-0796,2025-05-26,10:44:54,MM_PLACEMENT,PKR_MM,2M,CP-001,TS-006,BR-001,PKR,40000000.00,11.3222,40000000.00,2025-05-26,2025-07-25,Settled,TS-006,2025-05-26 10:47:29,N,,
TD-2025-0797,2025-05-26,11:04:54,FX_SPOT,GBP/PKR,SPOT,CP-002,TS-005,,GBP,125000.00,356.8664,44608300.00,2025-05-28,2025-05-28,Settled,TS-005,2025-05-26 11:10:54,N,,
TD-2025-0798,2025-05-26,12:15:30,MM_PLACEMENT,PKR_MM,1W,CP-003,TS-007,,PKR,229000000.00,10.9931,229000000.00,2025-05-26,2025-06-02,Settled,TS-007,2025-05-26 12:19:19,N,,
TD-2025-0799,2025-05-27,09:06:09,FX_SPOT,USD/PKR,SPOT,CP-009,TS-004,,USD,550000.00,282.0827,155145485.00,2025-05-29,2025-05-29,Settled,TS-004,2025-05-27 09:09:05,N,,
TD-2025-0800,2025-05-27,11:24:35,MM_BORROWING,PKR_MM,1M,CP-001,TS-006,,PKR,40000000.00,11.2285,40000000.00,2025-05-28,2025-06-27,Settled,TS-006,2025-05-27 11:30:21,N,,
TD-2025-0801,2025-05-27,12:41:41,FX_SPOT,AED/PKR,SPOT,CP-004,TS-005,,AED,1100000.00,76.9707,84667770.00,2025-05-29,2025-05-29,Settled,TS-005,2025-05-27 12:47:25,N,,
TD-2025-0802,2025-05-27,14:52:31,MM_PLACEMENT,PKR_MM,1M,CP-001,TS-006,,PKR,40000000.00,11.2300,40000000.00,2025-05-28,2025-06-27,Settled,TS-006,2025-05-27 14:57:07,N,,
TD-2025-0803,2025-05-27,15:16:45,FX_SPOT,GBP/PKR,SPOT,CP-004,TS-004,,GBP,250000.00,356.1721,89043025.00,2025-05-29,2025-05-29,Settled,TS-004,2025-05-27 15:26:43,N,,
TD-2025-0804,2025-05-27,15:54:27,FX_SPOT,GBP/PKR,SPOT,CP-005,TS-010,,GBP,125000.00,356.1746,44521825.00,2025-05-29,2025-05-29,Settled,TS-010,2025-05-27 16:00:49,N,,
TD-2025-0805,2025-05-28,09:52:50,FX_SPOT,AED/PKR,SPOT,CP-003,TS-010,,AED,500000.00,76.8879,38443950.00,2025-05-30,2025-05-30,Settled,TS-010,2025-05-28 09:55:18,N,,
TD-2025-0806,2025-05-28,09:56:18,FX_FORWARD,USD/PKR,2M,CP-001,TS-003,BR-003,USD,350000.00,285.3097,99858395.00,2025-07-28,2025-07-28,Outstanding,TS-003,2025-05-28 09:57:56,N,,
TD-2025-0807,2025-05-28,10:48:54,FX_FORWARD,EUR/PKR,2M,CP-006,TS-003,,EUR,725000.00,306.4873,222203292.00,2025-07-28,2025-07-28,Outstanding,TS-003,2025-05-28 10:52:03,N,,
TD-2025-0808,2025-05-28,11:38:04,FX_SPOT,USD/PKR,SPOT,CP-001,TS-004,,USD,650000.00,282.1863,183421095.00,2025-05-30,2025-05-30,Settled,TS-004,2025-05-28 11:42:10,N,,
TD-2025-0809,2025-05-28,11:44:11,FX_SPOT,USD/PKR,SPOT,CP-001,TS-003,,USD,200000.00,282.2168,56443360.00,2025-05-30,2025-05-30,Settled,TS-003,2025-05-28 11:54:10,N,,
TD-2025-0810,2025-05-28,11:48:16,MM_BORROWING,PKR_MM,1W,CP-002,TS-006,,PKR,113000000.00,10.9096,113000000.00,2025-05-29,2025-06-05,Settled,TS-006,2025-05-28 11:53:38,N,,
TD-2025-0811,2025-05-28,11:50:18,MM_BORROWING,PKR_MM,1W,CP-002,TS-006,BR-001,PKR,163000000.00,10.9231,163000000.00,2025-05-29,2025-06-05,Settled,TS-006,2025-05-28 11:59:56,N,,
TD-2025-0812,2025-05-28,12:21:46,FX_FORWARD,GBP/PKR,2M,CP-004,TS-003,,GBP,225000.00,360.8348,81187830.00,2025-07-28,2025-07-28,Outstanding,TS-003,2025-05-28 12:23:48,N,,
TD-2025-0813,2025-05-28,13:01:39,FX_FORWARD,USD/PKR,3M,CP-004,TS-004,,USD,750000.00,286.8199,215114925.00,2025-08-26,2025-08-26,Outstanding,TS-004,2025-05-28 13:11:18,N,,
TD-2025-0814,2025-05-28,14:07:55,FX_SPOT,GBP/PKR,SPOT,CP-003,TS-004,,GBP,325000.00,356.7847,115955028.00,2025-05-30,2025-05-30,Settled,TS-004,2025-05-28 14:09:02,N,,
TD-2025-0815,2025-05-28,14:24:11,MM_PLACEMENT,PKR_MM,1W,CP-004,TS-006,,PKR,209000000.00,10.9150,209000000.00,2025-05-28,2025-06-04,Settled,TS-006,2025-05-28 14:26:11,N,,
TD-2025-0816,2025-05-28,14:33:02,FX_FORWARD,EUR/PKR,1M,CP-006,TS-004,,EUR,650000.00,304.4340,197882100.00,2025-06-27,2025-06-27,Settled,TS-004,2025-05-28 14:36:45,N,,
TD-2025-0817,2025-05-29,10:27:25,FX_SPOT,USD/PKR,SPOT,CP-003,TS-005,,USD,200000.00,282.3888,56477760.00,2025-06-02,2025-06-02,Settled,TS-005,2025-05-29 10:34:54,N,,
TD-2025-0818,2025-05-29,10:53:07,FX_FORWARD,USD/PKR,3M,CP-002,TS-004,,USD,500000.00,287.0709,143535450.00,2025-08-27,2025-08-27,Outstanding,TS-004,2025-05-29 10:56:04,N,,
TD-2025-0819,2025-05-29,11:27:47,MM_BORROWING,PKR_MM,1M,CP-004,TS-007,,PKR,227000000.00,11.1525,227000000.00,2025-05-30,2025-06-30,Settled,TS-007,2025-05-29 11:30:21,N,,
TD-2025-0820,2025-05-29,12:18:14,FX_SPOT,USD/PKR,SPOT,CP-004,TS-003,,USD,150000.00,282.4203,42363045.00,2025-06-02,2025-06-02,Settled,TS-003,2025-05-29 12:23:56,N,,
TD-2025-0821,2025-05-29,12:41:28,MM_PLACEMENT,PKR_MM,1M,CP-006,TS-007,BR-002,PKR,228000000.00,11.1549,228000000.00,2025-05-30,2025-06-30,Settled,TS-007,2025-05-29 12:48:03,N,,
TD-2025-0822,2025-05-29,14:26:03,FX_FORWARD,USD/PKR,3M,CP-003,TS-003,,USD,850000.00,287.0731,244012135.00,2025-08-27,2025-08-27,Outstanding,TS-003,2025-05-29 14:30:39,N,,
TD-2025-0823,2025-05-29,14:32:46,FX_FORWARD,EUR/PKR,1M,CP-003,TS-003,BR-003,EUR,400000.00,304.0358,121614320.00,2025-06-30,2025-06-30,Settled,TS-003,2025-05-29 14:40:53,N,,
TD-2025-0824,2025-05-29,16:43:30,FX_SPOT,USD/PKR,SPOT,CP-004,TS-003,,USD,750000.00,282.3865,211789875.00,2025-06-02,2025-06-02,Settled,TS-003,2025-05-29 16:49:01,N,,
TD-2025-0825,2025-05-30,09:53:10,MM_PLACEMENT,PKR_MM,1M,CP-001,TS-006,BR-001,PKR,40000000.00,11.1902,40000000.00,2025-05-30,2025-06-30,Settled,TS-006,2025-05-30 09:56:49,N,,
TD-2025-0826,2025-05-30,10:38:48,FX_FORWARD,USD/PKR,1M,CP-005,TS-004,,USD,200000.00,284.1499,56829980.00,2025-06-30,2025-06-30,Settled,TS-004,2025-05-30 10:47:37,N,,
TD-2025-0827,2025-05-30,11:28:20,FX_SPOT,USD/PKR,SPOT,CP-006,TS-004,BR-003,USD,300000.00,282.6202,84786060.00,2025-06-03,2025-06-03,Settled,TS-004,2025-05-30 11:33:06,N,,
TD-2025-0828,2025-05-30,11:40:50,FX_SPOT,USD/PKR,SPOT,CP-001,TS-004,,USD,300000.00,282.6043,84781290.00,2025-06-03,2025-06-03,Settled,TS-004,2025-05-30 11:42:57,N,,
TD-2025-0829,2025-05-30,13:24:57,MM_BORROWING,PKR_MM,3M,CP-001,TS-007,,PKR,40000000.00,11.3819,40000000.00,2025-06-02,2025-09-01,Settled,TS-007,2025-05-30 13:30:57,N,,
TD-2025-0830,2025-05-30,13:30:55,MM_PLACEMENT,PKR_MM,3M,CP-006,TS-007,,PKR,158000000.00,11.3863,158000000.00,2025-05-30,2025-08-28,Settled,TS-007,2025-05-30 13:33:20,N,,
TD-2025-0831,2025-05-30,15:35:38,FX_SPOT,GBP/PKR,SPOT,CP-001,TS-003,,GBP,600000.00,356.5894,213953640.00,2025-06-03,2025-06-03,Settled,TS-003,2025-05-30 15:42:34,N,,
TD-2025-0832,2025-05-30,16:44:32,FX_SPOT,USD/PKR,SPOT,CP-003,TS-010,BR-003,USD,150000.00,282.6184,42392760.00,2025-06-03,2025-06-03,Settled,TS-010,2025-05-30 16:48:42,N,,
TD-2025-0833,2025-06-02,10:08:42,TBILL_PURCHASE,PKR_TBILL,6M,CP-010,TS-006,,PKR,349000000.00,11.3873,349000000.00,2025-06-03,2025-12-02,Settled,TS-006,2025-06-02 10:14:55,N,,
TD-2025-0834,2025-06-02,10:53:58,MM_PLACEMENT,PKR_MM,2W,CP-009,TS-006,,PKR,113000000.00,11.0134,113000000.00,2025-06-02,2025-06-16,Settled,TS-006,2025-06-02 10:57:01,N,,
TD-2025-0835,2025-06-02,11:01:41,TBILL_PURCHASE,PKR_TBILL,3M,CP-010,TS-009,,PKR,343000000.00,11.2723,343000000.00,2025-06-03,2025-09-02,Settled,TS-009,2025-06-02 11:03:00,N,,
TD-2025-0836,2025-06-02,11:47:04,FX_SPOT,GBP/PKR,SPOT,CP-004,TS-003,,GBP,200000.00,357.3505,71470100.00,2025-06-04,2025-06-04,Settled,TS-003,2025-06-02 11:51:30,N,,
TD-2025-0837,2025-06-02,12:13:03,MM_BORROWING,PKR_MM,1W,CP-006,TS-008,,PKR,121000000.00,10.9406,121000000.00,2025-06-03,2025-06-11,Settled,TS-008,2025-06-02 12:18:08,N,,
TD-2025-0838,2025-06-02,13:02:32,FX_FORWARD,USD/PKR,1M,CP-006,TS-004,,USD,550000.00,283.9757,156186635.00,2025-07-02,2025-07-02,Outstanding,TS-004,2025-06-02 13:08:02,N,,
TD-2025-0839,2025-06-02,14:40:02,FX_SPOT,AED/PKR,SPOT,CP-001,TS-003,BR-002,AED,3300000.00,77.0310,254202300.00,2025-06-04,2025-06-04,Settled,TS-003,2025-06-02 14:49:05,N,,
TD-2025-0840,2025-06-02,14:45:42,MM_BORROWING,PKR_MM,1W,CP-001,TS-006,,PKR,40000000.00,10.9381,40000000.00,2025-06-03,2025-06-11,Settled,TS-006,2025-06-02 14:50:26,N,,
TD-2025-0841,2025-06-02,14:53:29,FX_SPOT,USD/PKR,SPOT,CP-005,TS-004,,USD,100000.00,282.4616,28246160.00,2025-06-04,2025-06-04,Settled,TS-004,2025-06-02 14:58:18,N,,
TD-2025-0842,2025-06-02,14:54:30,TBILL_PURCHASE,PKR_TBILL,12M,CP-010,TS-006,,PKR,236000000.00,11.5111,236000000.00,2025-06-03,2026-06-02,Settled,TS-006,2025-06-02 15:02:26,N,,
TD-2025-0843,2025-06-02,15:01:23,FX_FORWARD,USD/PKR,2M,CP-004,TS-004,BR-003,USD,600000.00,285.5538,171332280.00,2025-08-01,2025-08-01,Outstanding,TS-004,2025-06-02 15:09:01,N,,
TD-2025-0844,2025-06-02,15:18:28,MM_PLACEMENT,PKR_MM,2M,CP-006,TS-008,BR-002,PKR,91000000.00,11.2156,91000000.00,2025-06-03,2025-08-04,Settled,TS-008,2025-06-02 15:25:22,N,,
TD-2025-0845,2025-06-02,15:27:52,FX_SPOT,USD/PKR,SPOT,CP-005,TS-005,,USD,100000.00,282.4980,28249800.00,2025-06-04,2025-06-04,Settled,TS-005,2025-06-02 15:33:21,N,,
TD-2025-0846,2025-06-02,15:34:49,FX_SPOT,USD/PKR,SPOT,CP-001,TS-004,,USD,250000.00,282.4983,70624575.00,2025-06-04,2025-06-04,Settled,TS-004,2025-06-02 15:37:50,N,,
TD-2025-0847,2025-06-02,15:53:52,MM_PLACEMENT,PKR_MM,1W,CP-004,TS-006,,PKR,200000000.00,10.9382,200000000.00,2025-06-03,2025-06-11,Settled,TS-006,2025-06-02 16:02:39,N,,
TD-2025-0848,2025-06-02,15:58:12,TBILL_PURCHASE,PKR_TBILL,6M,CP-010,TS-009,,PKR,416000000.00,11.3956,416000000.00,2025-06-03,2025-12-02,Settled,TS-009,2025-06-02 16:03:06,N,,
TD-2025-0849,2025-06-02,16:51:18,MM_PLACEMENT,PKR_MM,2W,CP-003,TS-006,BR-002,PKR,123000000.00,11.0128,123000000.00,2025-06-03,2025-06-17,Settled,TS-006,2025-06-02 17:00:23,N,,
TD-2025-0850,2025-06-03,10:06:53,MM_PLACEMENT,PKR_MM,1M,CP-001,TS-006,,PKR,40000000.00,11.1716,40000000.00,2025-06-03,2025-07-03,Settled,TS-006,2025-06-03 10:12:48,N,,
TD-2025-0851,2025-06-03,11:33:24,FX_FORWARD,GBP/PKR,1M,CP-004,TS-004,,GBP,350000.00,358.7690,125569150.00,2025-07-03,2025-07-03,Outstanding,TS-004,2025-06-03 11:40:31,N,,
TD-2025-0852,2025-06-03,12:45:25,FX_SPOT,AED/PKR,SPOT,CP-005,TS-005,,AED,700000.00,76.9620,53873400.00,2025-06-05,2025-06-05,Settled,TS-005,2025-06-03 12:54:32,N,,
TD-2025-0853,2025-06-03,14:06:23,FX_SPOT,USD/PKR,SPOT,CP-001,TS-003,,USD,500000.00,282.8924,141446200.00,2025-06-05,2025-06-05,Settled,TS-003,2025-06-03 14:08:15,N,,
TD-2025-0854,2025-06-03,14:22:48,FX_SPOT,EUR/PKR,SPOT,CP-004,TS-003,,EUR,200000.00,303.3651,60673020.00,2025-06-05,2025-06-05,Settled,TS-003,2025-06-03 14:26:35,N,,
TD-2025-0855,2025-06-03,14:53:59,TBILL_PURCHASE,PKR_TBILL,3M,CP-010,TS-006,,PKR,398000000.00,11.2837,398000000.00,2025-06-04,2025-09-03,Settled,TS-006,2025-06-03 15:01:20,N,,
TD-2025-0856,2025-06-03,15:06:18,FX_SPOT,USD/PKR,SPOT,CP-001,TS-005,BR-002,USD,300000.00,282.9132,84873960.00,2025-06-05,2025-06-05,Settled,TS-005,2025-06-03 15:10:53,N,,
TD-2025-0857,2025-06-03,15:06:35,MM_PLACEMENT,PKR_MM,1M,CP-004,TS-007,,PKR,129000000.00,11.1648,129000000.00,2025-06-03,2025-07-03,Settled,TS-007,2025-06-03 15:09:28,N,,
TD-2025-0858,2025-06-03,15:12:22,FX_SPOT,USD/PKR,SPOT,CP-006,TS-005,BR-003,USD,250000.00,282.9284,70732100.00,2025-06-05,2025-06-05,Settled,TS-005,2025-06-03 15:15:52,N,,
TD-2025-0859,2025-06-03,15:28:42,TBILL_PURCHASE,PKR_TBILL,3M,CP-010,TS-009,,PKR,440000000.00,11.2865,440000000.00,2025-06-04,2025-09-03,Settled,TS-009,2025-06-03 15:33:35,N,,
TD-2025-0860,2025-06-03,16:11:40,MM_BORROWING,PKR_MM,1W,CP-001,TS-006,,PKR,40000000.00,10.9198,40000000.00,2025-06-04,2025-06-11,Settled,TS-006,2025-06-03 16:13:36,N,,
TD-2025-0861,2025-06-03,16:38:33,FX_FORWARD,USD/PKR,1M,CP-002,TS-004,BR-003,USD,300000.00,284.4286,85328580.00,2025-07-03,2025-07-03,Outstanding,TS-004,2025-06-03 16:45:45,N,,
TD-2025-0862,2025-06-04,09:15:47,FX_FORWARD,USD/PKR,2M,CP-005,TS-004,BR-003,USD,450000.00,285.9032,128656440.00,2025-08-04,2025-08-04,Outstanding,TS-004,2025-06-04 09:22:03,N,,
TD-2025-0863,2025-06-04,10:54:45,MM_BORROWING,PKR_MM,2W,CP-001,TS-007,BR-001,PKR,40000000.00,10.9928,40000000.00,2025-06-04,2025-06-18,Settled,TS-007,2025-06-04 10:58:40,N,,
TD-2025-0864,2025-06-04,11:25:09,FX_SPOT,USD/PKR,SPOT,CP-006,TS-005,,USD,150000.00,282.7942,42419130.00,2025-06-11,2025-06-11,Settled,TS-005,2025-06-04 11:33:21,N,,
TD-2025-0865,2025-06-04,15:40:45,FX_SPOT,GBP/PKR,SPOT,CP-002,TS-005,BR-003,GBP,225000.00,357.6450,80470125.00,2025-06-11,2025-06-11,Settled,TS-005,2025-06-04 15:47:13,N,,
TD-2025-0866,2025-06-04,15:54:06,FX_SPOT,GBP/PKR,SPOT,CP-003,TS-005,,GBP,125000.00,357.6675,44708438.00,2025-06-11,2025-06-11,Settled,TS-005,2025-06-04 15:58:47,N,,
TD-2025-0867,2025-06-04,16:04:32,FX_FORWARD,AED/PKR,3M,CP-003,TS-003,,AED,1400000.00,78.1372,109392080.00,2025-09-02,2025-09-02,Outstanding,TS-003,2025-06-04 16:12:50,N,,
TD-2025-0868,2025-06-04,16:12:53,MM_PLACEMENT,PKR_MM,2W,CP-001,TS-006,BR-001,PKR,40000000.00,10.9914,40000000.00,2025-06-05,2025-06-19,Settled,TS-006,2025-06-04 16:22:51,N,,
TD-2025-0869,2025-06-05,10:10:20,MM_BORROWING,PKR_MM,2W,CP-004,TS-007,,PKR,350000000.00,10.9693,350000000.00,2025-06-11,2025-06-25,Settled,TS-007,2025-06-05 10:16:47,N,,
TD-2025-0870,2025-06-05,10:46:13,FX_SPOT,USD/PKR,SPOT,CP-003,TS-005,,USD,100000.00,282.8700,28287000.00,2025-06-12,2025-06-12,Settled,TS-005,2025-06-05 10:49:07,N,,
TD-2025-0871,2025-06-05,11:30:14,FX_SPOT,USD/PKR,SPOT,CP-004,TS-005,BR-002,USD,200000.00,282.9117,56582340.00,2025-06-12,2025-06-12,Settled,TS-005,2025-06-05 11:34:37,N,,
TD-2025-0872,2025-06-05,13:29:37,FX_SPOT,USD/PKR,SPOT,CP-003,TS-005,,USD,300000.00,282.8582,84857460.00,2025-06-12,2025-06-12,Settled,TS-005,2025-06-05 13:30:41,N,,
TD-2025-0873,2025-06-11,11:21:23,TBILL_PURCHASE,PKR_TBILL,6M,CP-010,TS-006,,PKR,508000000.00,11.2908,508000000.00,2025-06-12,2025-12-11,Settled,TS-006,2025-06-11 11:24:22,N,,
TD-2025-0874,2025-06-11,11:47:21,MM_PLACEMENT,PKR_MM,2M,CP-005,TS-006,BR-001,PKR,191000000.00,11.1461,191000000.00,2025-06-12,2025-08-11,Settled,TS-006,2025-06-11 11:53:07,N,,
TD-2025-0875,2025-06-11,11:57:42,FX_FORWARD,USD/PKR,1M,CP-009,TS-003,,USD,1050000.00,284.4904,298714920.00,2025-07-11,2025-07-11,Outstanding,TS-003,2025-06-11 12:02:36,N,,
TD-2025-0876,2025-06-11,13:47:08,FX_SPOT,USD/PKR,SPOT,CP-003,TS-005,,USD,250000.00,282.9777,70744425.00,2025-06-13,2025-06-13,Settled,TS-005,2025-06-11 13:55:53,N,,
TD-2025-0877,2025-06-11,13:54:34,FX_SPOT,USD/PKR,SPOT,CP-005,TS-005,,USD,200000.00,282.9079,56581580.00,2025-06-13,2025-06-13,Settled,TS-005,2025-06-11 13:59:12,N,,
TD-2025-0878,2025-06-11,15:01:39,MM_BORROWING,PKR_MM,2M,CP-003,TS-006,BR-001,PKR,233000000.00,11.1540,233000000.00,2025-06-11,2025-08-11,Settled,TS-006,2025-06-11 15:03:52,N,,
TD-2025-0879,2025-06-11,15:24:10,FX_FORWARD,EUR/PKR,2M,CP-004,TS-004,BR-003,EUR,525000.00,306.8590,161100975.00,2025-08-11,2025-08-11,Outstanding,TS-004,2025-06-11 15:27:22,N,,
TD-2025-0880,2025-06-11,15:29:34,FX_SPOT,USD/PKR,SPOT,CP-005,TS-005,,USD,200000.00,282.9160,56583200.00,2025-06-13,2025-06-13,Settled,TS-005,2025-06-11 15:32:04,N,,
TD-2025-0881,2025-06-11,15:33:45,TBILL_PURCHASE,PKR_TBILL,3M,CP-010,TS-009,,PKR,346000000.00,11.2055,346000000.00,2025-06-12,2025-09-11,Settled,TS-009,2025-06-11 15:34:57,N,,
TD-2025-0882,2025-06-11,15:50:22,MM_BORROWING,PKR_MM,1W,CP-002,TS-007,,PKR,145000000.00,10.8666,145000000.00,2025-06-12,2025-06-19,Settled,TS-007,2025-06-11 15:56:55,N,,
TD-2025-0883,2025-06-11,15:59:00,FX_SPOT,USD/PKR,SPOT,CP-005,TS-004,BR-003,USD,450000.00,282.9677,127335465.00,2025-06-13,2025-06-13,Settled,TS-004,2025-06-11 16:03:32,N,,
TD-2025-0885,2025-06-11,16:18:07,FX_FORWARD,USD/PKR,1M,CP-006,TS-003,,USD,550000.00,284.4794,156463670.00,2025-07-11,2025-07-11,Outstanding,TS-003,2025-06-11 16:20:41,N,,
TD-2025-0886,2025-06-12,09:31:38,TBILL_PURCHASE,PKR_TBILL,6M,CP-010,TS-009,,PKR,471000000.00,11.3149,471000000.00,2025-06-13,2025-12-12,Settled,TS-009,2025-06-12 09:38:34,N,,
TD-2025-0887,2025-06-12,10:11:46,TBILL_PURCHASE,PKR_TBILL,6M,CP-010,TS-009,,PKR,537000000.00,11.3211,537000000.00,2025-06-13,2025-12-12,Settled,TS-009,2025-06-12 10:19:42,N,,
TD-2025-0888,2025-06-12,10:19:25,FX_FORWARD,EUR/PKR,1M,CP-002,TS-004,,EUR,575000.00,305.1596,175466770.00,2025-07-14,2025-07-14,Outstanding,TS-004,2025-06-12 10:22:49,N,,
TD-2025-0889,2025-06-12,11:31:32,FX_SPOT,EUR/PKR,SPOT,CP-006,TS-010,BR-002,EUR,150000.00,303.1502,45472530.00,2025-06-16,2025-06-16,Settled,TS-010,2025-06-12 11:38:53,N,,
TD-2025-0890,2025-06-12,12:34:17,FX_SPOT,AED/PKR,SPOT,CP-005,TS-010,,AED,600000.00,77.0372,46222320.00,2025-06-16,2025-06-16,Settled,TS-010,2025-06-12 12:41:48,N,,
TD-2025-0891,2025-06-12,13:38:23,FX_FORWARD,EUR/PKR,1M,CP-009,TS-004,BR-002,EUR,600000.00,305.1730,183103800.00,2025-07-14,2025-07-14,Outstanding,TS-004,2025-06-12 13:39:45,N,,
TD-2025-0892,2025-06-12,15:23:46,MM_PLACEMENT,PKR_MM,2W,CP-001,TS-006,,PKR,569000000.00,10.9606,569000000.00,2025-06-12,2025-06-26,Settled,TS-006,2025-06-12 15:26:14,N,,
TD-2025-0893,2025-06-12,15:47:26,FX_FORWARD,EUR/PKR,1M,CP-002,TS-003,,EUR,650000.00,305.1715,198361475.00,2025-07-14,2025-07-14,Outstanding,TS-003,2025-06-12 15:49:50,N,,
TD-2025-0894,2025-06-12,16:42:25,FX_FORWARD,USD/PKR,3M,CP-003,TS-004,,USD,450000.00,287.0112,129155040.00,2025-09-10,2025-09-10,Outstanding,TS-004,2025-06-12 16:43:46,N,,
TD-2025-0895,2025-06-13,10:20:04,TBILL_PURCHASE,PKR_TBILL,3M,CP-010,TS-006,,PKR,625000000.00,11.1386,625000000.00,2025-06-16,2025-09-15,Settled,TS-006,2025-06-13 10:24:19,N,,
TD-2025-0896,2025-06-13,10:41:03,FX_FORWARD,USD/PKR,1M,CP-001,TS-003,BR-003,USD,800000.00,284.5795,227663600.00,2025-07-14,2025-07-14,Outstanding,TS-003,2025-06-13 10:49:04,N,,
TD-2025-0897,2025-06-13,10:49:49,FX_SPOT,USD/PKR,SPOT,CP-004,TS-010,,USD,150000.00,283.0730,42460950.00,2025-06-17,2025-06-17,Settled,TS-010,2025-06-13 10:51:59,N,,
TD-2025-0898,2025-06-13,10:52:12,MM_PLACEMENT,PKR_MM,2M,CP-002,TS-007,,PKR,298000000.00,11.1399,298000000.00,2025-06-13,2025-08-12,Settled,TS-007,2025-06-13 10:59:10,N,,
TD-2025-0899,2025-06-13,13:38:11,MM_BORROWING,PKR_MM,2M,CP-005,TS-008,BR-001,PKR,129000000.00,11.1422,129000000.00,2025-06-16,2025-08-15,Settled,TS-008,2025-06-13 13:42:03,N,,
TD-2025-0900,2025-06-13,14:00:27,FX_SPOT,EUR/PKR,SPOT,CP-002,TS-003,BR-003,EUR,600000.00,303.8011,182280660.00,2025-06-17,2025-06-17,Settled,TS-003,2025-06-13 14:10:26,N,,
TD-2025-0901,2025-06-13,15:22:19,FX_SPOT,USD/PKR,SPOT,CP-003,TS-003,,USD,550000.00,283.0547,155680085.00,2025-06-17,2025-06-17,Settled,TS-003,2025-06-13 15:23:49,N,,
TD-2025-0902,2025-06-13,15:37:01,FX_FORWARD,USD/PKR,1M,CP-009,TS-004,,USD,250000.00,284.5708,71142700.00,2025-07-14,2025-07-14,Outstanding,TS-004,2025-06-13 15:38:52,N,,
TD-2025-0903,2025-06-13,16:41:31,MM_PLACEMENT,PKR_MM,2M,CP-001,TS-007,,PKR,108000000.00,11.1380,108000000.00,2025-06-13,2025-08-12,Settled,TS-007,2025-06-13 16:43:36,N,,
TD-2025-0904,2025-06-13,16:59:12,TBILL_PURCHASE,PKR_TBILL,3M,CP-010,TS-006,,PKR,415000000.00,11.1385,415000000.00,2025-06-16,2025-09-15,Settled,TS-006,2025-06-13 17:06:15,N,,
TD-2025-0905,2025-06-16,10:54:31,FX_SPOT,USD/PKR,SPOT,CP-006,TS-004,,USD,350000.00,282.6592,98930720.00,2025-06-18,2025-06-18,Settled,TS-004,2025-06-16 10:58:07,N,,
TD-2025-0906,2025-06-16,11:46:46,MM_PLACEMENT,PKR_MM,1M,CP-004,TS-007,,PKR,102000000.00,11.0169,102000000.00,2025-06-17,2025-07-17,Settled,TS-007,2025-06-16 11:49:18,N,,
TD-2025-0907,2025-06-16,12:16:45,FX_SPOT,EUR/PKR,SPOT,CP-001,TS-003,,EUR,200000.00,303.8988,60779760.00,2025-06-18,2025-06-18,Settled,TS-003,2025-06-16 12:21:47,N,,
TD-2025-0908,2025-06-16,12:41:01,TBILL_PURCHASE,PKR_TBILL,6M,CP-010,TS-006,,PKR,576000000.00,11.2550,576000000.00,2025-06-17,2025-12-16,Settled,TS-006,2025-06-16 12:42:34,N,,
TD-2025-0909,2025-06-16,12:49:36,MM_BORROWING,PKR_MM,1M,CP-002,TS-007,BR-002,PKR,310000000.00,11.0188,310000000.00,2025-06-16,2025-07-16,Settled,TS-007,2025-06-16 12:57:34,N,,
TD-2025-0910,2025-06-16,13:22:57,MM_PLACEMENT,PKR_MM,1W,CP-003,TS-008,BR-001,PKR,111000000.00,10.7742,111000000.00,2025-06-16,2025-06-23,Settled,TS-008,2025-06-16 13:27:41,N,,
TD-2025-0911,2025-06-16,14:29:30,MM_PLACEMENT,PKR_MM,1W,CP-009,TS-007,,PKR,245000000.00,10.7731,245000000.00,2025-06-16,2025-06-23,Settled,TS-007,2025-06-16 14:35:40,N,,
TD-2025-0912,2025-06-16,15:27:31,MM_BORROWING,PKR_MM,2W,CP-002,TS-008,BR-002,PKR,79000000.00,10.8476,79000000.00,2025-06-16,2025-06-30,Settled,TS-008,2025-06-16 15:33:16,N,,
TD-2025-0913,2025-06-16,15:34:20,FX_FORWARD,USD/PKR,2M,CP-004,TS-003,,USD,600000.00,285.6347,171380820.00,2025-08-15,2025-08-15,Outstanding,TS-003,2025-06-16 15:37:52,N,,
TD-2025-0914,2025-06-16,15:50:57,FX_SPOT,USD/PKR,SPOT,CP-001,TS-004,BR-003,USD,700000.00,282.6127,197828890.00,2025-06-18,2025-06-18,Settled,TS-004,2025-06-16 15:54:04,N,,
TD-2025-0915,2025-06-17,10:54:25,FX_SPOT,USD/PKR,SPOT,CP-005,TS-005,,USD,250000.00,282.9935,70748375.00,2025-06-19,2025-06-19,Settled,TS-005,2025-06-17 10:58:51,N,,
TD-2025-0916,2025-06-17,11:25:02,FX_FORWARD,USD/PKR,1M,CP-002,TS-003,,USD,950000.00,284.5131,270287445.00,2025-07-17,2025-07-17,Outstanding,TS-003,2025-06-17 11:31:31,N,,
TD-2025-0917,2025-06-17,11:32:55,TBILL_PURCHASE,PKR_TBILL,3M,CP-010,TS-006,,PKR,340000000.00,11.0692,340000000.00,2025-06-18,2025-09-17,Settled,TS-006,2025-06-17 11:37:37,N,,
TD-2025-0918,2025-06-17,11:46:49,MM_PLACEMENT,PKR_MM,1M,CP-003,TS-006,BR-001,PKR,416000000.00,10.9886,416000000.00,2025-06-18,2025-07-18,Settled,TS-006,2025-06-17 11:50:20,N,,
TD-2025-0919,2025-06-17,11:47:23,MM_PLACEMENT,PKR_MM,1M,CP-003,TS-007,,PKR,344000000.00,10.9921,344000000.00,2025-06-17,2025-07-17,Settled,TS-007,2025-06-17 11:56:28,N,,
TD-2025-0920,2025-06-17,14:20:06,MM_PLACEMENT,PKR_MM,1M,CP-003,TS-006,,PKR,64000000.00,11.0023,64000000.00,2025-06-17,2025-07-17,Settled,TS-006,2025-06-17 14:27:01,N,,
TD-2025-0921,2025-06-17,15:02:03,FX_SPOT,EUR/PKR,SPOT,CP-004,TS-003,,EUR,250000.00,303.6784,75919600.00,2025-06-19,2025-06-19,Settled,TS-003,2025-06-17 15:10:26,N,,
TD-2025-0922,2025-06-18,09:11:58,MM_BORROWING,PKR_MM,2M,CP-009,TS-006,BR-002,PKR,258000000.00,11.1605,258000000.00,2025-06-18,2025-08-18,Settled,TS-006,2025-06-18 09:19:34,N,,
TD-2025-0923,2025-06-18,10:55:24,MM_PLACEMENT,PKR_MM,2W,CP-002,TS-008,,PKR,127000000.00,10.9237,127000000.00,2025-06-19,2025-07-03,Settled,TS-008,2025-06-18 10:59:37,N,,
TD-2025-0924,2025-06-18,11:05:26,FX_SPOT,USD/PKR,SPOT,CP-003,TS-005,,USD,300000.00,282.7767,84833010.00,2025-06-20,2025-06-20,Settled,TS-005,2025-06-18 11:07:10,N,,
TD-2025-0925,2025-06-18,11:37:36,FX_SPOT,USD/PKR,SPOT,CP-004,TS-003,BR-002,USD,450000.00,282.7793,127250685.00,2025-06-20,2025-06-20,Settled,TS-003,2025-06-18 11:41:21,N,,
TD-2025-0926,2025-06-18,13:38:42,FX_SPOT,USD/PKR,SPOT,CP-001,TS-005,,USD,300000.00,282.7562,84826860.00,2025-06-20,2025-06-20,Settled,TS-005,2025-06-18 13:42:09,N,,
TD-2025-0927,2025-06-18,14:04:08,FX_SPOT,AED/PKR,SPOT,CP-005,TS-005,BR-003,AED,600000.00,76.9827,46189620.00,2025-06-20,2025-06-20,Settled,TS-005,2025-06-18 14:13:11,N,,
TD-2025-0928,2025-06-18,14:56:15,MM_BORROWING,PKR_MM,3M,CP-005,TS-007,BR-002,PKR,187000000.00,11.1947,187000000.00,2025-06-18,2025-09-16,Settled,TS-007,2025-06-18 15:03:56,N,,
TD-2025-0929,2025-06-19,10:17:59,FX_SPOT,EUR/PKR,SPOT,CP-001,TS-003,,EUR,450000.00,304.4026,136981170.00,2025-06-23,2025-06-23,Settled,TS-003,2025-06-19 10:22:21,N,,
TD-2025-0930,2025-06-19,10:23:42,FX_FORWARD,EUR/PKR,3M,CP-002,TS-004,BR-002,EUR,450000.00,310.5126,139730670.00,2025-09-17,2025-09-17,Outstanding,TS-004,2025-06-19 10:31:38,N,,
TD-2025-0931,2025-06-19,10:29:34,MM_BORROWING,PKR_MM,1M,CP-003,TS-008,BR-002,PKR,63000000.00,10.9992,63000000.00,2025-06-19,2025-07-21,Settled,TS-008,2025-06-19 10:37:27,N,,
TD-2025-0932,2025-06-19,11:46:41,FX_SPOT,USD/PKR,SPOT,CP-004,TS-003,,USD,850000.00,282.9041,240468485.00,2025-06-23,2025-06-23,Settled,TS-003,2025-06-19 11:51:25,N,,
TD-2025-0933,2025-06-19,11:50:52,FX_FORWARD,USD/PKR,1M,CP-003,TS-004,,USD,350000.00,284.3966,99538810.00,2025-07-21,2025-07-21,Outstanding,TS-004,2025-06-19 11:59:40,N,,
TD-2025-0934,2025-06-19,11:53:33,TBILL_PURCHASE,PKR_TBILL,6M,CP-010,TS-006,,PKR,544000000.00,11.2562,544000000.00,2025-06-20,2025-12-19,Settled,TS-006,2025-06-19 12:00:40,N,,
TD-2025-0935,2025-06-19,12:04:45,MM_BORROWING,PKR_MM,2W,CP-002,TS-007,BR-001,PKR,154000000.00,10.8763,154000000.00,2025-06-19,2025-07-03,Settled,TS-007,2025-06-19 12:10:39,N,,
TD-2025-0936,2025-06-19,14:36:59,MM_PLACEMENT,PKR_MM,1M,CP-001,TS-008,BR-002,PKR,106000000.00,10.9923,106000000.00,2025-06-20,2025-07-21,Settled,TS-008,2025-06-19 14:40:59,N,,
TD-2025-0937,2025-06-19,15:39:14,MM_PLACEMENT,PKR_MM,1W,CP-001,TS-007,,PKR,40000000.00,10.7934,40000000.00,2025-06-20,2025-06-27,Settled,TS-007,2025-06-19 15:44:24,N,,
TD-2025-0938,2025-06-19,16:10:49,MM_BORROWING,PKR_MM,1M,CP-004,TS-007,,PKR,218000000.00,10.9965,218000000.00,2025-06-19,2025-07-21,Settled,TS-007,2025-06-19 16:20:46,N,,
TD-2025-0939,2025-06-20,10:00:10,FX_FORWARD,USD/PKR,2M,CP-003,TS-003,,USD,500000.00,285.9235,142961750.00,2025-08-19,2025-08-19,Outstanding,TS-003,2025-06-20 10:06:59,N,,
TD-2025-0940,2025-06-20,10:06:49,MM_BORROWING,PKR_MM,3M,CP-001,TS-007,BR-001,PKR,220000000.00,11.1395,220000000.00,2025-06-20,2025-09-18,Settled,TS-007,2025-06-20 10:13:59,N,,
TD-2025-0941,2025-06-20,10:22:36,FX_SPOT,USD/PKR,SPOT,CP-009,TS-005,,USD,250000.00,282.8659,70716475.00,2025-06-24,2025-06-24,Settled,TS-005,2025-06-20 10:26:51,N,,
TD-2025-0942,2025-06-20,10:55:36,TBILL_PURCHASE,PKR_TBILL,12M,CP-010,TS-006,,PKR,205000000.00,11.3447,205000000.00,2025-06-23,2026-06-22,Settled,TS-006,2025-06-20 11:01:30,N,,
TD-2025-0943,2025-06-20,11:26:37,FX_FORWARD,USD/PKR,3M,CP-004,TS-004,,USD,600000.00,287.4218,172453080.00,2025-09-18,2025-09-18,Outstanding,TS-004,2025-06-20 11:29:50,N,,
TD-2025-0944,2025-06-20,12:39:08,FX_SPOT,USD/PKR,SPOT,CP-006,TS-004,,USD,700000.00,282.8653,198005710.00,2025-06-24,2025-06-24,Settled,TS-004,2025-06-20 12:44:12,N,,
TD-2025-0945,2025-06-20,12:53:33,TBILL_PURCHASE,PKR_TBILL,3M,CP-010,TS-009,,PKR,208000000.00,11.1099,208000000.00,2025-06-23,2025-09-22,Settled,TS-009,2025-06-20 12:58:13,N,,
TD-2025-0946,2025-06-20,13:05:43,FX_SPOT,USD/PKR,SPOT,CP-001,TS-003,,USD,650000.00,282.9103,183891695.00,2025-06-24,2025-06-24,Settled,TS-003,2025-06-20 13:15:32,N,,
TD-2025-0947,2025-06-20,14:10:47,MM_BORROWING,PKR_MM,2W,CP-001,TS-007,,PKR,40000000.00,10.8416,40000000.00,2025-06-20,2025-07-04,Settled,TS-007,2025-06-20 14:14:59,N,,
TD-2025-0948,2025-06-20,15:18:31,FX_FORWARD,USD/PKR,1M,CP-003,TS-004,BR-003,USD,600000.00,284.4024,170641440.00,2025-07-21,2025-07-21,Outstanding,TS-004,2025-06-20 15:23:09,N,,
TD-2025-0949,2025-06-23,09:57:22,FX_FORWARD,USD/PKR,1M,CP-001,TS-003,,USD,1050000.00,284.4475,298669875.00,2025-07-23,2025-07-23,Outstanding,TS-003,2025-06-23 10:06:23,N,,
TD-2025-0950,2025-06-23,10:30:07,FX_SPOT,USD/PKR,SPOT,CP-002,TS-003,,USD,750000.00,282.9258,212194350.00,2025-06-25,2025-06-25,Settled,TS-003,2025-06-23 10:32:10,N,,
TD-2025-0951,2025-06-23,11:54:18,FX_SPOT,USD/PKR,SPOT,CP-009,TS-005,,USD,150000.00,282.9373,42440595.00,2025-06-25,2025-06-25,Settled,TS-005,2025-06-23 11:57:08,N,,
TD-2025-0952,2025-06-23,13:24:28,MM_PLACEMENT,PKR_MM,2W,CP-005,TS-006,BR-001,PKR,105000000.00,10.8301,105000000.00,2025-06-24,2025-07-08,Settled,TS-006,2025-06-23 13:34:08,N,,
TD-2025-0953,2025-06-23,14:01:47,FX_SPOT,USD/PKR,SPOT,CP-003,TS-005,,USD,150000.00,282.9350,42440250.00,2025-06-25,2025-06-25,Settled,TS-005,2025-06-23 14:03:15,N,,
TD-2025-0954,2025-06-23,14:11:35,MM_PLACEMENT,PKR_MM,2W,CP-005,TS-008,,PKR,84000000.00,10.8316,84000000.00,2025-06-23,2025-07-07,Settled,TS-008,2025-06-23 14:13:11,N,,
TD-2025-0955,2025-06-24,09:18:54,TBILL_PURCHASE,PKR_TBILL,3M,CP-010,TS-009,,PKR,457000000.00,11.0434,457000000.00,2025-06-25,2025-09-24,Settled,TS-009,2025-06-24 09:20:27,N,,
TD-2025-0956,2025-06-24,10:24:20,MM_BORROWING,PKR_MM,1W,CP-006,TS-007,,PKR,194000000.00,10.7413,194000000.00,2025-06-24,2025-07-01,Settled,TS-007,2025-06-24 10:33:41,N,,
TD-2025-0957,2025-06-24,10:26:13,FX_SPOT,USD/PKR,SPOT,CP-001,TS-004,,USD,500000.00,282.9592,141479600.00,2025-06-26,2025-06-26,Settled,TS-004,2025-06-24 10:32:06,N,,
TD-2025-0958,2025-06-24,10:36:52,FX_SPOT,USD/PKR,SPOT,CP-004,TS-005,,USD,250000.00,282.9649,70741225.00,2025-06-26,2025-06-26,Settled,TS-005,2025-06-24 10:40:42,N,,
TD-2025-0959,2025-06-24,11:50:02,MM_BORROWING,PKR_MM,2M,CP-004,TS-007,BR-002,PKR,184000000.00,11.0682,184000000.00,2025-06-24,2025-08-25,Settled,TS-007,2025-06-24 11:55:09,N,,
TD-2025-0960,2025-06-24,12:49:40,FX_SPOT,GBP/PKR,SPOT,CP-001,TS-005,,GBP,150000.00,358.5207,53778105.00,2025-06-26,2025-06-26,Settled,TS-005,2025-06-24 12:59:21,N,,
TD-2025-0961,2025-06-24,13:04:21,MM_PLACEMENT,PKR_MM,2W,CP-004,TS-007,BR-001,PKR,75000000.00,10.7856,75000000.00,2025-06-25,2025-07-09,Settled,TS-007,2025-06-24 13:11:50,N,,
TD-2025-0962,2025-06-24,13:22:02,MM_PLACEMENT,PKR_MM,3M,CP-001,TS-006,BR-002,PKR,40000000.00,11.1045,40000000.00,2025-06-24,2025-09-22,Settled,TS-006,2025-06-24 13:29:26,N,,
TD-2025-0963,2025-06-24,14:02:46,MM_PLACEMENT,PKR_MM,2W,CP-001,TS-008,BR-001,PKR,115000000.00,10.7829,115000000.00,2025-06-25,2025-07-09,Settled,TS-008,2025-06-24 14:05:47,N,,
TD-2025-0964,2025-06-24,14:19:09,MM_PLACEMENT,PKR_MM,2M,CP-001,TS-007,BR-001,PKR,40000000.00,11.0640,40000000.00,2025-06-24,2025-08-25,Settled,TS-007,2025-06-24 14:28:07,N,,
TD-2025-0965,2025-06-24,14:22:14,TBILL_PURCHASE,PKR_TBILL,12M,CP-010,TS-009,,PKR,399000000.00,11.3072,399000000.00,2025-06-25,2026-06-24,Settled,TS-009,2025-06-24 14:26:17,N,,
TD-2025-0966,2025-06-24,14:22:15,MM_PLACEMENT,PKR_MM,1M,CP-001,TS-007,,PKR,40000000.00,10.9454,40000000.00,2025-06-25,2025-07-25,Settled,TS-007,2025-06-24 14:24:32,N,,
TD-2025-0967,2025-06-24,14:49:34,FX_SPOT,USD/PKR,SPOT,CP-002,TS-005,,USD,300000.00,282.9453,84883590.00,2025-06-26,2025-06-26,Settled,TS-005,2025-06-24 14:54:23,N,,
TD-2025-0968,2025-06-24,14:50:19,FX_SPOT,USD/PKR,SPOT,CP-003,TS-004,,USD,600000.00,282.9487,169769220.00,2025-06-26,2025-06-26,Settled,TS-004,2025-06-24 14:58:34,N,,
TD-2025-0969,2025-06-24,15:12:15,MM_BORROWING,PKR_MM,1W,CP-004,TS-008,BR-002,PKR,102000000.00,10.7442,102000000.00,2025-06-24,2025-07-01,Settled,TS-008,2025-06-24 15:21:12,N,,
TD-2025-0970,2025-06-24,15:26:58,MM_PLACEMENT,PKR_MM,1W,CP-004,TS-008,,PKR,134000000.00,10.7411,134000000.00,2025-06-24,2025-07-01,Settled,TS-008,2025-06-24 15:31:17,N,,
TD-2025-0971,2025-06-24,15:27:12,FX_SPOT,USD/PKR,SPOT,CP-006,TS-003,,USD,300000.00,282.9489,84884670.00,2025-06-26,2025-06-26,Settled,TS-003,2025-06-24 15:34:30,N,,
TD-2025-0972,2025-06-24,15:45:44,MM_BORROWING,PKR_MM,1W,CP-003,TS-008,BR-001,PKR,129000000.00,10.7409,129000000.00,2025-06-24,2025-07-01,Settled,TS-008,2025-06-24 15:54:37,N,,
TD-2025-0973,2025-06-25,09:51:35,FX_FORWARD,EUR/PKR,3M,CP-005,TS-003,BR-002,EUR,350000.00,309.9558,108484530.00,2025-09-23,2025-09-23,Outstanding,TS-003,2025-06-25 09:54:42,N,,
TD-2025-0974,2025-06-25,10:03:44,MM_BORROWING,PKR_MM,1W,CP-006,TS-006,,PKR,118000000.00,10.6967,118000000.00,2025-06-25,2025-07-02,Settled,TS-006,2025-06-25 10:13:16,N,,
TD-2025-0975,2025-06-25,11:49:06,MM_PLACEMENT,PKR_MM,2M,CP-006,TS-008,,PKR,116000000.00,11.0390,116000000.00,2025-06-25,2025-08-25,Settled,TS-008,2025-06-25 11:58:45,N,,
TD-2025-0976,2025-06-25,13:11:36,FX_SPOT,USD/PKR,SPOT,CP-009,TS-005,,USD,150000.00,283.3861,42507915.00,2025-06-27,2025-06-27,Settled,TS-005,2025-06-25 13:16:20,N,,
TD-2025-0977,2025-06-25,13:43:48,FX_SPOT,USD/PKR,SPOT,CP-003,TS-003,,USD,100000.00,283.4160,28341600.00,2025-06-27,2025-06-27,Settled,TS-003,2025-06-25 13:49:40,N,,
TD-2025-0978,2025-06-25,14:05:24,FX_SPOT,USD/PKR,SPOT,CP-001,TS-005,,USD,200000.00,283.3642,56672840.00,2025-06-27,2025-06-27,Settled,TS-005,2025-06-25 14:11:51,N,,
TD-2025-0979,2025-06-25,14:25:36,FX_SPOT,GBP/PKR,SPOT,CP-005,TS-003,,GBP,450000.00,358.4908,161320860.00,2025-06-27,2025-06-27,Settled,TS-003,2025-06-25 14:30:05,N,,
TD-2025-0980,2025-06-25,14:45:38,MM_BORROWING,PKR_MM,1M,CP-001,TS-006,BR-001,PKR,40000000.00,10.9320,40000000.00,2025-06-26,2025-07-28,Settled,TS-006,2025-06-25 14:50:58,N,,
TD-2025-0981,2025-06-25,15:31:49,MM_BORROWING,PKR_MM,1W,CP-004,TS-007,,PKR,129000000.00,10.6960,129000000.00,2025-06-25,2025-07-02,Settled,TS-007,2025-06-25 15:40:22,N,,
TD-2025-0982,2025-06-25,16:58:47,FX_FORWARD,EUR/PKR,1M,CP-001,TS-003,,EUR,575000.00,305.9063,175896122.00,2025-07-25,2025-07-25,Outstanding,TS-003,2025-06-25 17:00:23,N,,
TD-2025-0983,2025-06-26,11:58:35,MM_BORROWING,PKR_MM,2W,CP-001,TS-007,,PKR,40000000.00,10.7937,40000000.00,2025-06-27,2025-07-11,Settled,TS-007,2025-06-26 12:00:12,N,,
TD-2025-0984,2025-06-26,14:01:21,FX_SPOT,GBP/PKR,SPOT,CP-001,TS-003,,GBP,250000.00,358.2727,89568175.00,2025-06-30,2025-06-30,Settled,TS-003,2025-06-26 14:09:12,N,,
TD-2025-0985,2025-06-26,15:24:50,FX_FORWARD,USD/PKR,1M,CP-005,TS-004,,USD,650000.00,284.5673,184968745.00,2025-07-28,2025-07-28,Outstanding,TS-004,2025-06-26 15:26:22,N,,
TD-2025-0986,2025-06-26,15:26:00,FX_FORWARD,USD/PKR,1M,CP-001,TS-004,,USD,650000.00,284.6230,185004950.00,2025-07-28,2025-07-28,Outstanding,TS-004,2025-06-26 15:27:43,N,,
TD-2025-0987,2025-06-27,09:43:43,MM_PLACEMENT,PKR_MM,3M,CP-001,TS-007,BR-002,PKR,204000000.00,11.1073,204000000.00,2025-06-27,2025-09-25,Settled,TS-007,2025-06-27 09:49:29,N,,
TD-2025-0988,2025-06-27,11:00:11,TBILL_PURCHASE,PKR_TBILL,3M,CP-010,TS-009,,PKR,526000000.00,11.0610,526000000.00,2025-06-30,2025-09-29,Settled,TS-009,2025-06-27 11:02:44,N,,
TD-2025-0989,2025-06-27,11:23:00,MM_PLACEMENT,PKR_MM,3M,CP-005,TS-008,,PKR,124000000.00,11.0960,124000000.00,2025-06-30,2025-09-29,Settled,TS-008,2025-06-27 11:31:58,N,,
TD-2025-0990,2025-06-27,11:38:53,MM_PLACEMENT,PKR_MM,2M,CP-006,TS-007,BR-002,PKR,334000000.00,11.0322,334000000.00,2025-06-30,2025-08-29,Settled,TS-007,2025-06-27 11:44:58,N,,
TD-2025-0991,2025-06-27,12:09:01,FX_SPOT,USD/PKR,SPOT,CP-002,TS-005,BR-002,USD,200000.00,282.9680,56593600.00,2025-07-01,2025-07-01,Outstanding,TS-005,2025-06-27 12:10:42,N,,
TD-2025-0992,2025-06-27,12:32:40,FX_FORWARD,USD/PKR,1M,CP-001,TS-004,,USD,250000.00,284.4211,71105275.00,2025-07-28,2025-07-28,Outstanding,TS-004,2025-06-27 12:40:36,N,,
TD-2025-0993,2025-06-27,13:51:16,MM_PLACEMENT,PKR_MM,3M,CP-004,TS-007,BR-001,PKR,119000000.00,11.0949,119000000.00,2025-06-30,2025-09-29,Settled,TS-007,2025-06-27 13:54:32,N,,
TD-2025-0994,2025-06-27,13:54:22,FX_SPOT,USD/PKR,SPOT,CP-006,TS-004,,USD,450000.00,282.9425,127324125.00,2025-07-01,2025-07-01,Outstanding,TS-004,2025-06-27 14:02:29,N,,
TD-2025-0995,2025-06-27,15:28:37,MM_BORROWING,PKR_MM,1M,CP-001,TS-007,BR-001,PKR,326000000.00,10.9387,326000000.00,2025-06-30,2025-07-30,Settled,TS-007,2025-06-27 15:32:34,N,,
TD-2025-0996,2025-06-30,09:56:09,FX_FORWARD,EUR/PKR,1M,CP-009,TS-004,,EUR,475000.00,307.1180,145881050.00,2025-07-30,2025-07-30,Outstanding,TS-004,2025-06-30 09:58:16,N,,
TD-2025-0997,2025-06-30,10:23:27,FX_SPOT,USD/PKR,SPOT,CP-005,TS-005,,USD,250000.00,283.3146,70828650.00,2025-07-02,2025-07-02,Outstanding,TS-005,2025-06-30 10:26:23,N,,
TD-2025-0998,2025-06-30,10:59:21,MM_PLACEMENT,PKR_MM,2W,CP-003,TS-006,BR-002,PKR,180000000.00,10.7322,180000000.00,2025-06-30,2025-07-14,Settled,TS-006,2025-06-30 11:05:39,N,,
TD-2025-0999,2025-06-30,11:19:40,MM_PLACEMENT,PKR_MM,2M,CP-001,TS-006,BR-001,PKR,40000000.00,10.9531,40000000.00,2025-06-30,2025-08-29,Settled,TS-006,2025-06-30 11:22:00,N,,
TD-2025-1000,2025-06-30,11:33:26,MM_BORROWING,PKR_MM,3M,CP-006,TS-008,,PKR,78000000.00,11.0679,78000000.00,2025-07-01,2025-09-29,Outstanding,TS-008,2025-06-30 11:40:45,N,,
TD-2025-1001,2025-06-30,14:44:48,FX_FORWARD,EUR/PKR,1M,CP-004,TS-004,,EUR,500000.00,307.1208,153560400.00,2025-07-30,2025-07-30,Outstanding,TS-004,2025-06-30 14:50:15,N,,
TD-2025-1002,2025-06-30,15:14:26,TBILL_PURCHASE,PKR_TBILL,3M,CP-010,TS-006,,PKR,431000000.00,11.0206,431000000.00,2025-07-01,2025-09-30,Outstanding,TS-006,2025-06-30 15:17:53,N,,
TD-2025-1003,2025-06-30,16:54:09,FX_SPOT,USD/PKR,SPOT,CP-006,TS-003,,USD,850000.00,283.3119,240815115.00,2025-07-02,2025-07-02,Outstanding,TS-003,2025-06-30 17:03:42,N,,
