SETTLEMENT_ID,DEAL_ID,SETTLEMENT_DATE,SETTLEMENT_CURRENCY,SETTLEMENT_AMOUNT,SETTLEMENT_AMOUNT_PKR,SSI_ID,BENEFICIARY_BANK,BENEFICIARY_ACCOUNT,NOSTRO_ACCOUNT,RELEASED_BY_ID,APPROVED_BY_ID,SECOND_APPROVER_ID,PAYMENT_REFERENCE
STL-2025-0001,TD-2025-0006,2025-01-02,PKR,123000000.00,123000000.00,SSI-004,"Sterling Union Bank Limited, Karachi",63-3742-686415,SBP-CA-0041-MBL,TS-020,TS-014,,PMT-2025-00001
STL-2025-0002,TD-2025-0003,2025-01-03,PKR,242000000.00,242000000.00,SSI-044,"State Bank of Pakistan, Karachi",94-3530-684017,SBP-CA-0041-MBL,TS-018,TS-014,,PMT-2025-00002
STL-2025-0003,TD-2025-0005,2025-01-03,PKR,210000000.00,210000000.00,SSI-009,"Harbour National Bank, Karachi",92-4407-668235,SBP-CA-0041-MBL,TS-018,TS-014,,PMT-2025-00003
STL-2025-0004,TD-2025-0008,2025-01-03,PKR,599000000.00,599000000.00,SSI-024,"Crescent Investment Bank, Karachi",58-1971-536721,SBP-CA-0041-MBL,TS-018,TS-014,TS-019,PMT-2025-00004
STL-2025-0005,TD-2025-0001,2025-01-06,AED,1800000.00,136576260.00,SSI-016,"Emirates NBD, Dubai",66-5212-177681,NOSTRO-AED-ENBD-1019277440,TS-017,TS-018,,PMT-2025-00005
STL-2025-0006,TD-2025-0007,2025-01-06,USD,200000.00,55708020.00,SSI-030,"Citibank N.A., New York",21-9212-159767,NOSTRO-USD-CITI-3610044821,TS-017,TS-014,,PMT-2025-00006
STL-2025-0007,TD-2025-0012,2025-01-06,PKR,174000000.00,174000000.00,SSI-024,"Crescent Investment Bank, Karachi",58-1971-536721,SBP-CA-0041-MBL,TS-018,TS-014,,PMT-2025-00007
STL-2025-0008,TD-2025-0010,2025-01-07,GBP,150000.00,52277670.00,SSI-013,"Barclays Bank PLC, London",22-6864-186796,NOSTRO-GBP-BARC-20551188,TS-017,TS-018,,PMT-2025-00008
STL-2025-0009,TD-2025-0011,2025-01-07,USD,200000.00,55663340.00,SSI-005,"Citibank N.A., New York",92-4250-421831,NOSTRO-USD-CITI-3610044821,TS-017,TS-018,,PMT-2025-00009
STL-2025-0010,TD-2025-0014,2025-01-07,USD,750000.00,208697325.00,SSI-043,"Citibank N.A., New York",75-7585-670508,NOSTRO-USD-CITI-3610044821,TS-017,TS-018,,PMT-2025-00010
STL-2025-0011,TD-2025-0015,2025-01-07,EUR,250000.00,72270150.00,SSI-022,"Deutsche Bank AG, Frankfurt",31-9827-548185,NOSTRO-EUR-DB-70044120088,TS-018,TS-014,,PMT-2025-00011
STL-2025-0012,TD-2025-0019,2025-01-07,PKR,283000000.00,283000000.00,SSI-044,"State Bank of Pakistan, Karachi",94-3530-684017,SBP-CA-0041-MBL,TS-018,TS-014,TS-019,PMT-2025-00012
STL-2025-0013,TD-2025-0021,2025-01-07,PKR,144000000.00,144000000.00,SSI-029,"Apex Islamic Bank, Karachi",88-2018-373944,SBP-CA-0041-MBL,TS-018,TS-014,,PMT-2025-00013
STL-2025-0014,TD-2025-0022,2025-01-07,PKR,349000000.00,349000000.00,SSI-042,"Cedar Commercial Bank, Karachi",17-5041-561255,SBP-CA-0041-MBL,TS-017,TS-014,TS-019,PMT-2025-00014
STL-2025-0015,TD-2025-0016,2025-01-08,EUR,300000.00,86665260.00,SSI-002,"Deutsche Bank AG, Frankfurt",12-4044-746137,NOSTRO-EUR-DB-70044120088,TS-020,TS-014,,PMT-2025-00015
STL-2025-0016,TD-2025-0017,2025-01-08,AED,1100000.00,83455350.00,SSI-006,"Emirates NBD, Dubai",91-2794-316752,NOSTRO-AED-ENBD-1019277440,TS-017,TS-014,,PMT-2025-00016
STL-2025-0017,TD-2025-0018,2025-01-08,GBP,175000.00,61019910.00,SSI-041,"Barclays Bank PLC, London",56-2024-194668,NOSTRO-GBP-BARC-20551188,TS-020,TS-014,,PMT-2025-00017
STL-2025-0018,TD-2025-0020,2025-01-08,USD,150000.00,41830830.00,SSI-010,"Citibank N.A., New York",71-8954-663127,NOSTRO-USD-CITI-3610044821,TS-020,TS-018,,PMT-2025-00018
STL-2025-0019,TD-2025-0023,2025-01-08,PKR,603000000.00,603000000.00,SSI-044,"State Bank of Pakistan, Karachi",94-3530-684017,SBP-CA-0041-MBL,TS-018,TS-014,TS-019,PMT-2025-00019
STL-2025-0020,TD-2025-0024,2025-01-08,PKR,446000000.00,446000000.00,SSI-044,"State Bank of Pakistan, Karachi",94-3530-684017,SBP-CA-0041-MBL,TS-018,TS-014,TS-019,PMT-2025-00020
STL-2025-0021,TD-2025-0028,2025-01-08,PKR,222000000.00,222000000.00,SSI-019,"Horizon Bank Limited, Karachi",60-9368-454127,SBP-CA-0041-MBL,TS-018,TS-014,,PMT-2025-00021
STL-2025-0022,TD-2025-0029,2025-01-08,PKR,456000000.00,456000000.00,SSI-044,"State Bank of Pakistan, Karachi",94-3530-684017,SBP-CA-0041-MBL,TS-020,TS-014,TS-019,PMT-2025-00022
STL-2025-0023,TD-2025-0030,2025-01-08,PKR,557000000.00,557000000.00,SSI-014,"Pinnacle Commercial Bank, Lahore",19-7670-466460,SBP-CA-0041-MBL,TS-017,TS-018,TS-014,PMT-2025-00023
STL-2025-0024,TD-2025-0034,2025-01-08,PKR,334000000.00,334000000.00,SSI-044,"State Bank of Pakistan, Karachi",94-3530-684017,SBP-CA-0041-MBL,TS-017,TS-018,TS-014,PMT-2025-00024
STL-2025-0025,TD-2025-0035,2025-01-08,PKR,64000000.00,64000000.00,SSI-004,"Sterling Union Bank Limited, Karachi",63-3742-686415,SBP-CA-0041-MBL,TS-020,TS-018,,PMT-2025-00025
STL-2025-0026,TD-2025-0038,2025-01-08,PKR,188000000.00,188000000.00,SSI-024,"Crescent Investment Bank, Karachi",58-1971-536721,SBP-CA-0041-MBL,TS-018,TS-014,,PMT-2025-00026
STL-2025-0027,TD-2025-0025,2025-01-09,EUR,225000.00,65235510.00,SSI-002,"Deutsche Bank AG, Frankfurt",12-4044-746137,NOSTRO-EUR-DB-70044120088,TS-017,TS-014,,PMT-2025-00027
STL-2025-0028,TD-2025-0026,2025-01-09,EUR,525000.00,152230522.00,SSI-007,"Deutsche Bank AG, Frankfurt",58-9386-226774,NOSTRO-EUR-DB-70044120088,TS-018,TS-014,,PMT-2025-00028
STL-2025-0029,TD-2025-0027,2025-01-09,GBP,325000.00,113307675.00,SSI-003,"Barclays Bank PLC, London",35-6259-583573,NOSTRO-GBP-BARC-20551188,TS-017,TS-014,,PMT-2025-00029
STL-2025-0030,TD-2025-0031,2025-01-09,USD,850000.00,236904010.00,SSI-010,"Citibank N.A., New York",71-8954-663127,NOSTRO-USD-CITI-3610044821,TS-017,TS-014,,PMT-2025-00030
STL-2025-0031,TD-2025-0032,2025-01-09,EUR,375000.00,108724350.00,SSI-012,"Deutsche Bank AG, Frankfurt",60-2543-686225,NOSTRO-EUR-DB-70044120088,TS-017,TS-018,,PMT-2025-00031
STL-2025-0032,TD-2025-0039,2025-01-09,PKR,493000000.00,493000000.00,SSI-044,"State Bank of Pakistan, Karachi",94-3530-684017,SBP-CA-0041-MBL,TS-018,TS-014,TS-019,PMT-2025-00032
STL-2025-0033,TD-2025-0040,2025-01-09,PKR,401000000.00,401000000.00,SSI-044,"State Bank of Pakistan, Karachi",94-3530-684017,SBP-CA-0041-MBL,TS-017,TS-014,TS-019,PMT-2025-00033
STL-2025-0034,TD-2025-0037,2025-01-10,EUR,125000.00,36278025.00,SSI-022,"Deutsche Bank AG, Frankfurt",31-9827-548185,NOSTRO-EUR-DB-70044120088,TS-020,TS-014,,PMT-2025-00034
STL-2025-0035,TD-2025-0041,2025-01-10,USD,150000.00,41840160.00,SSI-010,"Citibank N.A., New York",71-8954-663127,NOSTRO-USD-CITI-3610044821,TS-018,TS-014,,PMT-2025-00035
STL-2025-0036,TD-2025-0042,2025-01-10,USD,100000.00,27896860.00,SSI-005,"Citibank N.A., New York",92-4250-421831,NOSTRO-USD-CITI-3610044821,TS-020,TS-018,,PMT-2025-00036
STL-2025-0037,TD-2025-0044,2025-01-10,PKR,127000000.00,127000000.00,SSI-009,"Harbour National Bank, Karachi",92-4407-668235,SBP-CA-0041-MBL,TS-017,TS-018,,PMT-2025-00037
STL-2025-0038,TD-2025-0045,2025-01-10,PKR,223000000.00,223000000.00,SSI-044,"State Bank of Pakistan, Karachi",94-3530-684017,SBP-CA-0041-MBL,TS-017,TS-018,,PMT-2025-00038
STL-2025-0039,TD-2025-0048,2025-01-10,PKR,254000000.00,254000000.00,SSI-014,"Pinnacle Commercial Bank, Lahore",19-7670-466460,SBP-CA-0041-MBL,TS-018,TS-014,TS-019,PMT-2025-00039
STL-2025-0040,TD-2025-0043,2025-01-13,EUR,375000.00,109058287.00,SSI-002,"Deutsche Bank AG, Frankfurt",12-4044-746137,NOSTRO-EUR-DB-70044120088,TS-020,TS-018,,PMT-2025-00040
STL-2025-0041,TD-2025-0046,2025-01-13,USD,250000.00,69637775.00,SSI-025,"Citibank N.A., New York",29-1045-832339,NOSTRO-USD-CITI-3610044821,TS-017,TS-018,,PMT-2025-00041
STL-2025-0042,TD-2025-0047,2025-01-13,EUR,625000.00,181780750.00,SSI-007,"Deutsche Bank AG, Frankfurt",58-9386-226774,NOSTRO-EUR-DB-70044120088,TS-020,TS-018,,PMT-2025-00042
STL-2025-0043,TD-2025-0051,2025-01-13,PKR,562000000.00,562000000.00,SSI-004,"Sterling Union Bank Limited, Karachi",63-3742-686415,SBP-CA-0041-MBL,TS-017,TS-014,TS-019,PMT-2025-00043
STL-2025-0044,TD-2025-0059,2025-01-13,PKR,88000000.00,88000000.00,SSI-009,"Harbour National Bank, Karachi",92-4407-668235,SBP-CA-0041-MBL,TS-020,TS-018,,PMT-2025-00044
STL-2025-0045,TD-2025-0050,2025-01-14,USD,650000.00,181008295.00,SSI-030,"Citibank N.A., New York",21-9212-159767,NOSTRO-USD-CITI-3610044821,TS-020,TS-018,,PMT-2025-00045
STL-2025-0046,TD-2025-0053,2025-01-14,GBP,475000.00,165389585.00,SSI-003,"Barclays Bank PLC, London",35-6259-583573,NOSTRO-GBP-BARC-20551188,TS-020,TS-014,,PMT-2025-00046
STL-2025-0047,TD-2025-0054,2025-01-14,USD,300000.00,83536050.00,SSI-020,"Citibank N.A., New York",80-7629-754690,NOSTRO-USD-CITI-3610044821,TS-018,TS-014,,PMT-2025-00047
STL-2025-0048,TD-2025-0055,2025-01-14,USD,400000.00,111380240.00,SSI-010,"Citibank N.A., New York",71-8954-663127,NOSTRO-USD-CITI-3610044821,TS-020,TS-018,,PMT-2025-00048
STL-2025-0049,TD-2025-0056,2025-01-14,PKR,417000000.00,417000000.00,SSI-044,"State Bank of Pakistan, Karachi",94-3530-684017,SBP-CA-0041-MBL,TS-018,TS-014,TS-019,PMT-2025-00049
STL-2025-0050,TD-2025-0066,2025-01-14,PKR,472000000.00,472000000.00,SSI-033,"Frontier Development Bank, Islamabad",63-4454-620448,SBP-CA-0041-MBL,TS-020,TS-014,TS-019,PMT-2025-00050
STL-2025-0051,TD-2025-0057,2025-01-15,EUR,675000.00,196348320.00,SSI-027,"Deutsche Bank AG, Frankfurt",33-6784-768037,NOSTRO-EUR-DB-70044120088,TS-018,TS-014,,PMT-2025-00051
STL-2025-0052,TD-2025-0058,2025-01-15,USD,600000.00,167299260.00,SSI-020,"Citibank N.A., New York",80-7629-754690,NOSTRO-USD-CITI-3610044821,TS-018,TS-014,,PMT-2025-00052
STL-2025-0053,TD-2025-0062,2025-01-15,USD,200000.00,55774180.00,SSI-038,"Citibank N.A., New York",50-1964-845729,NOSTRO-USD-CITI-3610044821,TS-020,TS-014,,PMT-2025-00053
STL-2025-0054,TD-2025-0067,2025-01-15,PKR,271000000.00,271000000.00,SSI-042,"Cedar Commercial Bank, Karachi",17-5041-561255,SBP-CA-0041-MBL,TS-017,TS-014,TS-019,PMT-2025-00054
STL-2025-0055,TD-2025-0064,2025-01-16,EUR,225000.00,65187338.00,SSI-027,"Deutsche Bank AG, Frankfurt",33-6784-768037,NOSTRO-EUR-DB-70044120088,TS-020,TS-014,,PMT-2025-00055
STL-2025-0056,TD-2025-0065,2025-01-16,USD,200000.00,55712660.00,SSI-030,"Citibank N.A., New York",21-9212-159767,NOSTRO-USD-CITI-3610044821,TS-017,TS-018,,PMT-2025-00056
STL-2025-0057,TD-2025-0070,2025-01-16,PKR,264000000.00,264000000.00,SSI-044,"State Bank of Pakistan, Karachi",94-3530-684017,SBP-CA-0041-MBL,TS-017,TS-018,TS-014,PMT-2025-00057
STL-2025-0058,TD-2025-0071,2025-01-17,EUR,275000.00,79858708.00,SSI-007,"Deutsche Bank AG, Frankfurt",58-9386-226774,NOSTRO-EUR-DB-70044120088,TS-020,TS-014,,PMT-2025-00058
STL-2025-0059,TD-2025-0085,2025-01-17,PKR,118000000.00,118000000.00,SSI-004,"Sterling Union Bank Limited, Karachi",63-3742-686415,SBP-CA-0041-MBL,TS-020,TS-014,,PMT-2025-00059
STL-2025-0060,TD-2025-0079,2025-01-20,PKR,221000000.00,221000000.00,SSI-014,"Pinnacle Commercial Bank, Lahore",19-7670-466460,SBP-CA-0041-MBL,TS-017,TS-014,,PMT-2025-00060
STL-2025-0061,TD-2025-0081,2025-01-20,PKR,339000000.00,339000000.00,SSI-037,"Northgate Bank Limited, Lahore",97-1149-147084,SBP-CA-0041-MBL,TS-017,TS-018,TS-014,PMT-2025-00061
STL-2025-0062,TD-2025-0093,2025-01-20,PKR,89000000.00,89000000.00,SSI-029,"Apex Islamic Bank, Karachi",88-2018-373944,SBP-CA-0041-MBL,TS-018,TS-014,,PMT-2025-00062
STL-2025-0063,TD-2025-0080,2025-01-21,USD,200000.00,55841360.00,SSI-025,"Citibank N.A., New York",29-1045-832339,NOSTRO-USD-CITI-3610044821,TS-018,TS-014,,PMT-2025-00063
STL-2025-0064,TD-2025-0082,2025-01-21,USD,600000.00,167510940.00,SSI-010,"Citibank N.A., New York",71-8954-663127,NOSTRO-USD-CITI-3610044821,TS-018,TS-014,,PMT-2025-00064
STL-2025-0065,TD-2025-0083,2025-01-21,USD,200000.00,55840540.00,SSI-020,"Citibank N.A., New York",80-7629-754690,NOSTRO-USD-CITI-3610044821,TS-017,TS-014,,PMT-2025-00065
STL-2025-0066,TD-2025-0084,2025-01-21,GBP,350000.00,122130400.00,SSI-028,"Barclays Bank PLC, London",53-2312-730679,NOSTRO-GBP-BARC-20551188,TS-017,TS-018,,PMT-2025-00066
STL-2025-0067,TD-2025-0086,2025-01-21,PKR,398000000.00,398000000.00,SSI-009,"Harbour National Bank, Karachi",92-4407-668235,SBP-CA-0041-MBL,TS-017,TS-018,TS-014,PMT-2025-00067
STL-2025-0068,TD-2025-0087,2025-01-21,PKR,209000000.00,209000000.00,SSI-042,"Cedar Commercial Bank, Karachi",17-5041-561255,SBP-CA-0041-MBL,TS-020,TS-014,,PMT-2025-00068
STL-2025-0069,TD-2025-0088,2025-01-22,USD,200000.00,55728660.00,SSI-010,"Citibank N.A., New York",71-8954-663127,NOSTRO-USD-CITI-3610044821,TS-020,TS-014,,PMT-2025-00069
STL-2025-0070,TD-2025-0089,2025-01-22,USD,300000.00,83595540.00,SSI-043,"Citibank N.A., New York",75-7585-670508,NOSTRO-USD-CITI-3610044821,TS-020,TS-014,,PMT-2025-00070
STL-2025-0071,TD-2025-0091,2025-01-22,USD,200000.00,55735780.00,SSI-030,"Citibank N.A., New York",21-9212-159767,NOSTRO-USD-CITI-3610044821,TS-018,TS-014,,PMT-2025-00071
STL-2025-0072,TD-2025-0097,2025-01-22,PKR,69000000.00,69000000.00,SSI-024,"Crescent Investment Bank, Karachi",58-1971-536721,SBP-CA-0041-MBL,TS-018,TS-014,,PMT-2025-00072
STL-2025-0073,TD-2025-0101,2025-01-22,PKR,245000000.00,245000000.00,SSI-044,"State Bank of Pakistan, Karachi",94-3530-684017,SBP-CA-0041-MBL,TS-017,TS-018,,PMT-2025-00073
STL-2025-0074,TD-2025-0094,2025-01-23,USD,250000.00,69788800.00,SSI-025,"Citibank N.A., New York",29-1045-832339,NOSTRO-USD-CITI-3610044821,TS-017,TS-014,,PMT-2025-00074
STL-2025-0075,TD-2025-0095,2025-01-23,USD,300000.00,84615090.00,SSI-015,"Citibank N.A., New York",20-5693-842009,NOSTRO-USD-CITI-3610044821,TS-017,TS-014,,PMT-2025-00075
STL-2025-0076,TD-2025-0096,2025-01-23,AED,600000.00,46010460.00,SSI-011,"Emirates NBD, Dubai",88-6092-866330,NOSTRO-AED-ENBD-1019277440,TS-020,TS-014,,PMT-2025-00076
STL-2025-0077,TD-2025-0098,2025-01-23,EUR,425000.00,123491868.00,SSI-002,"Deutsche Bank AG, Frankfurt",12-4044-746137,NOSTRO-EUR-DB-70044120088,TS-018,TS-014,,PMT-2025-00077
STL-2025-0078,TD-2025-0100,2025-01-23,EUR,150000.00,43586400.00,SSI-017,"Deutsche Bank AG, Frankfurt",82-3509-764277,NOSTRO-EUR-DB-70044120088,TS-017,TS-014,,PMT-2025-00078
STL-2025-0079,TD-2025-0113,2025-01-23,PKR,67000000.00,67000000.00,SSI-014,"Pinnacle Commercial Bank, Lahore",19-7670-466460,SBP-CA-0041-MBL,TS-018,TS-014,,PMT-2025-00079
STL-2025-0080,TD-2025-0114,2025-01-23,PKR,66000000.00,66000000.00,SSI-029,"Apex Islamic Bank, Karachi",88-2018-373944,SBP-CA-0041-MBL,TS-018,TS-014,,PMT-2025-00080
STL-2025-0081,TD-2025-0102,2025-01-24,USD,200000.00,55854020.00,SSI-030,"Citibank N.A., New York",21-9212-159767,NOSTRO-USD-CITI-3610044821,TS-017,TS-018,,PMT-2025-00081
STL-2025-0082,TD-2025-0103,2025-01-24,USD,300000.00,83772870.00,SSI-005,"Citibank N.A., New York",92-4250-421831,NOSTRO-USD-CITI-3610044821,TS-020,TS-014,,PMT-2025-00082
STL-2025-0083,TD-2025-0105,2025-01-24,USD,250000.00,69806375.00,SSI-020,"Citibank N.A., New York",80-7629-754690,NOSTRO-USD-CITI-3610044821,TS-017,TS-018,,PMT-2025-00083
STL-2025-0084,TD-2025-0106,2025-01-24,USD,300000.00,83762730.00,SSI-025,"Citibank N.A., New York",29-1045-832339,NOSTRO-USD-CITI-3610044821,TS-017,TS-018,,PMT-2025-00084
STL-2025-0085,TD-2025-0107,2025-01-24,USD,550000.00,153582440.00,SSI-005,"Citibank N.A., New York",92-4250-421831,NOSTRO-USD-CITI-3610044821,TS-018,TS-014,,PMT-2025-00085
STL-2025-0086,TD-2025-0108,2025-01-24,AED,600000.00,45544020.00,SSI-011,"Emirates NBD, Dubai",88-6092-866330,NOSTRO-AED-ENBD-1019277440,TS-018,TS-014,,PMT-2025-00086
STL-2025-0087,TD-2025-0109,2025-01-24,USD,150000.00,41890455.00,SSI-034,"Citibank N.A., New York",53-7950-420695,NOSTRO-USD-CITI-3610044821,TS-018,TS-014,,PMT-2025-00087
STL-2025-0088,TD-2025-0115,2025-01-24,PKR,146000000.00,146000000.00,SSI-009,"Harbour National Bank, Karachi",92-4407-668235,SBP-CA-0041-MBL,TS-020,TS-014,,PMT-2025-00088
STL-2025-0089,TD-2025-0111,2025-01-27,USD,150000.00,41849745.00,SSI-020,"Citibank N.A., New York",80-7629-754690,NOSTRO-USD-CITI-3610044821,TS-020,TS-014,,PMT-2025-00089
STL-2025-0090,TD-2025-0112,2025-01-27,USD,550000.00,153465950.00,SSI-010,"Citibank N.A., New York",71-8954-663127,NOSTRO-USD-CITI-3610044821,TS-018,TS-014,,PMT-2025-00090
STL-2025-0091,TD-2025-0116,2025-01-27,USD,700000.00,195287470.00,SSI-020,"Citibank N.A., New York",80-7629-754690,NOSTRO-USD-CITI-3610044821,TS-017,TS-014,,PMT-2025-00091
STL-2025-0092,TD-2025-0117,2025-01-27,USD,100000.00,27903710.00,SSI-020,"Citibank N.A., New York",80-7629-754690,NOSTRO-USD-CITI-3610044821,TS-018,TS-014,,PMT-2025-00092
STL-2025-0093,TD-2025-0119,2025-01-27,USD,300000.00,83690700.00,SSI-015,"Citibank N.A., New York",20-5693-842009,NOSTRO-USD-CITI-3610044821,TS-018,TS-014,,PMT-2025-00093
STL-2025-0094,TD-2025-0121,2025-01-27,PKR,174000000.00,174000000.00,SSI-024,"Crescent Investment Bank, Karachi",58-1971-536721,SBP-CA-0041-MBL,TS-018,TS-014,,PMT-2025-00094
STL-2025-0095,TD-2025-0124,2025-01-27,PKR,223000000.00,223000000.00,SSI-019,"Horizon Bank Limited, Karachi",60-9368-454127,SBP-CA-0041-MBL,TS-018,TS-014,,PMT-2025-00095
STL-2025-0096,TD-2025-0127,2025-01-27,PKR,451000000.00,451000000.00,SSI-044,"State Bank of Pakistan, Karachi",94-3530-684017,SBP-CA-0041-MBL,TS-017,TS-014,TS-019,PMT-2025-00096
STL-2025-0097,TD-2025-0120,2025-01-28,USD,200000.00,55768280.00,SSI-030,"Citibank N.A., New York",21-9212-159767,NOSTRO-USD-CITI-3610044821,TS-017,TS-018,,PMT-2025-00097
STL-2025-0098,TD-2025-0122,2025-01-28,USD,250000.00,69698475.00,SSI-030,"Citibank N.A., New York",21-9212-159767,NOSTRO-USD-CITI-3610044821,TS-017,TS-018,,PMT-2025-00098
STL-2025-0099,TD-2025-0123,2025-01-28,USD,200000.00,55756720.00,SSI-020,"Citibank N.A., New York",80-7629-754690,NOSTRO-USD-CITI-3610044821,TS-017,TS-018,,PMT-2025-00099
STL-2025-0100,TD-2025-0125,2025-01-28,USD,700000.00,195146630.00,SSI-030,"Citibank N.A., New York",21-9212-159767,NOSTRO-USD-CITI-3610044821,TS-018,TS-014,,PMT-2025-00100
STL-2025-0101,TD-2025-0126,2025-01-28,AED,2600000.00,197500940.00,SSI-006,"Emirates NBD, Dubai",91-2794-316752,NOSTRO-AED-ENBD-1019277440,TS-017,TS-018,,PMT-2025-00101
STL-2025-0102,TD-2025-0138,2025-01-28,PKR,340000000.00,340000000.00,SSI-029,"Apex Islamic Bank, Karachi",88-2018-373944,SBP-CA-0041-MBL,TS-017,TS-014,TS-019,PMT-2025-00102
STL-2025-0103,TD-2025-0141,2025-01-28,PKR,63000000.00,63000000.00,SSI-004,"Sterling Union Bank Limited, Karachi",63-3742-686415,SBP-CA-0041-MBL,TS-018,TS-014,,PMT-2025-00103
STL-2025-0104,TD-2025-0128,2025-01-29,EUR,275000.00,80357722.00,SSI-007,"Deutsche Bank AG, Frankfurt",58-9386-226774,NOSTRO-EUR-DB-70044120088,TS-017,TS-014,,PMT-2025-00104
STL-2025-0105,TD-2025-0129,2025-01-29,EUR,125000.00,36529938.00,SSI-002,"Deutsche Bank AG, Frankfurt",12-4044-746137,NOSTRO-EUR-DB-70044120088,TS-017,TS-018,,PMT-2025-00105
STL-2025-0106,TD-2025-0133,2025-01-29,USD,300000.00,83681010.00,SSI-015,"Citibank N.A., New York",20-5693-842009,NOSTRO-USD-CITI-3610044821,TS-020,TS-018,,PMT-2025-00106
STL-2025-0107,TD-2025-0134,2025-01-29,GBP,650000.00,226958225.00,SSI-018,"Barclays Bank PLC, London",95-5634-924243,NOSTRO-GBP-BARC-20551188,TS-018,TS-014,,PMT-2025-00107
STL-2025-0108,TD-2025-0137,2025-01-29,PKR,73000000.00,73000000.00,SSI-009,"Harbour National Bank, Karachi",92-4407-668235,SBP-CA-0041-MBL,TS-018,TS-014,,PMT-2025-00108
STL-2025-0109,TD-2025-0139,2025-01-29,PKR,147000000.00,147000000.00,SSI-019,"Horizon Bank Limited, Karachi",60-9368-454127,SBP-CA-0041-MBL,TS-017,TS-014,,PMT-2025-00109
STL-2025-0110,TD-2025-0144,2025-01-29,PKR,274000000.00,274000000.00,SSI-019,"Horizon Bank Limited, Karachi",60-9368-454127,SBP-CA-0041-MBL,TS-020,TS-018,TS-014,PMT-2025-00110
STL-2025-0111,TD-2025-0148,2025-01-29,PKR,326000000.00,326000000.00,SSI-004,"Sterling Union Bank Limited, Karachi",63-3742-686415,SBP-CA-0041-MBL,TS-017,TS-018,TS-014,PMT-2025-00111
STL-2025-0112,TD-2025-0142,2025-01-30,PKR,75000000.00,75000000.00,SSI-009,"Harbour National Bank, Karachi",92-4407-668235,SBP-CA-0041-MBL,TS-018,TS-014,,PMT-2025-00112
STL-2025-0113,TD-2025-0151,2025-01-30,PKR,62000000.00,62000000.00,SSI-004,"Sterling Union Bank Limited, Karachi",63-3742-686415,SBP-CA-0041-MBL,TS-020,TS-014,,PMT-2025-00113
STL-2025-0114,TD-2025-0146,2025-01-31,USD,800000.00,223322160.00,SSI-030,"Citibank N.A., New York",21-9212-159767,NOSTRO-USD-CITI-3610044821,TS-020,TS-018,,PMT-2025-00114
STL-2025-0115,TD-2025-0149,2025-01-31,USD,400000.00,111634240.00,SSI-005,"Citibank N.A., New York",92-4250-421831,NOSTRO-USD-CITI-3610044821,TS-020,TS-018,,PMT-2025-00115
STL-2025-0116,TD-2025-0150,2025-01-31,USD,200000.00,55822920.00,SSI-030,"Citibank N.A., New York",21-9212-159767,NOSTRO-USD-CITI-3610044821,TS-017,TS-018,,PMT-2025-00116
STL-2025-0117,TD-2025-0154,2025-01-31,PKR,375000000.00,375000000.00,SSI-044,"State Bank of Pakistan, Karachi",94-3530-684017,SBP-CA-0041-MBL,TS-018,TS-014,TS-019,PMT-2025-00117
STL-2025-0118,TD-2025-0156,2025-01-31,PKR,440000000.00,440000000.00,SSI-044,"State Bank of Pakistan, Karachi",94-3530-684017,SBP-CA-0041-MBL,TS-017,TS-014,TS-019,PMT-2025-00118
STL-2025-0119,TD-2025-0159,2025-01-31,PKR,548000000.00,548000000.00,SSI-019,"Horizon Bank Limited, Karachi",60-9368-454127,SBP-CA-0041-MBL,TS-020,TS-014,TS-019,PMT-2025-00119
STL-2025-0120,TD-2025-0002,2025-02-03,EUR,350000.00,102239480.00,SSI-031,"Deutsche Bank AG, Frankfurt",95-8691-308211,NOSTRO-EUR-DB-70044120088,TS-020,TS-014,,PMT-2025-00120
STL-2025-0121,TD-2025-0004,2025-02-03,USD,350000.00,98134890.00,SSI-020,"Citibank N.A., New York",80-7629-754690,NOSTRO-USD-CITI-3610044821,TS-018,TS-014,,PMT-2025-00121
STL-2025-0122,TD-2025-0013,2025-02-03,USD,200000.00,56024300.00,SSI-020,"Citibank N.A., New York",80-7629-754690,NOSTRO-USD-CITI-3610044821,TS-020,TS-014,,PMT-2025-00122
STL-2025-0123,TD-2025-0153,2025-02-03,USD,250000.00,69761200.00,SSI-005,"Citibank N.A., New York",92-4250-421831,NOSTRO-USD-CITI-3610044821,TS-017,TS-014,,PMT-2025-00123
STL-2025-0124,TD-2025-0157,2025-02-03,USD,800000.00,223265680.00,SSI-030,"Citibank N.A., New York",21-9212-159767,NOSTRO-USD-CITI-3610044821,TS-020,TS-018,,PMT-2025-00124
STL-2025-0125,TD-2025-0158,2025-02-03,EUR,125000.00,36398862.00,SSI-012,"Deutsche Bank AG, Frankfurt",60-2543-686225,NOSTRO-EUR-DB-70044120088,TS-018,TS-014,,PMT-2025-00125
STL-2025-0126,TD-2025-0162,2025-02-03,PKR,71000000.00,71000000.00,SSI-004,"Sterling Union Bank Limited, Karachi",63-3742-686415,SBP-CA-0041-MBL,TS-018,TS-014,,PMT-2025-00126
STL-2025-0127,TD-2025-0164,2025-02-04,USD,600000.00,167572620.00,SSI-015,"Citibank N.A., New York",20-5693-842009,NOSTRO-USD-CITI-3610044821,TS-018,TS-014,,PMT-2025-00127
STL-2025-0128,TD-2025-0167,2025-02-04,PKR,374000000.00,374000000.00,SSI-019,"Horizon Bank Limited, Karachi",60-9368-454127,SBP-CA-0041-MBL,TS-017,TS-018,TS-014,PMT-2025-00128
STL-2025-0129,TD-2025-0168,2025-02-04,PKR,115000000.00,115000000.00,SSI-024,"Crescent Investment Bank, Karachi",58-1971-536721,SBP-CA-0041-MBL,TS-017,TS-014,,PMT-2025-00129
STL-2025-0130,TD-2025-0169,2025-02-04,PKR,267000000.00,267000000.00,SSI-042,"Cedar Commercial Bank, Karachi",17-5041-561255,SBP-CA-0041-MBL,TS-020,TS-014,TS-019,PMT-2025-00130
STL-2025-0131,TD-2025-0033,2025-02-06,USD,200000.00,56112400.00,SSI-010,"Citibank N.A., New York",71-8954-663127,NOSTRO-USD-CITI-3610044821,TS-018,TS-014,,PMT-2025-00131
STL-2025-0132,TD-2025-0165,2025-02-06,USD,800000.00,223571600.00,SSI-025,"Citibank N.A., New York",29-1045-832339,NOSTRO-USD-CITI-3610044821,TS-018,TS-014,,PMT-2025-00132
STL-2025-0133,TD-2025-0166,2025-02-06,USD,900000.00,251561880.00,SSI-038,"Citibank N.A., New York",50-1964-845729,NOSTRO-USD-CITI-3610044821,TS-018,TS-014,TS-019,PMT-2025-00133
STL-2025-0134,TD-2025-0170,2025-02-06,PKR,110000000.00,110000000.00,SSI-019,"Horizon Bank Limited, Karachi",60-9368-454127,SBP-CA-0041-MBL,TS-020,TS-014,,PMT-2025-00134
STL-2025-0135,TD-2025-0182,2025-02-06,PKR,330000000.00,330000000.00,SSI-004,"Sterling Union Bank Limited, Karachi",63-3742-686415,SBP-CA-0041-MBL,TS-017,TS-018,TS-014,PMT-2025-00135
STL-2025-0136,TD-2025-0036,2025-02-07,USD,150000.00,42125205.00,SSI-015,"Citibank N.A., New York",20-5693-842009,NOSTRO-USD-CITI-3610044821,TS-017,TS-014,,PMT-2025-00136
STL-2025-0137,TD-2025-0171,2025-02-07,EUR,475000.00,139275177.50,SSI-022,"Deutsche Bank AG, Frankfurt",31-9827-548185,NOSTRO-EUR-DB-70044120088,TS-020,TS-018,,PMT-2025-00137
STL-2025-0138,TD-2025-0173,2025-02-07,GBP,250000.00,87716075.00,SSI-003,"Barclays Bank PLC, London",35-6259-583573,NOSTRO-GBP-BARC-20551188,TS-017,TS-018,,PMT-2025-00138
STL-2025-0139,TD-2025-0174,2025-02-07,GBP,100000.00,35090880.00,SSI-013,"Barclays Bank PLC, London",22-6864-186796,NOSTRO-GBP-BARC-20551188,TS-018,TS-014,,PMT-2025-00139
STL-2025-0140,TD-2025-0175,2025-02-07,EUR,450000.00,131916600.00,SSI-040,"Deutsche Bank AG, Frankfurt",14-1122-373431,NOSTRO-EUR-DB-70044120088,TS-020,TS-014,,PMT-2025-00140
STL-2025-0141,TD-2025-0176,2025-02-07,USD,700000.00,195352570.00,SSI-030,"Citibank N.A., New York",21-9212-159767,NOSTRO-USD-CITI-3610044821,TS-018,TS-014,,PMT-2025-00141
STL-2025-0142,TD-2025-0179,2025-02-07,PKR,207000000.00,207000000.00,SSI-044,"State Bank of Pakistan, Karachi",94-3530-684017,SBP-CA-0041-MBL,TS-020,TS-018,,PMT-2025-00142
STL-2025-0143,TD-2025-0049,2025-02-10,AED,2100000.00,160315890.00,SSI-011,"Emirates NBD, Dubai",88-6092-866330,NOSTRO-AED-ENBD-1019277440,TS-018,TS-014,,PMT-2025-00143
STL-2025-0144,TD-2025-0177,2025-02-10,AED,400000.00,30469520.00,SSI-006,"Emirates NBD, Dubai",91-2794-316752,NOSTRO-AED-ENBD-1019277440,TS-017,TS-014,,PMT-2025-00144
STL-2025-0145,TD-2025-0178,2025-02-10,USD,200000.00,55925560.00,SSI-025,"Citibank N.A., New York",29-1045-832339,NOSTRO-USD-CITI-3610044821,TS-017,TS-018,,PMT-2025-00145
STL-2025-0146,TD-2025-0180,2025-02-10,GBP,250000.00,87541525.00,SSI-028,"Barclays Bank PLC, London",53-2312-730679,NOSTRO-GBP-BARC-20551188,TS-020,TS-014,,PMT-2025-00146
STL-2025-0147,TD-2025-0181,2025-02-10,EUR,150000.00,43995585.00,SSI-002,"Deutsche Bank AG, Frankfurt",12-4044-746137,NOSTRO-EUR-DB-70044120088,TS-020,TS-018,,PMT-2025-00147
STL-2025-0148,TD-2025-0183,2025-02-10,USD,300000.00,83885760.00,SSI-030,"Citibank N.A., New York",21-9212-159767,NOSTRO-USD-CITI-3610044821,TS-018,TS-014,,PMT-2025-00148
STL-2025-0149,TD-2025-0187,2025-02-10,PKR,357000000.00,357000000.00,SSI-004,"Sterling Union Bank Limited, Karachi",63-3742-686415,SBP-CA-0041-MBL,TS-018,TS-014,TS-019,PMT-2025-00149
STL-2025-0150,TD-2025-0188,2025-02-10,PKR,169000000.00,169000000.00,SSI-019,"Horizon Bank Limited, Karachi",60-9368-454127,SBP-CA-0041-MBL,TS-018,TS-014,,PMT-2025-00150
STL-2025-0151,TD-2025-0192,2025-02-10,PKR,61000000.00,61000000.00,SSI-024,"Crescent Investment Bank, Karachi",58-1971-536721,SBP-CA-0041-MBL,TS-018,TS-014,,PMT-2025-00151
STL-2025-0152,TD-2025-0200,2025-02-10,PKR,125000000.00,125000000.00,SSI-014,"Pinnacle Commercial Bank, Lahore",19-7670-466460,SBP-CA-0041-MBL,TS-020,TS-018,,PMT-2025-00152
STL-2025-0153,TD-2025-0184,2025-02-11,USD,150000.00,41924970.00,SSI-020,"Citibank N.A., New York",80-7629-754690,NOSTRO-USD-CITI-3610044821,TS-020,TS-014,,PMT-2025-00153
STL-2025-0154,TD-2025-0185,2025-02-11,USD,100000.00,27946850.00,SSI-005,"Citibank N.A., New York",92-4250-421831,NOSTRO-USD-CITI-3610044821,TS-018,TS-014,,PMT-2025-00154
STL-2025-0155,TD-2025-0190,2025-02-11,USD,250000.00,69870125.00,SSI-020,"Citibank N.A., New York",80-7629-754690,NOSTRO-USD-CITI-3610044821,TS-018,TS-014,,PMT-2025-00155
STL-2025-0156,TD-2025-0191,2025-02-11,USD,450000.00,125776350.00,SSI-005,"Citibank N.A., New York",92-4250-421831,NOSTRO-USD-CITI-3610044821,TS-018,TS-014,,PMT-2025-00156
STL-2025-0157,TD-2025-0193,2025-02-11,GBP,500000.00,175338550.00,SSI-018,"Barclays Bank PLC, London",95-5634-924243,NOSTRO-GBP-BARC-20551188,TS-018,TS-014,,PMT-2025-00157
STL-2025-0158,TD-2025-0195,2025-02-11,GBP,250000.00,87673350.00,SSI-008,"Barclays Bank PLC, London",42-1934-676049,NOSTRO-GBP-BARC-20551188,TS-018,TS-014,,PMT-2025-00158
STL-2025-0159,TD-2025-0203,2025-02-11,PKR,145000000.00,145000000.00,SSI-042,"Cedar Commercial Bank, Karachi",17-5041-561255,SBP-CA-0041-MBL,TS-020,TS-014,,PMT-2025-00159
STL-2025-0160,TD-2025-0209,2025-02-11,PKR,132000000.00,132000000.00,SSI-004,"Sterling Union Bank Limited, Karachi",63-3742-686415,SBP-CA-0041-MBL,TS-017,TS-018,,PMT-2025-00160
STL-2025-0161,TD-2025-0211,2025-02-11,PKR,239000000.00,239000000.00,SSI-014,"Pinnacle Commercial Bank, Lahore",19-7670-466460,SBP-CA-0041-MBL,TS-017,TS-014,,PMT-2025-00161
STL-2025-0162,TD-2025-0060,2025-02-12,USD,1050000.00,294737310.00,SSI-020,"Citibank N.A., New York",80-7629-754690,NOSTRO-USD-CITI-3610044821,TS-018,TS-014,TS-019,PMT-2025-00162
STL-2025-0163,TD-2025-0196,2025-02-12,EUR,175000.00,51095082.00,SSI-022,"Deutsche Bank AG, Frankfurt",31-9827-548185,NOSTRO-EUR-DB-70044120088,TS-018,TS-014,,PMT-2025-00163
STL-2025-0164,TD-2025-0199,2025-02-12,EUR,250000.00,72987325.00,SSI-007,"Deutsche Bank AG, Frankfurt",58-9386-226774,NOSTRO-EUR-DB-70044120088,TS-017,TS-014,,PMT-2025-00164
STL-2025-0165,TD-2025-0201,2025-02-12,USD,250000.00,69819975.00,SSI-010,"Citibank N.A., New York",71-8954-663127,NOSTRO-USD-CITI-3610044821,TS-018,TS-014,,PMT-2025-00165
STL-2025-0166,TD-2025-0202,2025-02-12,USD,350000.00,97747860.00,SSI-020,"Citibank N.A., New York",80-7629-754690,NOSTRO-USD-CITI-3610044821,TS-018,TS-014,,PMT-2025-00166
STL-2025-0167,TD-2025-0205,2025-02-12,PKR,92000000.00,92000000.00,SSI-009,"Harbour National Bank, Karachi",92-4407-668235,SBP-CA-0041-MBL,TS-018,TS-018,,PMT-2025-00167
STL-2025-0168,TD-2025-0206,2025-02-12,PKR,181000000.00,181000000.00,SSI-014,"Pinnacle Commercial Bank, Lahore",19-7670-466460,SBP-CA-0041-MBL,TS-020,TS-014,,PMT-2025-00168
STL-2025-0169,TD-2025-0208,2025-02-12,PKR,292000000.00,292000000.00,SSI-044,"State Bank of Pakistan, Karachi",94-3530-684017,SBP-CA-0041-MBL,TS-020,TS-014,TS-019,PMT-2025-00169
STL-2025-0170,TD-2025-0216,2025-02-12,PKR,264000000.00,264000000.00,SSI-014,"Pinnacle Commercial Bank, Lahore",19-7670-466460,SBP-CA-0041-MBL,TS-018,TS-014,TS-019,PMT-2025-00170
STL-2025-0171,TD-2025-0223,2025-02-12,PKR,211000000.00,211000000.00,SSI-029,"Apex Islamic Bank, Karachi",88-2018-373944,SBP-CA-0041-MBL,TS-018,TS-014,,PMT-2025-00171
STL-2025-0172,TD-2025-0063,2025-02-13,USD,300000.00,84117480.00,SSI-030,"Citibank N.A., New York",21-9212-159767,NOSTRO-USD-CITI-3610044821,TS-020,TS-014,,PMT-2025-00172
STL-2025-0173,TD-2025-0204,2025-02-13,GBP,125000.00,43709112.00,SSI-023,"Barclays Bank PLC, London",95-4243-715383,NOSTRO-GBP-BARC-20551188,TS-017,TS-014,,PMT-2025-00173
STL-2025-0174,TD-2025-0210,2025-02-13,USD,450000.00,125763075.00,SSI-010,"Citibank N.A., New York",71-8954-663127,NOSTRO-USD-CITI-3610044821,TS-017,TS-017,,PMT-2025-00174
STL-2025-0175,TD-2025-0212,2025-02-13,PKR,382000000.00,382000000.00,SSI-004,"Sterling Union Bank Limited, Karachi",63-3742-686415,SBP-CA-0041-MBL,TS-017,TS-014,TS-019,PMT-2025-00175
STL-2025-0176,TD-2025-0219,2025-02-13,PKR,672000000.00,672000000.00,SSI-044,"State Bank of Pakistan, Karachi",94-3530-684017,SBP-CA-0041-MBL,TS-018,TS-014,TS-019,PMT-2025-00176
STL-2025-0177,TD-2025-0221,2025-02-13,PKR,179000000.00,179000000.00,SSI-019,"Horizon Bank Limited, Karachi",60-9368-454127,SBP-CA-0041-MBL,TS-020,TS-018,,PMT-2025-00177
STL-2025-0178,TD-2025-0226,2025-02-13,PKR,86000000.00,86000000.00,SSI-029,"Apex Islamic Bank, Karachi",88-2018-373944,SBP-CA-0041-MBL,TS-017,TS-018,,PMT-2025-00178
STL-2025-0179,TD-2025-0228,2025-02-13,PKR,106000000.00,106000000.00,SSI-004,"Sterling Union Bank Limited, Karachi",63-3742-686415,SBP-CA-0041-MBL,TS-018,TS-014,,PMT-2025-00179
STL-2025-0180,TD-2025-0229,2025-02-13,PKR,280000000.00,280000000.00,SSI-014,"Pinnacle Commercial Bank, Lahore",19-7670-466460,SBP-CA-0041-MBL,TS-018,TS-014,TS-019,PMT-2025-00180
STL-2025-0181,TD-2025-0068,2025-02-14,USD,800000.00,224815520.00,SSI-030,"Citibank N.A., New York",21-9212-159767,NOSTRO-USD-CITI-3610044821,TS-020,TS-018,,PMT-2025-00181
STL-2025-0182,TD-2025-0214,2025-02-14,USD,900000.00,251880030.00,SSI-005,"Citibank N.A., New York",92-4250-421831,NOSTRO-USD-CITI-3610044821,TS-020,TS-018,TS-014,PMT-2025-00182
STL-2025-0183,TD-2025-0215,2025-02-14,USD,600000.00,167921820.00,SSI-030,"Citibank N.A., New York",21-9212-159767,NOSTRO-USD-CITI-3610044821,TS-018,TS-014,,PMT-2025-00183
STL-2025-0184,TD-2025-0217,2025-02-14,USD,500000.00,139924600.00,SSI-010,"Citibank N.A., New York",71-8954-663127,NOSTRO-USD-CITI-3610044821,TS-017,TS-014,,PMT-2025-00184
STL-2025-0185,TD-2025-0218,2025-02-14,USD,150000.00,41980530.00,SSI-020,"Citibank N.A., New York",80-7629-754690,NOSTRO-USD-CITI-3610044821,TS-018,TS-014,,PMT-2025-00185
STL-2025-0186,TD-2025-0225,2025-02-14,PKR,81000000.00,81000000.00,SSI-009,"Harbour National Bank, Karachi",92-4407-668235,SBP-CA-0041-MBL,TS-017,TS-014,,PMT-2025-00186
STL-2025-0187,TD-2025-0232,2025-02-14,PKR,585000000.00,585000000.00,SSI-044,"State Bank of Pakistan, Karachi",94-3530-684017,SBP-CA-0041-MBL,TS-018,TS-014,TS-019,PMT-2025-00187
STL-2025-0188,TD-2025-0241,2025-02-14,PKR,268000000.00,268000000.00,SSI-019,"Horizon Bank Limited, Karachi",60-9368-454127,SBP-CA-0041-MBL,TS-017,TS-018,TS-014,PMT-2025-00188
STL-2025-0189,TD-2025-0224,2025-02-17,AED,700000.00,53243120.00,SSI-006,"Emirates NBD, Dubai",91-2794-316752,NOSTRO-AED-ENBD-1019277440,TS-018,TS-014,,PMT-2025-00189
STL-2025-0190,TD-2025-0227,2025-02-17,EUR,325000.00,95307030.00,SSI-012,"Deutsche Bank AG, Frankfurt",60-2543-686225,NOSTRO-EUR-DB-70044120088,TS-020,TS-018,,PMT-2025-00190
STL-2025-0191,TD-2025-0230,2025-02-17,USD,350000.00,97925275.00,SSI-010,"Citibank N.A., New York",71-8954-663127,NOSTRO-USD-CITI-3610044821,TS-018,TS-014,,PMT-2025-00191
STL-2025-0192,TD-2025-0231,2025-02-17,USD,550000.00,153879385.00,SSI-038,"Citibank N.A., New York",50-1964-845729,NOSTRO-USD-CITI-3610044821,TS-018,TS-014,,PMT-2025-00192
STL-2025-0193,TD-2025-0234,2025-02-17,PKR,66000000.00,66000000.00,SSI-014,"Pinnacle Commercial Bank, Lahore",19-7670-466460,SBP-CA-0041-MBL,TS-020,TS-014,,PMT-2025-00193
STL-2025-0194,TD-2025-0237,2025-02-17,PKR,398000000.00,398000000.00,SSI-044,"State Bank of Pakistan, Karachi",94-3530-684017,SBP-CA-0041-MBL,TS-020,TS-014,TS-019,PMT-2025-00194
STL-2025-0195,TD-2025-0238,2025-02-17,PKR,117000000.00,117000000.00,SSI-019,"Horizon Bank Limited, Karachi",60-9368-454127,SBP-CA-0041-MBL,TS-018,TS-014,,PMT-2025-00195
STL-2025-0196,TD-2025-0239,2025-02-17,PKR,308000000.00,308000000.00,SSI-044,"State Bank of Pakistan, Karachi",94-3530-684017,SBP-CA-0041-MBL,TS-018,TS-014,TS-019,PMT-2025-00196
STL-2025-0197,TD-2025-0240,2025-02-17,PKR,124000000.00,124000000.00,SSI-029,"Apex Islamic Bank, Karachi",88-2018-373944,SBP-CA-0041-MBL,TS-017,TS-014,,PMT-2025-00197
STL-2025-0198,TD-2025-0243,2025-02-17,PKR,356000000.00,356000000.00,SSI-019,"Horizon Bank Limited, Karachi",60-9368-454127,SBP-CA-0041-MBL,TS-020,TS-018,TS-014,PMT-2025-00198
STL-2025-0199,TD-2025-0247,2025-02-17,PKR,557000000.00,557000000.00,SSI-019,"Horizon Bank Limited, Karachi",60-9368-454127,SBP-CA-0041-MBL,TS-020,TS-014,TS-019,PMT-2025-00199
STL-2025-0200,TD-2025-0248,2025-02-17,PKR,112000000.00,112000000.00,SSI-009,"Harbour National Bank, Karachi",92-4407-668235,SBP-CA-0041-MBL,TS-017,TS-018,,PMT-2025-00200
STL-2025-0201,TD-2025-0235,2025-02-18,USD,200000.00,55998480.00,SSI-005,"Citibank N.A., New York",92-4250-421831,NOSTRO-USD-CITI-3610044821,TS-017,TS-014,,PMT-2025-00201
STL-2025-0202,TD-2025-0242,2025-02-18,USD,600000.00,167984880.00,SSI-015,"Citibank N.A., New York",20-5693-842009,NOSTRO-USD-CITI-3610044821,TS-018,TS-014,,PMT-2025-00202
STL-2025-0203,TD-2025-0249,2025-02-18,PKR,62000000.00,62000000.00,SSI-004,"Sterling Union Bank Limited, Karachi",63-3742-686415,SBP-CA-0041-MBL,TS-020,TS-014,,PMT-2025-00203
STL-2025-0204,TD-2025-0255,2025-02-18,PKR,103000000.00,103000000.00,SSI-033,"Frontier Development Bank, Islamabad",63-4454-620448,SBP-CA-0041-MBL,TS-020,TS-014,,PMT-2025-00204
STL-2025-0205,TD-2025-0257,2025-02-18,PKR,355000000.00,355000000.00,SSI-009,"Harbour National Bank, Karachi",92-4407-668235,SBP-CA-0041-MBL,TS-017,TS-014,TS-019,PMT-2025-00205
STL-2025-0206,TD-2025-0244,2025-02-19,GBP,100000.00,35118970.00,SSI-008,"Barclays Bank PLC, London",42-1934-676049,NOSTRO-GBP-BARC-20551188,TS-017,TS-014,,PMT-2025-00206
STL-2025-0207,TD-2025-0245,2025-02-19,EUR,625000.00,183155812.00,SSI-002,"Deutsche Bank AG, Frankfurt",12-4044-746137,NOSTRO-EUR-DB-70044120088,TS-017,TS-014,,PMT-2025-00207
STL-2025-0208,TD-2025-0246,2025-02-19,USD,400000.00,111870400.00,SSI-010,"Citibank N.A., New York",71-8954-663127,NOSTRO-USD-CITI-3610044821,TS-017,TS-018,,PMT-2025-00208
STL-2025-0209,TD-2025-0251,2025-02-19,USD,150000.00,41949435.00,SSI-005,"Citibank N.A., New York",92-4250-421831,NOSTRO-USD-CITI-3610044821,TS-017,TS-014,,PMT-2025-00209
STL-2025-0210,TD-2025-0253,2025-02-19,EUR,650000.00,190449350.00,SSI-035,"Deutsche Bank AG, Frankfurt",40-9383-998684,NOSTRO-EUR-DB-70044120088,TS-020,TS-014,,PMT-2025-00210
STL-2025-0211,TD-2025-0254,2025-02-19,PKR,445000000.00,445000000.00,SSI-044,"State Bank of Pakistan, Karachi",94-3530-684017,SBP-CA-0041-MBL,TS-018,TS-014,TS-019,PMT-2025-00211
STL-2025-0212,TD-2025-0256,2025-02-19,PKR,200000000.00,200000000.00,SSI-004,"Sterling Union Bank Limited, Karachi",63-3742-686415,SBP-CA-0041-MBL,TS-018,TS-014,,PMT-2025-00212
STL-2025-0213,TD-2025-0259,2025-02-19,PKR,209000000.00,209000000.00,SSI-044,"State Bank of Pakistan, Karachi",94-3530-684017,SBP-CA-0041-MBL,TS-017,TS-018,,PMT-2025-00213
STL-2025-0214,TD-2025-0260,2025-02-19,PKR,280000000.00,280000000.00,SSI-044,"State Bank of Pakistan, Karachi",94-3530-684017,SBP-CA-0041-MBL,TS-018,TS-014,TS-019,PMT-2025-00214
STL-2025-0215,TD-2025-0261,2025-02-19,PKR,308000000.00,308000000.00,SSI-044,"State Bank of Pakistan, Karachi",94-3530-684017,SBP-CA-0041-MBL,TS-017,TS-018,TS-014,PMT-2025-00215
STL-2025-0216,TD-2025-0267,2025-02-19,PKR,110000000.00,110000000.00,SSI-024,"Crescent Investment Bank, Karachi",58-1971-536721,SBP-CA-0041-MBL,TS-017,TS-014,,PMT-2025-00216
STL-2025-0217,TD-2025-0270,2025-02-19,PKR,103000000.00,103000000.00,SSI-024,"Crescent Investment Bank, Karachi",58-1971-536721,SBP-CA-0041-MBL,TS-017,TS-018,,PMT-2025-00217
STL-2025-0218,TD-2025-0271,2025-02-19,PKR,87000000.00,87000000.00,SSI-024,"Crescent Investment Bank, Karachi",58-1971-536721,SBP-CA-0041-MBL,TS-020,TS-018,,PMT-2025-00218
STL-2025-0219,TD-2025-0272,2025-02-19,PKR,80000000.00,80000000.00,SSI-024,"Crescent Investment Bank, Karachi",58-1971-536721,SBP-CA-0041-MBL,TS-017,TS-018,,PMT-2025-00219
STL-2025-0220,TD-2025-0273,2025-02-19,PKR,486000000.00,486000000.00,SSI-009,"Harbour National Bank, Karachi",92-4407-668235,SBP-CA-0041-MBL,TS-020,TS-014,TS-019,PMT-2025-00220
STL-2025-0221,TD-2025-0258,2025-02-20,USD,450000.00,125804790.00,SSI-030,"Citibank N.A., New York",21-9212-159767,NOSTRO-USD-CITI-3610044821,TS-020,TS-018,,PMT-2025-00221
STL-2025-0222,TD-2025-0262,2025-02-20,AED,500000.00,38061450.00,SSI-021,"Emirates NBD, Dubai",94-1863-761568,NOSTRO-AED-ENBD-1019277440,TS-018,TS-014,,PMT-2025-00222
STL-2025-0223,TD-2025-0268,2025-02-20,PKR,97000000.00,97000000.00,SSI-037,"Northgate Bank Limited, Lahore",97-1149-147084,SBP-CA-0041-MBL,TS-020,TS-018,,PMT-2025-00223
STL-2025-0224,TD-2025-0275,2025-02-20,PKR,40000000.00,40000000.00,SSI-004,"Sterling Union Bank Limited, Karachi",63-3742-686415,SBP-CA-0041-MBL,TS-020,TS-014,,PMT-2025-00224
STL-2025-0225,TD-2025-0276,2025-02-20,PKR,94000000.00,94000000.00,SSI-009,"Harbour National Bank, Karachi",92-4407-668235,SBP-CA-0041-MBL,TS-017,TS-018,,PMT-2025-00225
STL-2025-0226,TD-2025-0279,2025-02-20,PKR,160000000.00,160000000.00,SSI-004,"Sterling Union Bank Limited, Karachi",63-3742-686415,SBP-CA-0041-MBL,TS-017,TS-014,,PMT-2025-00226
STL-2025-0227,TD-2025-0104,2025-02-21,EUR,900000.00,264170610.00,SSI-027,"Deutsche Bank AG, Frankfurt",33-6784-768037,NOSTRO-EUR-DB-70044120088,TS-020,TS-018,TS-014,PMT-2025-00227
STL-2025-0228,TD-2025-0265,2025-02-21,USD,500000.00,139773950.00,SSI-025,"Citibank N.A., New York",29-1045-832339,NOSTRO-USD-CITI-3610044821,TS-017,TS-018,,PMT-2025-00228
STL-2025-0229,TD-2025-0266,2025-02-21,AED,1000000.00,76151200.00,SSI-001,"Emirates NBD, Dubai",57-4188-308939,NOSTRO-AED-ENBD-1019277440,TS-020,TS-018,,PMT-2025-00229
STL-2025-0230,TD-2025-0277,2025-02-21,PKR,267000000.00,267000000.00,SSI-044,"State Bank of Pakistan, Karachi",94-3530-684017,SBP-CA-0041-MBL,TS-017,TS-018,TS-014,PMT-2025-00230
STL-2025-0231,TD-2025-0281,2025-02-21,PKR,121000000.00,121000000.00,SSI-029,"Apex Islamic Bank, Karachi",88-2018-373944,SBP-CA-0041-MBL,TS-018,TS-014,,PMT-2025-00231
STL-2025-0232,TD-2025-0283,2025-02-21,PKR,111000000.00,111000000.00,SSI-029,"Apex Islamic Bank, Karachi",88-2018-373944,SBP-CA-0041-MBL,TS-017,TS-018,,PMT-2025-00232
STL-2025-0233,TD-2025-0118,2025-02-24,EUR,425000.00,124863088.00,SSI-017,"Deutsche Bank AG, Frankfurt",82-3509-764277,NOSTRO-EUR-DB-70044120088,TS-018,TS-014,,PMT-2025-00233
STL-2025-0234,TD-2025-0278,2025-02-24,USD,550000.00,154091850.00,SSI-010,"Citibank N.A., New York",71-8954-663127,NOSTRO-USD-CITI-3610044821,TS-020,TS-014,,PMT-2025-00234
STL-2025-0235,TD-2025-0287,2025-02-24,PKR,77000000.00,77000000.00,SSI-014,"Pinnacle Commercial Bank, Lahore",19-7670-466460,SBP-CA-0041-MBL,TS-018,TS-014,,PMT-2025-00235
STL-2025-0236,TD-2025-0284,2025-02-25,USD,750000.00,209852775.00,SSI-010,"Citibank N.A., New York",71-8954-663127,NOSTRO-USD-CITI-3610044821,TS-020,TS-014,,PMT-2025-00236
STL-2025-0237,TD-2025-0286,2025-02-25,USD,600000.00,167882940.00,SSI-005,"Citibank N.A., New York",92-4250-421831,NOSTRO-USD-CITI-3610044821,TS-017,TS-018,,PMT-2025-00237
STL-2025-0238,TD-2025-0288,2025-02-25,PKR,501000000.00,501000000.00,SSI-044,"State Bank of Pakistan, Karachi",94-3530-684017,SBP-CA-0041-MBL,TS-020,TS-018,TS-014,PMT-2025-00238
STL-2025-0239,TD-2025-0289,2025-02-25,PKR,395000000.00,395000000.00,SSI-044,"State Bank of Pakistan, Karachi",94-3530-684017,SBP-CA-0041-MBL,TS-020,TS-014,TS-019,PMT-2025-00239
STL-2025-0240,TD-2025-0293,2025-02-25,PKR,257000000.00,257000000.00,SSI-044,"State Bank of Pakistan, Karachi",94-3530-684017,SBP-CA-0041-MBL,TS-018,TS-014,TS-019,PMT-2025-00240
STL-2025-0241,TD-2025-0130,2025-03-05,GBP,625000.00,219714188.00,SSI-028,"Barclays Bank PLC, London",53-2312-730679,NOSTRO-GBP-BARC-20551188,TS-018,TS-014,,PMT-2025-00241
STL-2025-0242,TD-2025-0131,2025-02-28,USD,600000.00,168480780.00,SSI-043,"Citibank N.A., New York",75-7585-670508,NOSTRO-USD-CITI-3610044821,TS-018,TS-014,,PMT-2025-00242
STL-2025-0243,TD-2025-0132,2025-02-26,EUR,150000.00,44174355.00,SSI-017,"Deutsche Bank AG, Frankfurt",82-3509-764277,NOSTRO-EUR-DB-70044120088,TS-020,TS-014,,PMT-2025-00243
STL-2025-0244,TD-2025-0291,2025-02-26,USD,850000.00,238049130.00,SSI-005,"Citibank N.A., New York",92-4250-421831,NOSTRO-USD-CITI-3610044821,TS-018,TS-014,,PMT-2025-00244
STL-2025-0245,TD-2025-0292,2025-02-26,USD,300000.00,84010770.00,SSI-025,"Citibank N.A., New York",29-1045-832339,NOSTRO-USD-CITI-3610044821,TS-017,TS-014,,PMT-2025-00245
STL-2025-0246,TD-2025-0296,2025-02-26,PKR,668000000.00,668000000.00,SSI-044,"State Bank of Pakistan, Karachi",94-3530-684017,SBP-CA-0041-MBL,TS-020,TS-018,TS-014,PMT-2025-00246
STL-2025-0247,TD-2025-0303,2025-02-26,PKR,66000000.00,66000000.00,SSI-014,"Pinnacle Commercial Bank, Lahore",19-7670-466460,SBP-CA-0041-MBL,TS-018,TS-014,,PMT-2025-00247
STL-2025-0248,TD-2025-0136,2025-02-27,USD,550000.00,154499785.00,SSI-038,"Citibank N.A., New York",50-1964-845729,NOSTRO-USD-CITI-3610044821,TS-017,TS-018,,PMT-2025-00248
STL-2025-0249,TD-2025-0140,2025-02-27,USD,450000.00,126410040.00,SSI-005,"Citibank N.A., New York",92-4250-421831,NOSTRO-USD-CITI-3610044821,TS-017,TS-014,,PMT-2025-00249
STL-2025-0250,TD-2025-0294,2025-02-27,USD,100000.00,27985270.00,SSI-020,"Citibank N.A., New York",80-7629-754690,NOSTRO-USD-CITI-3610044821,TS-017,TS-014,,PMT-2025-00250
STL-2025-0251,TD-2025-0295,2025-02-27,USD,300000.00,83955360.00,SSI-010,"Citibank N.A., New York",71-8954-663127,NOSTRO-USD-CITI-3610044821,TS-020,TS-018,,PMT-2025-00251
STL-2025-0252,TD-2025-0297,2025-02-27,GBP,125000.00,43935325.00,SSI-018,"Barclays Bank PLC, London",95-5634-924243,NOSTRO-GBP-BARC-20551188,TS-020,TS-018,,PMT-2025-00252
STL-2025-0253,TD-2025-0300,2025-02-27,PKR,641000000.00,641000000.00,SSI-044,"State Bank of Pakistan, Karachi",94-3530-684017,SBP-CA-0041-MBL,TS-018,TS-014,TS-019,PMT-2025-00253
STL-2025-0254,TD-2025-0304,2025-02-27,PKR,342000000.00,342000000.00,SSI-044,"State Bank of Pakistan, Karachi",94-3530-684017,SBP-CA-0041-MBL,TS-018,TS-014,TS-019,PMT-2025-00254
STL-2025-0255,TD-2025-0305,2025-02-27,PKR,275000000.00,275000000.00,SSI-044,"State Bank of Pakistan, Karachi",94-3530-684017,SBP-CA-0041-MBL,TS-017,TS-014,TS-019,PMT-2025-00255
STL-2025-0256,TD-2025-0310,2025-02-27,PKR,113000000.00,113000000.00,SSI-014,"Pinnacle Commercial Bank, Lahore",19-7670-466460,SBP-CA-0041-MBL,TS-020,TS-014,,PMT-2025-00256
STL-2025-0257,TD-2025-0314,2025-02-27,PKR,125000000.00,125000000.00,SSI-042,"Cedar Commercial Bank, Karachi",17-5041-561255,SBP-CA-0041-MBL,TS-017,TS-014,,PMT-2025-00257
STL-2025-0258,TD-2025-0147,2025-02-28,GBP,200000.00,70651760.00,SSI-008,"Barclays Bank PLC, London",42-1934-676049,NOSTRO-GBP-BARC-20551188,TS-020,TS-018,,PMT-2025-00258
STL-2025-0259,TD-2025-0298,2025-02-28,GBP,325000.00,114356060.00,SSI-008,"Barclays Bank PLC, London",42-1934-676049,NOSTRO-GBP-BARC-20551188,TS-017,TS-014,,PMT-2025-00259
STL-2025-0260,TD-2025-0299,2025-02-28,GBP,625000.00,219913812.00,SSI-023,"Barclays Bank PLC, London",95-4243-715383,NOSTRO-GBP-BARC-20551188,TS-020,TS-018,,PMT-2025-00260
STL-2025-0261,TD-2025-0301,2025-02-28,GBP,600000.00,211146180.00,SSI-003,"Barclays Bank PLC, London",35-6259-583573,NOSTRO-GBP-BARC-20551188,TS-018,TS-014,,PMT-2025-00261
STL-2025-0262,TD-2025-0302,2025-02-28,USD,100000.00,28020490.00,SSI-020,"Citibank N.A., New York",80-7629-754690,NOSTRO-USD-CITI-3610044821,TS-020,TS-018,,PMT-2025-00262
STL-2025-0263,TD-2025-0307,2025-02-28,USD,100000.00,28016930.00,SSI-005,"Citibank N.A., New York",92-4250-421831,NOSTRO-USD-CITI-3610044821,TS-020,TS-014,,PMT-2025-00263
STL-2025-0264,TD-2025-0308,2025-02-28,PKR,637000000.00,637000000.00,SSI-044,"State Bank of Pakistan, Karachi",94-3530-684017,SBP-CA-0041-MBL,TS-017,TS-018,TS-014,PMT-2025-00264
STL-2025-0265,TD-2025-0312,2025-02-28,PKR,197000000.00,197000000.00,SSI-029,"Apex Islamic Bank, Karachi",88-2018-373944,SBP-CA-0041-MBL,TS-018,TS-014,,PMT-2025-00265
STL-2025-0266,TD-2025-0327,2025-02-28,PKR,291000000.00,291000000.00,SSI-004,"Sterling Union Bank Limited, Karachi",63-3742-686415,SBP-CA-0041-MBL,TS-018,TS-014,TS-019,PMT-2025-00266
STL-2025-0267,TD-2025-0152,2025-03-03,EUR,625000.00,183414500.00,SSI-017,"Deutsche Bank AG, Frankfurt",82-3509-764277,NOSTRO-EUR-DB-70044120088,TS-018,TS-014,,PMT-2025-00267
STL-2025-0268,TD-2025-0155,2025-03-03,USD,150000.00,42124425.00,SSI-015,"Citibank N.A., New York",20-5693-842009,NOSTRO-USD-CITI-3610044821,TS-020,TS-014,,PMT-2025-00268
STL-2025-0269,TD-2025-0311,2025-03-03,EUR,200000.00,58999140.00,SSI-040,"Deutsche Bank AG, Frankfurt",14-1122-373431,NOSTRO-EUR-DB-70044120088,TS-018,TS-014,,PMT-2025-00269
STL-2025-0270,TD-2025-0315,2025-03-03,USD,600000.00,167973420.00,SSI-005,"Citibank N.A., New York",92-4250-421831,NOSTRO-USD-CITI-3610044821,TS-017,TS-018,,PMT-2025-00270
STL-2025-0271,TD-2025-0320,2025-03-03,PKR,83000000.00,83000000.00,SSI-004,"Sterling Union Bank Limited, Karachi",63-3742-686415,SBP-CA-0041-MBL,TS-020,TS-018,,PMT-2025-00271
STL-2025-0272,TD-2025-0323,2025-03-03,PKR,97000000.00,97000000.00,SSI-029,"Apex Islamic Bank, Karachi",88-2018-373944,SBP-CA-0041-MBL,TS-018,TS-014,,PMT-2025-00272
STL-2025-0273,TD-2025-0330,2025-03-03,PKR,128000000.00,128000000.00,SSI-009,"Harbour National Bank, Karachi",92-4407-668235,SBP-CA-0041-MBL,TS-018,TS-014,,PMT-2025-00273
STL-2025-0274,TD-2025-0334,2025-03-03,PKR,40000000.00,40000000.00,SSI-004,"Sterling Union Bank Limited, Karachi",63-3742-686415,SBP-CA-0041-MBL,TS-017,TS-014,,PMT-2025-00274
STL-2025-0275,TD-2025-0335,2025-03-03,PKR,224000000.00,224000000.00,SSI-024,"Crescent Investment Bank, Karachi",58-1971-536721,SBP-CA-0041-MBL,TS-017,TS-018,,PMT-2025-00275
STL-2025-0276,TD-2025-0337,2025-03-03,PKR,205000000.00,205000000.00,SSI-004,"Sterling Union Bank Limited, Karachi",63-3742-686415,SBP-CA-0041-MBL,TS-018,TS-014,,PMT-2025-00276
STL-2025-0277,TD-2025-0340,2025-03-03,PKR,40000000.00,40000000.00,SSI-004,"Sterling Union Bank Limited, Karachi",63-3742-686415,SBP-CA-0041-MBL,TS-020,TS-018,,PMT-2025-00277
STL-2025-0278,TD-2025-0009,2025-03-04,USD,1050000.00,296123940.00,SSI-015,"Citibank N.A., New York",20-5693-842009,NOSTRO-USD-CITI-3610044821,TS-018,TS-014,TS-019,PMT-2025-00278
STL-2025-0279,TD-2025-0317,2025-03-04,USD,150000.00,41996160.00,SSI-020,"Citibank N.A., New York",80-7629-754690,NOSTRO-USD-CITI-3610044821,TS-018,TS-014,,PMT-2025-00279
STL-2025-0280,TD-2025-0319,2025-03-04,GBP,525000.00,184899172.00,SSI-008,"Barclays Bank PLC, London",42-1934-676049,NOSTRO-GBP-BARC-20551188,TS-018,TS-014,,PMT-2025-00280
STL-2025-0281,TD-2025-0322,2025-03-04,EUR,150000.00,44260035.00,SSI-027,"Deutsche Bank AG, Frankfurt",33-6784-768037,NOSTRO-EUR-DB-70044120088,TS-020,TS-014,,PMT-2025-00281
STL-2025-0282,TD-2025-0325,2025-03-04,AED,400000.00,30525840.00,SSI-016,"Emirates NBD, Dubai",66-5212-177681,NOSTRO-AED-ENBD-1019277440,TS-020,TS-014,,PMT-2025-00282
STL-2025-0283,TD-2025-0326,2025-03-04,EUR,375000.00,110630362.00,SSI-035,"Deutsche Bank AG, Frankfurt",40-9383-998684,NOSTRO-EUR-DB-70044120088,TS-018,TS-014,,PMT-2025-00283
STL-2025-0284,TD-2025-0328,2025-03-04,USD,100000.00,27995900.00,SSI-015,"Citibank N.A., New York",20-5693-842009,NOSTRO-USD-CITI-3610044821,TS-020,TS-014,,PMT-2025-00284
STL-2025-0285,TD-2025-0329,2025-03-04,USD,200000.00,55997620.00,SSI-034,"Citibank N.A., New York",53-7950-420695,NOSTRO-USD-CITI-3610044821,TS-020,TS-014,,PMT-2025-00285
STL-2025-0286,TD-2025-0332,2025-03-04,PKR,347000000.00,347000000.00,SSI-044,"State Bank of Pakistan, Karachi",94-3530-684017,SBP-CA-0041-MBL,TS-017,TS-014,TS-019,PMT-2025-00286
STL-2025-0287,TD-2025-0333,2025-03-04,PKR,449000000.00,449000000.00,SSI-044,"State Bank of Pakistan, Karachi",94-3530-684017,SBP-CA-0041-MBL,TS-017,TS-014,TS-019,PMT-2025-00287
STL-2025-0288,TD-2025-0336,2025-03-04,PKR,586000000.00,586000000.00,SSI-044,"State Bank of Pakistan, Karachi",94-3530-684017,SBP-CA-0041-MBL,TS-017,TS-018,TS-014,PMT-2025-00288
STL-2025-0289,TD-2025-0341,2025-03-04,PKR,120000000.00,120000000.00,SSI-019,"Horizon Bank Limited, Karachi",60-9368-454127,SBP-CA-0041-MBL,TS-018,TS-014,,PMT-2025-00289
STL-2025-0290,TD-2025-0345,2025-03-04,PKR,126000000.00,126000000.00,SSI-009,"Harbour National Bank, Karachi",92-4407-668235,SBP-CA-0041-MBL,TS-020,TS-018,,PMT-2025-00290
STL-2025-0291,TD-2025-0347,2025-03-04,PKR,73000000.00,73000000.00,SSI-042,"Cedar Commercial Bank, Karachi",17-5041-561255,SBP-CA-0041-MBL,TS-020,TS-018,,PMT-2025-00291
STL-2025-0292,TD-2025-0348,2025-03-04,PKR,265000000.00,265000000.00,SSI-037,"Northgate Bank Limited, Lahore",97-1149-147084,SBP-CA-0041-MBL,TS-020,TS-014,TS-019,PMT-2025-00292
STL-2025-0293,TD-2025-0331,2025-03-05,EUR,175000.00,52508144.78,SSI-002,"Deutsche Bank AG, Frankfurt",12-4044-746137,NOSTRO-EUR-DB-70044120088,TS-020,TS-014,,PMT-2025-00293
STL-2025-0294,TD-2025-0338,2025-03-05,USD,400000.00,110903801.00,SSI-010,"Citibank N.A., New York",71-8954-663127,NOSTRO-USD-CITI-3610044821,TS-017,TS-018,,PMT-2025-00294
STL-2025-0295,TD-2025-0342,2025-03-05,PKR,40000000.00,40000000.00,SSI-004,"Sterling Union Bank Limited, Karachi",63-3742-686415,SBP-CA-0041-MBL,TS-020,TS-014,,PMT-2025-00295
STL-2025-0296,TD-2025-0351,2025-03-05,PKR,353000000.00,353000000.00,SSI-014,"Pinnacle Commercial Bank, Lahore",19-7670-466460,SBP-CA-0041-MBL,TS-017,TS-014,TS-019,PMT-2025-00296
STL-2025-0297,TD-2025-0353,2025-03-05,PKR,122000000.00,122000000.00,SSI-019,"Horizon Bank Limited, Karachi",60-9368-454127,SBP-CA-0041-MBL,TS-017,TS-018,,PMT-2025-00297
STL-2025-0298,TD-2025-0357,2025-03-05,PKR,40000000.00,40000000.00,SSI-004,"Sterling Union Bank Limited, Karachi",63-3742-686415,SBP-CA-0041-MBL,TS-020,TS-018,,PMT-2025-00298
STL-2025-0299,TD-2025-0343,2025-03-06,USD,150000.00,42016755.00,SSI-005,"Citibank N.A., New York",92-4250-421831,NOSTRO-USD-CITI-3610044821,TS-017,TS-018,,PMT-2025-00299
STL-2025-0300,TD-2025-0344,2025-03-06,EUR,475000.00,140500868.00,SSI-031,"Deutsche Bank AG, Frankfurt",95-8691-308211,NOSTRO-EUR-DB-70044120088,TS-018,TS-014,,PMT-2025-00300
STL-2025-0301,TD-2025-0346,2025-03-06,USD,200000.00,56030380.00,SSI-020,"Citibank N.A., New York",80-7629-754690,NOSTRO-USD-CITI-3610044821,TS-017,TS-014,,PMT-2025-00301
STL-2025-0302,TD-2025-0352,2025-03-06,PKR,103000000.00,103000000.00,SSI-042,"Cedar Commercial Bank, Karachi",17-5041-561255,SBP-CA-0041-MBL,TS-020,TS-018,,PMT-2025-00302
STL-2025-0303,TD-2025-0355,2025-03-06,PKR,40000000.00,40000000.00,SSI-004,"Sterling Union Bank Limited, Karachi",63-3742-686415,SBP-CA-0041-MBL,TS-020,TS-018,,PMT-2025-00303
STL-2025-0304,TD-2025-0358,2025-03-06,PKR,263000000.00,263000000.00,SSI-044,"State Bank of Pakistan, Karachi",94-3530-684017,SBP-CA-0041-MBL,TS-018,TS-014,TS-019,PMT-2025-00304
STL-2025-0305,TD-2025-0349,2025-03-07,EUR,350000.00,103304635.00,SSI-002,"Deutsche Bank AG, Frankfurt",12-4044-746137,NOSTRO-EUR-DB-70044120088,TS-017,TS-018,,PMT-2025-00305
STL-2025-0306,TD-2025-0350,2025-03-07,USD,100000.00,27988770.00,SSI-025,"Citibank N.A., New York",29-1045-832339,NOSTRO-USD-CITI-3610044821,TS-017,TS-014,,PMT-2025-00306
STL-2025-0307,TD-2025-0354,2025-03-07,EUR,625000.00,184475250.00,SSI-007,"Deutsche Bank AG, Frankfurt",58-9386-226774,NOSTRO-EUR-DB-70044120088,TS-020,TS-018,,PMT-2025-00307
STL-2025-0308,TD-2025-0356,2025-03-07,USD,150000.00,41977485.00,SSI-030,"Citibank N.A., New York",21-9212-159767,NOSTRO-USD-CITI-3610044821,TS-018,TS-014,,PMT-2025-00308
STL-2025-0309,TD-2025-0360,2025-03-07,PKR,348000000.00,348000000.00,SSI-044,"State Bank of Pakistan, Karachi",94-3530-684017,SBP-CA-0041-MBL,TS-017,TS-018,TS-014,PMT-2025-00309
STL-2025-0310,TD-2025-0361,2025-03-07,PKR,132000000.00,132000000.00,SSI-029,"Apex Islamic Bank, Karachi",88-2018-373944,SBP-CA-0041-MBL,TS-018,TS-014,,PMT-2025-00310
STL-2025-0311,TD-2025-0363,2025-03-07,PKR,523000000.00,523000000.00,SSI-044,"State Bank of Pakistan, Karachi",94-3530-684017,SBP-CA-0041-MBL,TS-020,TS-014,TS-019,PMT-2025-00311
STL-2025-0312,TD-2025-0364,2025-03-07,PKR,496000000.00,496000000.00,SSI-044,"State Bank of Pakistan, Karachi",94-3530-684017,SBP-CA-0041-MBL,TS-017,TS-014,TS-019,PMT-2025-00312
STL-2025-0313,TD-2025-0365,2025-03-07,PKR,113000000.00,113000000.00,SSI-033,"Frontier Development Bank, Islamabad",63-4454-620448,SBP-CA-0041-MBL,TS-018,TS-014,,PMT-2025-00313
STL-2025-0314,TD-2025-0366,2025-03-07,PKR,411000000.00,411000000.00,SSI-044,"State Bank of Pakistan, Karachi",94-3530-684017,SBP-CA-0041-MBL,TS-018,TS-014,TS-019,PMT-2025-00314
STL-2025-0315,TD-2025-0367,2025-03-07,PKR,445000000.00,445000000.00,SSI-009,"Harbour National Bank, Karachi",92-4407-668235,SBP-CA-0041-MBL,TS-020,TS-018,TS-014,PMT-2025-00315
STL-2025-0316,TD-2025-0368,2025-03-07,PKR,435000000.00,435000000.00,SSI-044,"State Bank of Pakistan, Karachi",94-3530-684017,SBP-CA-0041-MBL,TS-020,TS-014,TS-019,PMT-2025-00316
STL-2025-0317,TD-2025-0370,2025-03-07,PKR,94000000.00,94000000.00,SSI-014,"Pinnacle Commercial Bank, Lahore",19-7670-466460,SBP-CA-0041-MBL,TS-020,TS-018,,PMT-2025-00317
STL-2025-0318,TD-2025-0375,2025-03-07,PKR,40000000.00,40000000.00,SSI-004,"Sterling Union Bank Limited, Karachi",63-3742-686415,SBP-CA-0041-MBL,TS-020,TS-018,,PMT-2025-00318
STL-2025-0319,TD-2025-0186,2025-03-10,AED,2100000.00,160735890.00,SSI-011,"Emirates NBD, Dubai",88-6092-866330,NOSTRO-AED-ENBD-1019277440,TS-017,TS-014,,PMT-2025-00319
STL-2025-0320,TD-2025-0194,2025-03-10,EUR,875000.00,257386500.00,SSI-007,"Deutsche Bank AG, Frankfurt",58-9386-226774,NOSTRO-EUR-DB-70044120088,TS-020,TS-014,TS-019,PMT-2025-00320
STL-2025-0321,TD-2025-0374,2025-03-10,PKR,368000000.00,368000000.00,SSI-044,"State Bank of Pakistan, Karachi",94-3530-684017,SBP-CA-0041-MBL,TS-018,TS-014,TS-019,PMT-2025-00321
STL-2025-0322,TD-2025-0380,2025-03-10,PKR,40000000.00,40000000.00,SSI-004,"Sterling Union Bank Limited, Karachi",63-3742-686415,SBP-CA-0041-MBL,TS-020,TS-018,,PMT-2025-00322
STL-2025-0323,TD-2025-0382,2025-03-10,PKR,115000000.00,115000000.00,SSI-014,"Pinnacle Commercial Bank, Lahore",19-7670-466460,SBP-CA-0041-MBL,TS-017,TS-018,,PMT-2025-00323
STL-2025-0324,TD-2025-0052,2025-03-11,EUR,150000.00,44267940.00,SSI-017,"Deutsche Bank AG, Frankfurt",82-3509-764277,NOSTRO-EUR-DB-70044120088,TS-020,TS-014,,PMT-2025-00324
STL-2025-0325,TD-2025-0369,2025-03-11,USD,800000.00,223956000.00,SSI-030,"Citibank N.A., New York",21-9212-159767,NOSTRO-USD-CITI-3610044821,TS-017,TS-018,,PMT-2025-00325
STL-2025-0326,TD-2025-0371,2025-03-11,USD,150000.00,41998875.00,SSI-010,"Citibank N.A., New York",71-8954-663127,NOSTRO-USD-CITI-3610044821,TS-020,TS-018,,PMT-2025-00326
STL-2025-0327,TD-2025-0373,2025-03-11,USD,300000.00,83996670.00,SSI-020,"Citibank N.A., New York",80-7629-754690,NOSTRO-USD-CITI-3610044821,TS-017,TS-014,,PMT-2025-00327
STL-2025-0328,TD-2025-0376,2025-03-11,USD,500000.00,139972250.00,SSI-010,"Citibank N.A., New York",71-8954-663127,NOSTRO-USD-CITI-3610044821,TS-020,TS-018,,PMT-2025-00328
STL-2025-0329,TD-2025-0377,2025-03-11,PKR,93000000.00,93000000.00,SSI-014,"Pinnacle Commercial Bank, Lahore",19-7670-466460,SBP-CA-0041-MBL,TS-017,TS-014,,PMT-2025-00329
STL-2025-0330,TD-2025-0378,2025-03-11,PKR,40000000.00,40000000.00,SSI-004,"Sterling Union Bank Limited, Karachi",63-3742-686415,SBP-CA-0041-MBL,TS-018,TS-014,,PMT-2025-00330
STL-2025-0331,TD-2025-0381,2025-03-11,PKR,124000000.00,124000000.00,SSI-037,"Northgate Bank Limited, Lahore",97-1149-147084,SBP-CA-0041-MBL,TS-020,TS-018,,PMT-2025-00331
STL-2025-0332,TD-2025-0392,2025-03-11,PKR,40000000.00,40000000.00,SSI-004,"Sterling Union Bank Limited, Karachi",63-3742-686415,SBP-CA-0041-MBL,TS-018,TS-014,,PMT-2025-00332
STL-2025-0333,TD-2025-0197,2025-03-12,USD,200000.00,56216180.00,SSI-005,"Citibank N.A., New York",92-4250-421831,NOSTRO-USD-CITI-3610044821,TS-018,TS-014,,PMT-2025-00333
STL-2025-0334,TD-2025-0379,2025-03-12,EUR,125000.00,36829900.00,SSI-002,"Deutsche Bank AG, Frankfurt",12-4044-746137,NOSTRO-EUR-DB-70044120088,TS-017,TS-018,,PMT-2025-00334
STL-2025-0335,TD-2025-0389,2025-03-12,PKR,63000000.00,63000000.00,SSI-019,"Horizon Bank Limited, Karachi",60-9368-454127,SBP-CA-0041-MBL,TS-017,TS-018,,PMT-2025-00335
STL-2025-0336,TD-2025-0405,2025-03-12,PKR,40000000.00,40000000.00,SSI-004,"Sterling Union Bank Limited, Karachi",63-3742-686415,SBP-CA-0041-MBL,TS-020,TS-014,,PMT-2025-00336
STL-2025-0337,TD-2025-0384,2025-03-13,GBP,475000.00,167321125.00,SSI-003,"Barclays Bank PLC, London",35-6259-583573,NOSTRO-GBP-BARC-20551188,TS-017,TS-014,,PMT-2025-00337
STL-2025-0338,TD-2025-0385,2025-03-13,USD,650000.00,182181480.00,SSI-020,"Citibank N.A., New York",80-7629-754690,NOSTRO-USD-CITI-3610044821,TS-020,TS-014,,PMT-2025-00338
STL-2025-0339,TD-2025-0386,2025-03-13,GBP,225000.00,79257195.00,SSI-028,"Barclays Bank PLC, London",53-2312-730679,NOSTRO-GBP-BARC-20551188,TS-018,TS-014,,PMT-2025-00339
STL-2025-0340,TD-2025-0387,2025-03-13,GBP,175000.00,61634808.00,SSI-028,"Barclays Bank PLC, London",53-2312-730679,NOSTRO-GBP-BARC-20551188,TS-017,TS-014,,PMT-2025-00340
STL-2025-0341,TD-2025-0388,2025-03-13,EUR,575000.00,169919112.00,SSI-002,"Deutsche Bank AG, Frankfurt",12-4044-746137,NOSTRO-EUR-DB-70044120088,TS-017,TS-018,,PMT-2025-00341
STL-2025-0342,TD-2025-0391,2025-03-13,USD,100000.00,28028780.00,SSI-015,"Citibank N.A., New York",20-5693-842009,NOSTRO-USD-CITI-3610044821,TS-018,TS-014,,PMT-2025-00342
STL-2025-0343,TD-2025-0399,2025-03-13,PKR,276000000.00,276000000.00,SSI-009,"Harbour National Bank, Karachi",92-4407-668235,SBP-CA-0041-MBL,TS-020,TS-014,TS-019,PMT-2025-00343
STL-2025-0344,TD-2025-0401,2025-03-13,PKR,330000000.00,330000000.00,SSI-044,"State Bank of Pakistan, Karachi",94-3530-684017,SBP-CA-0041-MBL,TS-018,TS-014,TS-019,PMT-2025-00344
STL-2025-0345,TD-2025-0409,2025-03-13,PKR,77000000.00,77000000.00,SSI-029,"Apex Islamic Bank, Karachi",88-2018-373944,SBP-CA-0041-MBL,TS-020,TS-014,,PMT-2025-00345
STL-2025-0346,TD-2025-0220,2025-03-14,USD,450000.00,126743805.00,SSI-010,"Citibank N.A., New York",71-8954-663127,NOSTRO-USD-CITI-3610044821,TS-017,TS-014,,PMT-2025-00346
STL-2025-0347,TD-2025-0394,2025-03-14,AED,3000000.00,229000800.00,SSI-016,"Emirates NBD, Dubai",66-5212-177681,NOSTRO-AED-ENBD-1019277440,TS-018,TS-014,,PMT-2025-00347
STL-2025-0348,TD-2025-0395,2025-03-14,USD,350000.00,98253470.00,SSI-005,"Citibank N.A., New York",92-4250-421831,NOSTRO-USD-CITI-3610044821,TS-017,TS-014,,PMT-2025-00348
STL-2025-0349,TD-2025-0396,2025-03-14,EUR,325000.00,96387167.50,SSI-007,"Deutsche Bank AG, Frankfurt",58-9386-226774,NOSTRO-EUR-DB-70044120088,TS-017,TS-014,,PMT-2025-00349
STL-2025-0350,TD-2025-0397,2025-03-14,USD,550000.00,154388740.00,SSI-005,"Citibank N.A., New York",92-4250-421831,NOSTRO-USD-CITI-3610044821,TS-020,TS-014,,PMT-2025-00350
STL-2025-0351,TD-2025-0398,2025-03-14,EUR,325000.00,96387167.50,SSI-017,"Deutsche Bank AG, Frankfurt",82-3509-764277,NOSTRO-EUR-DB-70044120088,TS-018,TS-014,,PMT-2025-00351
STL-2025-0352,TD-2025-0400,2025-03-14,EUR,125000.00,37068338.00,SSI-002,"Deutsche Bank AG, Frankfurt",12-4044-746137,NOSTRO-EUR-DB-70044120088,TS-020,TS-014,,PMT-2025-00352
STL-2025-0353,TD-2025-0402,2025-03-14,EUR,325000.00,96387167.50,SSI-027,"Deutsche Bank AG, Frankfurt",33-6784-768037,NOSTRO-EUR-DB-70044120088,TS-018,TS-014,,PMT-2025-00353
STL-2025-0354,TD-2025-0403,2025-03-14,USD,750000.00,210520650.00,SSI-015,"Citibank N.A., New York",20-5693-842009,NOSTRO-USD-CITI-3610044821,TS-020,TS-018,,PMT-2025-00354
STL-2025-0355,TD-2025-0404,2025-03-14,USD,350000.00,98253470.00,SSI-015,"Citibank N.A., New York",20-5693-842009,NOSTRO-USD-CITI-3610044821,TS-018,TS-014,,PMT-2025-00355
STL-2025-0356,TD-2025-0413,2025-03-14,PKR,414000000.00,414000000.00,SSI-044,"State Bank of Pakistan, Karachi",94-3530-684017,SBP-CA-0041-MBL,TS-017,TS-014,TS-019,PMT-2025-00356
STL-2025-0357,TD-2025-0418,2025-03-14,PKR,65000000.00,65000000.00,SSI-029,"Apex Islamic Bank, Karachi",88-2018-373944,SBP-CA-0041-MBL,TS-017,TS-014,,PMT-2025-00357
STL-2025-0358,TD-2025-0069,2025-03-17,GBP,150000.00,53121495.00,SSI-008,"Barclays Bank PLC, London",42-1934-676049,NOSTRO-GBP-BARC-20551188,TS-020,TS-018,,PMT-2025-00358
STL-2025-0359,TD-2025-0233,2025-03-17,GBP,600000.00,212137620.00,SSI-008,"Barclays Bank PLC, London",42-1934-676049,NOSTRO-GBP-BARC-20551188,TS-018,TS-014,,PMT-2025-00359
STL-2025-0360,TD-2025-0236,2025-03-17,AED,1700000.00,130344440.00,SSI-001,"Emirates NBD, Dubai",57-4188-308939,NOSTRO-AED-ENBD-1019277440,TS-020,TS-014,,PMT-2025-00360
STL-2025-0361,TD-2025-0407,2025-03-17,USD,900000.00,252269550.00,SSI-025,"Citibank N.A., New York",29-1045-832339,NOSTRO-USD-CITI-3610044821,TS-017,TS-018,TS-014,PMT-2025-00361
STL-2025-0362,TD-2025-0408,2025-03-17,USD,100000.00,28025030.00,SSI-020,"Citibank N.A., New York",80-7629-754690,NOSTRO-USD-CITI-3610044821,TS-017,TS-018,,PMT-2025-00362
STL-2025-0363,TD-2025-0410,2025-03-17,USD,350000.00,98103950.00,SSI-020,"Citibank N.A., New York",80-7629-754690,NOSTRO-USD-CITI-3610044821,TS-018,TS-014,,PMT-2025-00363
STL-2025-0364,TD-2025-0415,2025-03-17,PKR,216000000.00,216000000.00,SSI-044,"State Bank of Pakistan, Karachi",94-3530-684017,SBP-CA-0041-MBL,TS-017,TS-014,,PMT-2025-00364
STL-2025-0365,TD-2025-0422,2025-03-17,PKR,94000000.00,94000000.00,SSI-019,"Horizon Bank Limited, Karachi",60-9368-454127,SBP-CA-0041-MBL,TS-020,TS-018,,PMT-2025-00365
STL-2025-0366,TD-2025-0429,2025-03-17,PKR,280000000.00,280000000.00,SSI-014,"Pinnacle Commercial Bank, Lahore",19-7670-466460,SBP-CA-0041-MBL,TS-018,TS-014,TS-019,PMT-2025-00366
STL-2025-0367,TD-2025-0414,2025-03-18,GBP,475000.00,167078828.00,SSI-023,"Barclays Bank PLC, London",95-4243-715383,NOSTRO-GBP-BARC-20551188,TS-018,TS-014,,PMT-2025-00367
STL-2025-0368,TD-2025-0416,2025-03-18,USD,250000.00,70136850.00,SSI-005,"Citibank N.A., New York",92-4250-421831,NOSTRO-USD-CITI-3610044821,TS-020,TS-018,,PMT-2025-00368
STL-2025-0369,TD-2025-0419,2025-03-18,AED,600000.00,45841500.00,SSI-001,"Emirates NBD, Dubai",57-4188-308939,NOSTRO-AED-ENBD-1019277440,TS-018,TS-014,,PMT-2025-00369
STL-2025-0370,TD-2025-0420,2025-03-18,PKR,290000000.00,290000000.00,SSI-004,"Sterling Union Bank Limited, Karachi",63-3742-686415,SBP-CA-0041-MBL,TS-018,TS-014,TS-019,PMT-2025-00370
STL-2025-0371,TD-2025-0421,2025-03-18,PKR,410000000.00,410000000.00,SSI-044,"State Bank of Pakistan, Karachi",94-3530-684017,SBP-CA-0041-MBL,TS-020,TS-014,TS-019,PMT-2025-00371
STL-2025-0372,TD-2025-0423,2025-03-18,PKR,40000000.00,40000000.00,SSI-004,"Sterling Union Bank Limited, Karachi",63-3742-686415,SBP-CA-0041-MBL,TS-018,TS-014,,PMT-2025-00372
STL-2025-0373,TD-2025-0428,2025-03-18,PKR,40000000.00,40000000.00,SSI-004,"Sterling Union Bank Limited, Karachi",63-3742-686415,SBP-CA-0041-MBL,TS-017,TS-014,,PMT-2025-00373
STL-2025-0374,TD-2025-0430,2025-03-18,PKR,522000000.00,522000000.00,SSI-009,"Harbour National Bank, Karachi",92-4407-668235,SBP-CA-0041-MBL,TS-017,TS-014,TS-019,PMT-2025-00374
STL-2025-0375,TD-2025-0434,2025-03-18,PKR,90000000.00,90000000.00,SSI-033,"Frontier Development Bank, Islamabad",63-4454-620448,SBP-CA-0041-MBL,TS-020,TS-018,,PMT-2025-00375
STL-2025-0376,TD-2025-0435,2025-03-18,PKR,62000000.00,62000000.00,SSI-033,"Frontier Development Bank, Islamabad",63-4454-620448,SBP-CA-0041-MBL,TS-020,TS-018,,PMT-2025-00376
STL-2025-0377,TD-2025-0424,2025-03-19,GBP,375000.00,132229500.00,SSI-008,"Barclays Bank PLC, London",42-1934-676049,NOSTRO-GBP-BARC-20551188,TS-018,TS-014,,PMT-2025-00377
STL-2025-0378,TD-2025-0425,2025-03-19,USD,500000.00,140403100.00,SSI-030,"Citibank N.A., New York",21-9212-159767,NOSTRO-USD-CITI-3610044821,TS-020,TS-014,,PMT-2025-00378
STL-2025-0379,TD-2025-0426,2025-03-19,EUR,875000.00,258537738.00,SSI-017,"Deutsche Bank AG, Frankfurt",82-3509-764277,NOSTRO-EUR-DB-70044120088,TS-017,TS-018,TS-014,PMT-2025-00379
STL-2025-0380,TD-2025-0432,2025-03-19,PKR,40000000.00,40000000.00,SSI-004,"Sterling Union Bank Limited, Karachi",63-3742-686415,SBP-CA-0041-MBL,TS-020,TS-018,,PMT-2025-00380
STL-2025-0381,TD-2025-0439,2025-03-19,PKR,162000000.00,162000000.00,SSI-014,"Pinnacle Commercial Bank, Lahore",19-7670-466460,SBP-CA-0041-MBL,TS-018,TS-014,,PMT-2025-00381
STL-2025-0382,TD-2025-0441,2025-03-19,PKR,40000000.00,40000000.00,SSI-004,"Sterling Union Bank Limited, Karachi",63-3742-686415,SBP-CA-0041-MBL,TS-020,TS-018,,PMT-2025-00382
STL-2025-0383,TD-2025-0443,2025-03-19,PKR,184000000.00,184000000.00,SSI-004,"Sterling Union Bank Limited, Karachi",63-3742-686415,SBP-CA-0041-MBL,TS-020,TS-018,,PMT-2025-00383
STL-2025-0384,TD-2025-0449,2025-03-19,PKR,269000000.00,269000000.00,SSI-004,"Sterling Union Bank Limited, Karachi",63-3742-686415,SBP-CA-0041-MBL,TS-018,TS-014,TS-019,PMT-2025-00384
STL-2025-0385,TD-2025-0453,2025-03-19,PKR,40000000.00,40000000.00,SSI-004,"Sterling Union Bank Limited, Karachi",63-3742-686415,SBP-CA-0041-MBL,TS-017,TS-014,,PMT-2025-00385
STL-2025-0386,TD-2025-0455,2025-03-19,PKR,78000000.00,78000000.00,SSI-033,"Frontier Development Bank, Islamabad",63-4454-620448,SBP-CA-0041-MBL,TS-017,TS-014,,PMT-2025-00386
STL-2025-0387,TD-2025-0433,2025-03-20,USD,100000.00,28043640.00,SSI-030,"Citibank N.A., New York",21-9212-159767,NOSTRO-USD-CITI-3610044821,TS-018,TS-014,,PMT-2025-00387
STL-2025-0388,TD-2025-0436,2025-03-20,USD,150000.00,42063375.00,SSI-030,"Citibank N.A., New York",21-9212-159767,NOSTRO-USD-CITI-3610044821,TS-017,TS-018,,PMT-2025-00388
STL-2025-0389,TD-2025-0437,2025-03-20,PKR,40000000.00,40000000.00,SSI-004,"Sterling Union Bank Limited, Karachi",63-3742-686415,SBP-CA-0041-MBL,TS-020,TS-018,,PMT-2025-00389
STL-2025-0390,TD-2025-0444,2025-03-20,PKR,40000000.00,40000000.00,SSI-004,"Sterling Union Bank Limited, Karachi",63-3742-686415,SBP-CA-0041-MBL,TS-017,TS-018,,PMT-2025-00390
STL-2025-0391,TD-2025-0446,2025-03-20,PKR,234000000.00,234000000.00,SSI-044,"State Bank of Pakistan, Karachi",94-3530-684017,SBP-CA-0041-MBL,TS-018,TS-014,,PMT-2025-00391
STL-2025-0392,TD-2025-0450,2025-03-20,PKR,159000000.00,159000000.00,SSI-004,"Sterling Union Bank Limited, Karachi",63-3742-686415,SBP-CA-0041-MBL,TS-020,TS-014,,PMT-2025-00392
STL-2025-0393,TD-2025-0090,2025-03-21,USD,550000.00,155267805.00,SSI-015,"Citibank N.A., New York",20-5693-842009,NOSTRO-USD-CITI-3610044821,TS-017,TS-014,,PMT-2025-00393
STL-2025-0394,TD-2025-0092,2025-03-21,USD,450000.00,127059570.00,SSI-030,"Citibank N.A., New York",21-9212-159767,NOSTRO-USD-CITI-3610044821,TS-020,TS-018,,PMT-2025-00394
STL-2025-0395,TD-2025-0269,2025-03-21,GBP,100000.00,35275160.00,SSI-013,"Barclays Bank PLC, London",22-6864-186796,NOSTRO-GBP-BARC-20551188,TS-017,TS-018,,PMT-2025-00395
STL-2025-0396,TD-2025-0440,2025-03-21,EUR,650000.00,192104835.00,SSI-017,"Deutsche Bank AG, Frankfurt",82-3509-764277,NOSTRO-EUR-DB-70044120088,TS-018,TS-014,,PMT-2025-00396
STL-2025-0397,TD-2025-0442,2025-03-21,USD,650000.00,182172965.00,SSI-020,"Citibank N.A., New York",80-7629-754690,NOSTRO-USD-CITI-3610044821,TS-020,TS-014,,PMT-2025-00397
STL-2025-0398,TD-2025-0448,2025-03-21,USD,500000.00,140140100.00,SSI-020,"Citibank N.A., New York",80-7629-754690,NOSTRO-USD-CITI-3610044821,TS-018,TS-014,,PMT-2025-00398
STL-2025-0399,TD-2025-0451,2025-03-21,AED,1300000.00,99399040.00,SSI-021,"Emirates NBD, Dubai",94-1863-761568,NOSTRO-AED-ENBD-1019277440,TS-018,TS-014,,PMT-2025-00399
STL-2025-0400,TD-2025-0452,2025-03-21,USD,450000.00,126127665.00,SSI-020,"Citibank N.A., New York",80-7629-754690,NOSTRO-USD-CITI-3610044821,TS-018,TS-014,,PMT-2025-00400
STL-2025-0401,TD-2025-0454,2025-03-21,USD,600000.00,168179400.00,SSI-034,"Citibank N.A., New York",53-7950-420695,NOSTRO-USD-CITI-3610044821,TS-020,TS-018,,PMT-2025-00401
STL-2025-0402,TD-2025-0459,2025-03-21,PKR,408000000.00,408000000.00,SSI-044,"State Bank of Pakistan, Karachi",94-3530-684017,SBP-CA-0041-MBL,TS-017,TS-014,TS-019,PMT-2025-00402
STL-2025-0403,TD-2025-0460,2025-03-21,PKR,395000000.00,395000000.00,SSI-044,"State Bank of Pakistan, Karachi",94-3530-684017,SBP-CA-0041-MBL,TS-020,TS-018,TS-014,PMT-2025-00403
STL-2025-0404,TD-2025-0465,2025-03-21,PKR,91000000.00,91000000.00,SSI-009,"Harbour National Bank, Karachi",92-4407-668235,SBP-CA-0041-MBL,TS-018,TS-014,,PMT-2025-00404
STL-2025-0405,TD-2025-0471,2025-03-21,PKR,213000000.00,213000000.00,SSI-019,"Horizon Bank Limited, Karachi",60-9368-454127,SBP-CA-0041-MBL,TS-017,TS-018,,PMT-2025-00405
STL-2025-0406,TD-2025-0110,2025-03-24,USD,500000.00,141429750.00,SSI-010,"Citibank N.A., New York",71-8954-663127,NOSTRO-USD-CITI-3610044821,TS-017,TS-018,,PMT-2025-00406
STL-2025-0407,TD-2025-0282,2025-03-24,GBP,250000.00,88434100.00,SSI-028,"Barclays Bank PLC, London",53-2312-730679,NOSTRO-GBP-BARC-20551188,TS-020,TS-014,,PMT-2025-00407
STL-2025-0408,TD-2025-0456,2025-03-24,USD,300000.00,84232440.00,SSI-005,"Citibank N.A., New York",92-4250-421831,NOSTRO-USD-CITI-3610044821,TS-020,TS-018,,PMT-2025-00408
STL-2025-0409,TD-2025-0457,2025-03-24,USD,450000.00,126362835.00,SSI-034,"Citibank N.A., New York",53-7950-420695,NOSTRO-USD-CITI-3610044821,TS-020,TS-014,,PMT-2025-00409
STL-2025-0410,TD-2025-0461,2025-03-24,GBP,175000.00,61829267.00,SSI-023,"Barclays Bank PLC, London",95-4243-715383,NOSTRO-GBP-BARC-20551188,TS-017,TS-018,,PMT-2025-00410
STL-2025-0411,TD-2025-0466,2025-03-24,PKR,466000000.00,466000000.00,SSI-044,"State Bank of Pakistan, Karachi",94-3530-684017,SBP-CA-0041-MBL,TS-020,TS-018,TS-014,PMT-2025-00411
STL-2025-0412,TD-2025-0469,2025-03-24,PKR,343000000.00,343000000.00,SSI-019,"Horizon Bank Limited, Karachi",60-9368-454127,SBP-CA-0041-MBL,TS-020,TS-018,TS-014,PMT-2025-00412
STL-2025-0413,TD-2025-0470,2025-03-24,PKR,300000000.00,300000000.00,SSI-044,"State Bank of Pakistan, Karachi",94-3530-684017,SBP-CA-0041-MBL,TS-018,TS-014,TS-019,PMT-2025-00413
STL-2025-0414,TD-2025-0473,2025-03-24,PKR,70000000.00,70000000.00,SSI-029,"Apex Islamic Bank, Karachi",88-2018-373944,SBP-CA-0041-MBL,TS-018,TS-014,,PMT-2025-00414
STL-2025-0416,TD-2025-0477,2025-03-24,PKR,251000000.00,251000000.00,SSI-044,"State Bank of Pakistan, Karachi",94-3530-684017,SBP-CA-0041-MBL,TS-020,TS-014,TS-019,PMT-2025-00416
STL-2025-0417,TD-2025-0464,2025-03-25,USD,250000.00,70140575.00,SSI-020,"Citibank N.A., New York",80-7629-754690,NOSTRO-USD-CITI-3610044821,TS-020,TS-018,,PMT-2025-00417
STL-2025-0418,TD-2025-0467,2025-03-25,GBP,200000.00,70626620.00,SSI-036,"Barclays Bank PLC, London",74-9733-490436,NOSTRO-GBP-BARC-20551188,TS-020,TS-018,,PMT-2025-00418
STL-2025-0419,TD-2025-0468,2025-03-25,USD,300000.00,84154230.00,SSI-005,"Citibank N.A., New York",92-4250-421831,NOSTRO-USD-CITI-3610044821,TS-018,TS-014,,PMT-2025-00419
STL-2025-0420,TD-2025-0475,2025-03-25,USD,150000.00,42076515.00,SSI-038,"Citibank N.A., New York",50-1964-845729,NOSTRO-USD-CITI-3610044821,TS-017,TS-014,,PMT-2025-00420
STL-2025-0421,TD-2025-0479,2025-03-25,PKR,133000000.00,133000000.00,SSI-029,"Apex Islamic Bank, Karachi",88-2018-373944,SBP-CA-0041-MBL,TS-020,TS-014,,PMT-2025-00421
STL-2025-0422,TD-2025-0480,2025-03-25,PKR,94000000.00,94000000.00,SSI-019,"Horizon Bank Limited, Karachi",60-9368-454127,SBP-CA-0041-MBL,TS-018,TS-014,,PMT-2025-00422
STL-2025-0423,TD-2025-0482,2025-03-25,PKR,253000000.00,253000000.00,SSI-019,"Horizon Bank Limited, Karachi",60-9368-454127,SBP-CA-0041-MBL,TS-020,TS-014,TS-019,PMT-2025-00423
STL-2025-0424,TD-2025-0487,2025-03-25,PKR,217000000.00,217000000.00,SSI-029,"Apex Islamic Bank, Karachi",88-2018-373944,SBP-CA-0041-MBL,TS-017,TS-014,,PMT-2025-00424
STL-2025-0425,TD-2025-0290,2025-03-26,EUR,675000.00,200318670.00,SSI-022,"Deutsche Bank AG, Frankfurt",31-9827-548185,NOSTRO-EUR-DB-70044120088,TS-018,TS-014,,PMT-2025-00425
STL-2025-0426,TD-2025-0481,2025-03-26,AED,2700000.00,206156340.00,SSI-006,"Emirates NBD, Dubai",91-2794-316752,NOSTRO-AED-ENBD-1019277440,TS-020,TS-014,,PMT-2025-00426
STL-2025-0427,TD-2025-0485,2025-03-26,PKR,69000000.00,69000000.00,SSI-019,"Horizon Bank Limited, Karachi",60-9368-454127,SBP-CA-0041-MBL,TS-018,TS-014,,PMT-2025-00427
STL-2025-0428,TD-2025-0489,2025-03-26,PKR,150000000.00,150000000.00,SSI-019,"Horizon Bank Limited, Karachi",60-9368-454127,SBP-CA-0041-MBL,TS-020,TS-018,,PMT-2025-00428
STL-2025-0429,TD-2025-0490,2025-03-26,PKR,383000000.00,383000000.00,SSI-044,"State Bank of Pakistan, Karachi",94-3530-684017,SBP-CA-0041-MBL,TS-020,TS-018,TS-014,PMT-2025-00429
STL-2025-0430,TD-2025-0492,2025-03-26,PKR,40000000.00,40000000.00,SSI-004,"Sterling Union Bank Limited, Karachi",63-3742-686415,SBP-CA-0041-MBL,TS-020,TS-018,,PMT-2025-00430
STL-2025-0431,TD-2025-0499,2025-03-26,PKR,40000000.00,40000000.00,SSI-004,"Sterling Union Bank Limited, Karachi",63-3742-686415,SBP-CA-0041-MBL,TS-020,TS-018,,PMT-2025-00431
STL-2025-0432,TD-2025-0484,2025-03-27,AED,1400000.00,107043860.00,SSI-011,"Emirates NBD, Dubai",88-6092-866330,NOSTRO-AED-ENBD-1019277440,TS-017,TS-014,,PMT-2025-00432
STL-2025-0433,TD-2025-0495,2025-03-27,PKR,107000000.00,107000000.00,SSI-009,"Harbour National Bank, Karachi",92-4407-668235,SBP-CA-0041-MBL,TS-018,TS-014,,PMT-2025-00433
STL-2025-0434,TD-2025-0496,2025-03-27,PKR,176000000.00,176000000.00,SSI-024,"Crescent Investment Bank, Karachi",58-1971-536721,SBP-CA-0041-MBL,TS-018,TS-014,,PMT-2025-00434
STL-2025-0435,TD-2025-0501,2025-03-27,PKR,456000000.00,456000000.00,SSI-044,"State Bank of Pakistan, Karachi",94-3530-684017,SBP-CA-0041-MBL,TS-018,TS-014,TS-019,PMT-2025-00435
STL-2025-0436,TD-2025-0135,2025-03-27,AED,1300000.00,100069970.00,SSI-016,"Emirates NBD, Dubai",66-5212-177681,NOSTRO-AED-ENBD-1019277440,TS-018,TS-014,,PMT-2025-00436
STL-2025-0437,TD-2025-0306,2025-03-28,USD,350000.00,98671580.00,SSI-015,"Citibank N.A., New York",20-5693-842009,NOSTRO-USD-CITI-3610044821,TS-018,TS-014,,PMT-2025-00437
STL-2025-0438,TD-2025-0493,2025-03-28,USD,100000.00,28049030.00,SSI-025,"Citibank N.A., New York",29-1045-832339,NOSTRO-USD-CITI-3610044821,TS-020,TS-018,,PMT-2025-00438
STL-2025-0439,TD-2025-0494,2025-03-28,GBP,100000.00,35427140.00,SSI-028,"Barclays Bank PLC, London",53-2312-730679,NOSTRO-GBP-BARC-20551188,TS-020,TS-018,,PMT-2025-00439
STL-2025-0440,TD-2025-0497,2025-03-28,USD,600000.00,168312300.00,SSI-015,"Citibank N.A., New York",20-5693-842009,NOSTRO-USD-CITI-3610044821,TS-017,TS-014,,PMT-2025-00440
STL-2025-0441,TD-2025-0503,2025-03-28,PKR,40000000.00,40000000.00,SSI-004,"Sterling Union Bank Limited, Karachi",63-3742-686415,SBP-CA-0041-MBL,TS-017,TS-014,,PMT-2025-00441
STL-2025-0442,TD-2025-0506,2025-03-28,PKR,372000000.00,372000000.00,SSI-044,"State Bank of Pakistan, Karachi",94-3530-684017,SBP-CA-0041-MBL,TS-017,TS-014,TS-019,PMT-2025-00442
STL-2025-0443,TD-2025-0510,2025-03-28,PKR,40000000.00,40000000.00,SSI-004,"Sterling Union Bank Limited, Karachi",63-3742-686415,SBP-CA-0041-MBL,TS-017,TS-018,,PMT-2025-00443
STL-2025-0444,TD-2025-0513,2025-03-28,PKR,40000000.00,40000000.00,SSI-004,"Sterling Union Bank Limited, Karachi",63-3742-686415,SBP-CA-0041-MBL,TS-018,TS-014,,PMT-2025-00444
STL-2025-0445,TD-2025-0515,2025-03-28,PKR,40000000.00,40000000.00,SSI-004,"Sterling Union Bank Limited, Karachi",63-3742-686415,SBP-CA-0041-MBL,TS-017,TS-018,,PMT-2025-00445
STL-2025-0446,TD-2025-0143,2025-04-03,GBP,525000.00,186688425.00,SSI-013,"Barclays Bank PLC, London",22-6864-186796,NOSTRO-GBP-BARC-20551188,TS-017,TS-018,,PMT-2025-00446
STL-2025-0447,TD-2025-0145,2025-04-03,EUR,125000.00,36976725.00,SSI-027,"Deutsche Bank AG, Frankfurt",33-6784-768037,NOSTRO-EUR-DB-70044120088,TS-020,TS-018,,PMT-2025-00447
STL-2025-0448,TD-2025-0160,2025-04-03,AED,1600000.00,123172320.00,SSI-006,"Emirates NBD, Dubai",91-2794-316752,NOSTRO-AED-ENBD-1019277440,TS-017,TS-018,,PMT-2025-00448
STL-2025-0449,TD-2025-0313,2025-04-03,USD,250000.00,70417775.00,SSI-020,"Citibank N.A., New York",80-7629-754690,NOSTRO-USD-CITI-3610044821,TS-020,TS-018,,PMT-2025-00449
STL-2025-0450,TD-2025-0324,2025-04-03,EUR,400000.00,118892680.00,SSI-017,"Deutsche Bank AG, Frankfurt",82-3509-764277,NOSTRO-EUR-DB-70044120088,TS-018,TS-014,,PMT-2025-00450
STL-2025-0451,TD-2025-0339,2025-04-03,GBP,800000.00,283221280.00,SSI-013,"Barclays Bank PLC, London",22-6864-186796,NOSTRO-GBP-BARC-20551188,TS-020,TS-018,TS-014,PMT-2025-00451
STL-2025-0452,TD-2025-0504,2025-04-03,USD,150000.00,42138165.00,SSI-005,"Citibank N.A., New York",92-4250-421831,NOSTRO-USD-CITI-3610044821,TS-020,TS-014,,PMT-2025-00452
STL-2025-0453,TD-2025-0505,2025-04-03,USD,150000.00,42132720.00,SSI-005,"Citibank N.A., New York",92-4250-421831,NOSTRO-USD-CITI-3610044821,TS-018,TS-014,,PMT-2025-00453
STL-2025-0454,TD-2025-0509,2025-04-03,PKR,40000000.00,40000000.00,SSI-004,"Sterling Union Bank Limited, Karachi",63-3742-686415,SBP-CA-0041-MBL,TS-020,TS-014,,PMT-2025-00454
STL-2025-0455,TD-2025-0511,2025-04-03,PKR,40000000.00,40000000.00,SSI-004,"Sterling Union Bank Limited, Karachi",63-3742-686415,SBP-CA-0041-MBL,TS-018,TS-014,,PMT-2025-00455
STL-2025-0456,TD-2025-0512,2025-04-03,PKR,414000000.00,414000000.00,SSI-044,"State Bank of Pakistan, Karachi",94-3530-684017,SBP-CA-0041-MBL,TS-020,TS-014,TS-019,PMT-2025-00456
STL-2025-0457,TD-2025-0516,2025-04-03,PKR,139000000.00,139000000.00,SSI-019,"Horizon Bank Limited, Karachi",60-9368-454127,SBP-CA-0041-MBL,TS-018,TS-014,,PMT-2025-00457
STL-2025-0458,TD-2025-0517,2025-04-03,PKR,40000000.00,40000000.00,SSI-004,"Sterling Union Bank Limited, Karachi",63-3742-686415,SBP-CA-0041-MBL,TS-020,TS-014,,PMT-2025-00458
STL-2025-0459,TD-2025-0520,2025-04-03,PKR,40000000.00,40000000.00,SSI-004,"Sterling Union Bank Limited, Karachi",63-3742-686415,SBP-CA-0041-MBL,TS-020,TS-006,,PMT-2025-00459
STL-2025-0460,TD-2025-0507,2025-04-04,EUR,125000.00,37272938.00,SSI-022,"Deutsche Bank AG, Frankfurt",31-9827-548185,NOSTRO-EUR-DB-70044120088,TS-018,TS-014,,PMT-2025-00460
STL-2025-0461,TD-2025-0514,2025-04-04,AED,2000000.00,152881600.00,SSI-021,"Emirates NBD, Dubai",94-1863-761568,NOSTRO-AED-ENBD-1019277440,TS-018,TS-014,,PMT-2025-00461
STL-2025-0462,TD-2025-0518,2025-04-04,PKR,525000000.00,525000000.00,SSI-024,"Crescent Investment Bank, Karachi",58-1971-536721,SBP-CA-0041-MBL,TS-017,TS-014,TS-019,PMT-2025-00462
STL-2025-0463,TD-2025-0519,2025-04-04,PKR,233000000.00,233000000.00,SSI-014,"Pinnacle Commercial Bank, Lahore",19-7670-466460,SBP-CA-0041-MBL,TS-020,TS-014,,PMT-2025-00463
STL-2025-0464,TD-2025-0524,2025-04-04,PKR,40000000.00,40000000.00,SSI-004,"Sterling Union Bank Limited, Karachi",63-3742-686415,SBP-CA-0041-MBL,TS-018,TS-014,,PMT-2025-00464
STL-2025-0465,TD-2025-0527,2025-04-04,PKR,113000000.00,113000000.00,SSI-019,"Horizon Bank Limited, Karachi",60-9368-454127,SBP-CA-0041-MBL,TS-018,TS-014,,PMT-2025-00465
STL-2025-0466,TD-2025-0533,2025-04-04,PKR,225000000.00,225000000.00,SSI-009,"Harbour National Bank, Karachi",92-4407-668235,SBP-CA-0041-MBL,TS-017,TS-018,,PMT-2025-00466
STL-2025-0467,TD-2025-0172,2025-04-07,USD,150000.00,42397050.00,SSI-030,"Citibank N.A., New York",21-9212-159767,NOSTRO-USD-CITI-3610044821,TS-018,TS-014,,PMT-2025-00467
STL-2025-0468,TD-2025-0359,2025-04-07,USD,400000.00,112734880.00,SSI-010,"Citibank N.A., New York",71-8954-663127,NOSTRO-USD-CITI-3610044821,TS-020,TS-014,,PMT-2025-00468
STL-2025-0469,TD-2025-0362,2025-04-07,USD,450000.00,126828270.00,SSI-010,"Citibank N.A., New York",71-8954-663127,NOSTRO-USD-CITI-3610044821,TS-020,TS-018,,PMT-2025-00469
STL-2025-0470,TD-2025-0372,2025-04-07,USD,150000.00,42254280.00,SSI-015,"Citibank N.A., New York",20-5693-842009,NOSTRO-USD-CITI-3610044821,TS-017,TS-014,,PMT-2025-00470
STL-2025-0471,TD-2025-0522,2025-04-07,USD,150000.00,42181680.00,SSI-005,"Citibank N.A., New York",92-4250-421831,NOSTRO-USD-CITI-3610044821,TS-020,TS-014,,PMT-2025-00471
STL-2025-0472,TD-2025-0531,2025-04-07,PKR,297000000.00,297000000.00,SSI-009,"Harbour National Bank, Karachi",92-4407-668235,SBP-CA-0041-MBL,TS-017,TS-018,TS-014,PMT-2025-00472
STL-2025-0473,TD-2025-0532,2025-04-07,PKR,231000000.00,231000000.00,SSI-009,"Harbour National Bank, Karachi",92-4407-668235,SBP-CA-0041-MBL,TS-018,TS-014,,PMT-2025-00473
STL-2025-0474,TD-2025-0541,2025-04-07,PKR,106000000.00,106000000.00,,"Meridian Bank Limited, Clifton Branch",31-8842-770519,SBP-CA-0041-MBL,TS-020,TS-014,,PMT-2025-00474
STL-2025-0475,TD-2025-0189,2025-04-08,USD,850000.00,240577625.00,SSI-034,"Citibank N.A., New York",53-7950-420695,NOSTRO-USD-CITI-3610044821,TS-020,TS-018,,PMT-2025-00475
STL-2025-0476,TD-2025-0523,2025-04-08,USD,300000.00,84195150.00,SSI-025,"Citibank N.A., New York",29-1045-832339,NOSTRO-USD-CITI-3610044821,TS-020,TS-018,,PMT-2025-00476
STL-2025-0477,TD-2025-0525,2025-04-08,USD,100000.00,27862280.00,SSI-025,"Citibank N.A., New York",29-1045-832339,NOSTRO-USD-CITI-3610044821,TS-017,TS-014,,PMT-2025-00477
STL-2025-0478,TD-2025-0526,2025-04-08,USD,150000.00,42090360.00,SSI-030,"Citibank N.A., New York",21-9212-159767,NOSTRO-USD-CITI-3610044821,TS-020,TS-018,,PMT-2025-00478
STL-2025-0479,TD-2025-0530,2025-04-08,USD,600000.00,168384780.00,SSI-020,"Citibank N.A., New York",80-7629-754690,NOSTRO-USD-CITI-3610044821,TS-017,TS-014,,PMT-2025-00479
STL-2025-0480,TD-2025-0534,2025-04-08,PKR,233000000.00,233000000.00,,"Meridian Bank Limited, Clifton Branch",44-1207-336284,SBP-CA-0041-MBL,TS-020,TS-014,,PMT-2025-00480
STL-2025-0481,TD-2025-0539,2025-04-08,PKR,235000000.00,235000000.00,SSI-044,"State Bank of Pakistan, Karachi",94-3530-684017,SBP-CA-0041-MBL,TS-020,TS-018,,PMT-2025-00481
STL-2025-0482,TD-2025-0542,2025-04-08,PKR,351000000.00,351000000.00,SSI-014,"Pinnacle Commercial Bank, Lahore",19-7670-466460,SBP-CA-0041-MBL,TS-017,TS-014,TS-019,PMT-2025-00482
STL-2025-0483,TD-2025-0544,2025-04-08,PKR,198000000.00,198000000.00,SSI-019,"Horizon Bank Limited, Karachi",60-9368-454127,SBP-CA-0041-MBL,TS-017,TS-018,,PMT-2025-00483
STL-2025-0484,TD-2025-0383,2025-04-09,USD,250000.00,70541175.00,SSI-025,"Citibank N.A., New York",29-1045-832339,NOSTRO-USD-CITI-3610044821,TS-018,TS-014,,PMT-2025-00484
STL-2025-0485,TD-2025-0535,2025-04-09,GBP,250000.00,88689225.00,SSI-018,"Barclays Bank PLC, London",95-5634-924243,NOSTRO-GBP-BARC-20551188,TS-020,TS-018,,PMT-2025-00485
STL-2025-0486,TD-2025-0537,2025-04-09,USD,450000.00,126575775.00,SSI-020,"Citibank N.A., New York",80-7629-754690,NOSTRO-USD-CITI-3610044821,TS-018,TS-014,,PMT-2025-00486
STL-2025-0487,TD-2025-0538,2025-04-09,USD,500000.00,140622350.00,SSI-005,"Citibank N.A., New York",92-4250-421831,NOSTRO-USD-CITI-3610044821,TS-018,TS-014,,PMT-2025-00487
STL-2025-0488,TD-2025-0540,2025-04-09,USD,150000.00,42186300.00,SSI-043,"Citibank N.A., New York",75-7585-670508,NOSTRO-USD-CITI-3610044821,TS-017,TS-014,,PMT-2025-00488
STL-2025-0489,TD-2025-0543,2025-04-09,PKR,447000000.00,447000000.00,SSI-044,"State Bank of Pakistan, Karachi",94-3530-684017,SBP-CA-0041-MBL,TS-017,TS-018,TS-014,PMT-2025-00489
STL-2025-0490,TD-2025-0545,2025-04-09,PKR,109000000.00,109000000.00,SSI-024,"Crescent Investment Bank, Karachi",58-1971-536721,SBP-CA-0041-MBL,TS-017,TS-014,,PMT-2025-00490
STL-2025-0491,TD-2025-0556,2025-04-09,PKR,119000000.00,119000000.00,SSI-024,"Crescent Investment Bank, Karachi",58-1971-536721,SBP-CA-0041-MBL,TS-017,TS-014,,PMT-2025-00491
STL-2025-0492,TD-2025-0390,2025-04-10,USD,450000.00,126912510.00,SSI-020,"Citibank N.A., New York",80-7629-754690,NOSTRO-USD-CITI-3610044821,TS-018,TS-014,,PMT-2025-00492
STL-2025-0493,TD-2025-0546,2025-04-10,GBP,275000.00,97194982.00,SSI-032,"Barclays Bank PLC, London",65-6871-254671,NOSTRO-GBP-BARC-20551188,TS-018,TS-014,,PMT-2025-00493
STL-2025-0494,TD-2025-0548,2025-04-10,USD,600000.00,168831120.00,SSI-025,"Citibank N.A., New York",29-1045-832339,NOSTRO-USD-CITI-3610044821,TS-020,TS-014,,PMT-2025-00494
STL-2025-0495,TD-2025-0549,2025-04-10,USD,700000.00,196957040.00,SSI-034,"Citibank N.A., New York",53-7950-420695,NOSTRO-USD-CITI-3610044821,TS-018,TS-014,,PMT-2025-00495
STL-2025-0496,TD-2025-0550,2025-04-10,USD,300000.00,84411480.00,SSI-020,"Citibank N.A., New York",80-7629-754690,NOSTRO-USD-CITI-3610044821,TS-020,TS-018,,PMT-2025-00496
STL-2025-0497,TD-2025-0554,2025-04-10,PKR,404000000.00,404000000.00,SSI-044,"State Bank of Pakistan, Karachi",94-3530-684017,SBP-CA-0041-MBL,TS-020,TS-014,TS-019,PMT-2025-00497
STL-2025-0498,TD-2025-0557,2025-04-10,PKR,103000000.00,103000000.00,SSI-029,"Apex Islamic Bank, Karachi",88-2018-373944,SBP-CA-0041-MBL,TS-018,TS-014,,PMT-2025-00498
STL-2025-0499,TD-2025-0406,2025-04-11,GBP,350000.00,124235335.00,SSI-032,"Barclays Bank PLC, London",65-6871-254671,NOSTRO-GBP-BARC-20551188,TS-018,TS-014,,PMT-2025-00499
STL-2025-0500,TD-2025-0551,2025-04-11,USD,150000.00,42124425.00,SSI-020,"Citibank N.A., New York",80-7629-754690,NOSTRO-USD-CITI-3610044821,TS-018,TS-014,,PMT-2025-00500
STL-2025-0501,TD-2025-0553,2025-04-11,EUR,725000.00,216386762.00,SSI-012,"Deutsche Bank AG, Frankfurt",60-2543-686225,NOSTRO-EUR-DB-70044120088,TS-018,TS-014,,PMT-2025-00501
STL-2025-0502,TD-2025-0555,2025-04-11,EUR,550000.00,164160755.00,SSI-031,"Deutsche Bank AG, Frankfurt",95-8691-308211,NOSTRO-EUR-DB-70044120088,TS-017,TS-014,,PMT-2025-00502
STL-2025-0503,TD-2025-0558,2025-04-11,PKR,628000000.00,628000000.00,SSI-044,"State Bank of Pakistan, Karachi",94-3530-684017,SBP-CA-0041-MBL,TS-017,TS-018,TS-014,PMT-2025-00503
STL-2025-0504,TD-2025-0560,2025-04-11,PKR,264000000.00,264000000.00,SSI-044,"State Bank of Pakistan, Karachi",94-3530-684017,SBP-CA-0041-MBL,TS-020,TS-014,TS-019,PMT-2025-00504
STL-2025-0505,TD-2025-0565,2025-04-11,PKR,271000000.00,271000000.00,SSI-042,"Cedar Commercial Bank, Karachi",17-5041-561255,SBP-CA-0041-MBL,TS-017,TS-018,TS-014,PMT-2025-00505
STL-2025-0506,TD-2025-0568,2025-04-11,PKR,95000000.00,95000000.00,SSI-014,"Pinnacle Commercial Bank, Lahore",19-7670-466460,SBP-CA-0041-MBL,TS-018,TS-014,,PMT-2025-00506
STL-2025-0507,TD-2025-0570,2025-04-11,PKR,76000000.00,76000000.00,SSI-019,"Horizon Bank Limited, Karachi",60-9368-454127,SBP-CA-0041-MBL,TS-018,TS-014,,PMT-2025-00507
STL-2025-0508,TD-2025-0061,2025-04-14,AED,2200000.00,170364700.00,SSI-011,"Emirates NBD, Dubai",88-6092-866330,NOSTRO-AED-ENBD-1019277440,TS-018,TS-014,,PMT-2025-00508
STL-2025-0509,TD-2025-0213,2025-04-14,EUR,125000.00,37166800.00,SSI-002,"Deutsche Bank AG, Frankfurt",12-4044-746137,NOSTRO-EUR-DB-70044120088,TS-017,TS-018,,PMT-2025-00509
STL-2025-0510,TD-2025-0222,2025-04-14,AED,1000000.00,77134100.00,SSI-039,"Emirates NBD, Dubai",41-7950-889291,NOSTRO-AED-ENBD-1019277440,TS-017,TS-014,,PMT-2025-00510
STL-2025-0511,TD-2025-0417,2025-04-14,USD,650000.00,183458925.00,SSI-034,"Citibank N.A., New York",53-7950-420695,NOSTRO-USD-CITI-3610044821,TS-020,TS-018,,PMT-2025-00511
STL-2025-0512,TD-2025-0561,2025-04-14,USD,250000.00,70255775.00,SSI-025,"Citibank N.A., New York",29-1045-832339,NOSTRO-USD-CITI-3610044821,TS-017,TS-018,,PMT-2025-00512
STL-2025-0513,TD-2025-0562,2025-04-14,USD,100000.00,28101850.00,SSI-005,"Citibank N.A., New York",92-4250-421831,NOSTRO-USD-CITI-3610044821,TS-018,TS-014,,PMT-2025-00513
STL-2025-0514,TD-2025-0563,2025-04-14,GBP,100000.00,35366550.00,SSI-018,"Barclays Bank PLC, London",95-5634-924243,NOSTRO-GBP-BARC-20551188,TS-017,TS-018,,PMT-2025-00514
STL-2025-0515,TD-2025-0566,2025-04-14,USD,150000.00,42153780.00,SSI-020,"Citibank N.A., New York",80-7629-754690,NOSTRO-USD-CITI-3610044821,TS-018,TS-014,,PMT-2025-00515
STL-2025-0516,TD-2025-0571,2025-04-15,EUR,550000.00,163623185.00,SSI-012,"Deutsche Bank AG, Frankfurt",60-2543-686225,NOSTRO-EUR-DB-70044120088,TS-018,TS-014,,PMT-2025-00516
STL-2025-0517,TD-2025-0078,2025-04-16,EUR,975000.00,290111250.00,SSI-031,"Deutsche Bank AG, Frankfurt",95-8691-308211,NOSTRO-EUR-DB-70044120088,TS-020,TS-014,TS-019,PMT-2025-00517
STL-2025-0518,TD-2025-0427,2025-04-16,GBP,350000.00,124185075.00,SSI-028,"Barclays Bank PLC, London",53-2312-730679,NOSTRO-GBP-BARC-20551188,TS-020,TS-014,,PMT-2025-00518
STL-2025-0519,TD-2025-0572,2025-04-16,USD,800000.00,224963200.00,SSI-005,"Citibank N.A., New York",92-4250-421831,NOSTRO-USD-CITI-3610044821,TS-017,TS-014,,PMT-2025-00519
STL-2025-0520,TD-2025-0573,2025-04-16,GBP,275000.00,97100328.00,SSI-008,"Barclays Bank PLC, London",42-1934-676049,NOSTRO-GBP-BARC-20551188,TS-017,TS-014,,PMT-2025-00520
STL-2025-0521,TD-2025-0574,2025-04-16,USD,300000.00,84375840.00,SSI-020,"Citibank N.A., New York",80-7629-754690,NOSTRO-USD-CITI-3610044821,TS-017,TS-014,,PMT-2025-00521
STL-2025-0522,TD-2025-0575,2025-04-16,PKR,245000000.00,245000000.00,SSI-044,"State Bank of Pakistan, Karachi",94-3530-684017,SBP-CA-0041-MBL,TS-017,TS-014,,PMT-2025-00522
STL-2025-0523,TD-2025-0581,2025-04-16,PKR,109000000.00,109000000.00,SSI-024,"Crescent Investment Bank, Karachi",58-1971-536721,SBP-CA-0041-MBL,TS-018,TS-014,,PMT-2025-00523
STL-2025-0524,TD-2025-0585,2025-04-16,PKR,61000000.00,61000000.00,SSI-014,"Pinnacle Commercial Bank, Lahore",19-7670-466460,SBP-CA-0041-MBL,TS-020,TS-018,,PMT-2025-00524
STL-2025-0525,TD-2025-0588,2025-04-16,PKR,136000000.00,136000000.00,SSI-019,"Horizon Bank Limited, Karachi",60-9368-454127,SBP-CA-0041-MBL,TS-018,TS-014,,PMT-2025-00525
STL-2025-0526,TD-2025-0576,2025-04-17,USD,200000.00,56306740.00,SSI-005,"Citibank N.A., New York",92-4250-421831,NOSTRO-USD-CITI-3610044821,TS-017,TS-018,,PMT-2025-00526
STL-2025-0527,TD-2025-0577,2025-04-17,AED,800000.00,61221360.00,SSI-001,"Emirates NBD, Dubai",57-4188-308939,NOSTRO-AED-ENBD-1019277440,TS-017,TS-014,,PMT-2025-00527
STL-2025-0528,TD-2025-0579,2025-04-17,USD,250000.00,70381500.00,SSI-025,"Citibank N.A., New York",29-1045-832339,NOSTRO-USD-CITI-3610044821,TS-018,TS-014,,PMT-2025-00528
STL-2025-0529,TD-2025-0580,2025-04-17,GBP,175000.00,62174105.00,SSI-003,"Barclays Bank PLC, London",35-6259-583573,NOSTRO-GBP-BARC-20551188,TS-018,TS-014,,PMT-2025-00529
STL-2025-0530,TD-2025-0583,2025-04-17,USD,300000.00,84459360.00,SSI-020,"Citibank N.A., New York",80-7629-754690,NOSTRO-USD-CITI-3610044821,TS-020,TS-018,,PMT-2025-00530
STL-2025-0531,TD-2025-0589,2025-04-17,PKR,211000000.00,211000000.00,SSI-044,"State Bank of Pakistan, Karachi",94-3530-684017,SBP-CA-0041-MBL,TS-017,TS-018,,PMT-2025-00531
STL-2025-0532,TD-2025-0595,2025-04-17,PKR,208000000.00,208000000.00,SSI-004,"Sterling Union Bank Limited, Karachi",63-3742-686415,SBP-CA-0041-MBL,TS-017,TS-014,,PMT-2025-00532
STL-2025-0533,TD-2025-0584,2025-04-18,USD,750000.00,210703725.00,SSI-030,"Citibank N.A., New York",21-9212-159767,NOSTRO-USD-CITI-3610044821,TS-018,TS-014,,PMT-2025-00533
STL-2025-0534,TD-2025-0586,2025-04-18,USD,100000.00,28093900.00,SSI-015,"Citibank N.A., New York",20-5693-842009,NOSTRO-USD-CITI-3610044821,TS-018,TS-014,,PMT-2025-00534
STL-2025-0535,TD-2025-0587,2025-04-18,AED,600000.00,45907260.00,SSI-026,"Emirates NBD, Dubai",95-4009-113756,NOSTRO-AED-ENBD-1019277440,TS-018,TS-014,,PMT-2025-00535
STL-2025-0536,TD-2025-0597,2025-04-18,PKR,347000000.00,347000000.00,SSI-004,"Sterling Union Bank Limited, Karachi",63-3742-686415,SBP-CA-0041-MBL,TS-017,TS-014,TS-019,PMT-2025-00536
STL-2025-0537,TD-2025-0600,2025-04-18,PKR,110000000.00,110000000.00,SSI-024,"Crescent Investment Bank, Karachi",58-1971-536721,SBP-CA-0041-MBL,TS-017,TS-018,,PMT-2025-00537
STL-2025-0538,TD-2025-0099,2025-04-21,USD,800000.00,227715680.00,SSI-030,"Citibank N.A., New York",21-9212-159767,NOSTRO-USD-CITI-3610044821,TS-017,TS-018,,PMT-2025-00538
STL-2025-0539,TD-2025-0263,2025-04-21,AED,3000000.00,231236700.00,SSI-016,"Emirates NBD, Dubai",66-5212-177681,NOSTRO-AED-ENBD-1019277440,TS-020,TS-018,,PMT-2025-00539
STL-2025-0540,TD-2025-0274,2025-04-21,USD,1000000.00,283042900.00,SSI-015,"Citibank N.A., New York",20-5693-842009,NOSTRO-USD-CITI-3610044821,TS-020,TS-014,TS-019,PMT-2025-00540
STL-2025-0541,TD-2025-0280,2025-04-21,GBP,525000.00,186226215.00,SSI-008,"Barclays Bank PLC, London",42-1934-676049,NOSTRO-GBP-BARC-20551188,TS-020,TS-018,,PMT-2025-00541
STL-2025-0542,TD-2025-0458,2025-04-21,USD,750000.00,211870500.00,SSI-043,"Citibank N.A., New York",75-7585-670508,NOSTRO-USD-CITI-3610044821,TS-017,TS-018,,PMT-2025-00542
STL-2025-0543,TD-2025-0591,2025-04-21,EUR,250000.00,74778600.00,SSI-017,"Deutsche Bank AG, Frankfurt",82-3509-764277,NOSTRO-EUR-DB-70044120088,TS-020,TS-018,,PMT-2025-00543
STL-2025-0544,TD-2025-0592,2025-04-21,USD,350000.00,98420315.00,SSI-015,"Citibank N.A., New York",20-5693-842009,NOSTRO-USD-CITI-3610044821,TS-018,TS-014,,PMT-2025-00544
STL-2025-0545,TD-2025-0593,2025-04-21,EUR,100000.00,29913330.00,SSI-017,"Deutsche Bank AG, Frankfurt",82-3509-764277,NOSTRO-EUR-DB-70044120088,TS-017,TS-014,,PMT-2025-00545
STL-2025-0546,TD-2025-0596,2025-04-21,AED,2900000.00,222217430.00,SSI-021,"Emirates NBD, Dubai",94-1863-761568,NOSTRO-AED-ENBD-1019277440,TS-017,TS-018,,PMT-2025-00546
STL-2025-0547,TD-2025-0599,2025-04-21,PKR,40000000.00,40000000.00,SSI-004,"Sterling Union Bank Limited, Karachi",63-3742-686415,SBP-CA-0041-MBL,TS-020,TS-018,,PMT-2025-00547
STL-2025-0548,TD-2025-0603,2025-04-21,PKR,214000000.00,214000000.00,SSI-014,"Pinnacle Commercial Bank, Lahore",19-7670-466460,SBP-CA-0041-MBL,TS-017,TS-014,,PMT-2025-00548
STL-2025-0549,TD-2025-0605,2025-04-21,PKR,40000000.00,40000000.00,SSI-004,"Sterling Union Bank Limited, Karachi",63-3742-686415,SBP-CA-0041-MBL,TS-020,TS-018,,PMT-2025-00549
STL-2025-0550,TD-2025-0606,2025-04-21,PKR,296000000.00,296000000.00,SSI-024,"Crescent Investment Bank, Karachi",58-1971-536721,SBP-CA-0041-MBL,TS-020,TS-018,TS-014,PMT-2025-00550
STL-2025-0551,TD-2025-0285,2025-04-22,AED,2400000.00,185345520.00,SSI-021,"Emirates NBD, Dubai",94-1863-761568,NOSTRO-AED-ENBD-1019277440,TS-020,TS-018,,PMT-2025-00551
STL-2025-0552,TD-2025-0598,2025-04-22,USD,150000.00,42177405.00,SSI-015,"Citibank N.A., New York",20-5693-842009,NOSTRO-USD-CITI-3610044821,TS-020,TS-018,,PMT-2025-00552
STL-2025-0553,TD-2025-0601,2025-04-22,USD,600000.00,168719880.00,SSI-010,"Citibank N.A., New York",71-8954-663127,NOSTRO-USD-CITI-3610044821,TS-018,TS-014,,PMT-2025-00553
STL-2025-0554,TD-2025-0602,2025-04-22,PKR,335000000.00,335000000.00,SSI-029,"Apex Islamic Bank, Karachi",88-2018-373944,SBP-CA-0041-MBL,TS-020,TS-014,TS-019,PMT-2025-00554
STL-2025-0555,TD-2025-0604,2025-04-22,PKR,127000000.00,127000000.00,SSI-019,"Horizon Bank Limited, Karachi",60-9368-454127,SBP-CA-0041-MBL,TS-020,TS-018,,PMT-2025-00555
STL-2025-0556,TD-2025-0478,2025-04-23,USD,500000.00,141243650.00,SSI-010,"Citibank N.A., New York",71-8954-663127,NOSTRO-USD-CITI-3610044821,TS-018,TS-014,,PMT-2025-00556
STL-2025-0557,TD-2025-0607,2025-04-23,EUR,375000.00,112098638.00,SSI-002,"Deutsche Bank AG, Frankfurt",12-4044-746137,NOSTRO-EUR-DB-70044120088,TS-020,TS-018,,PMT-2025-00557
STL-2025-0558,TD-2025-0611,2025-04-23,PKR,284000000.00,284000000.00,SSI-009,"Harbour National Bank, Karachi",92-4407-668235,SBP-CA-0041-MBL,TS-020,TS-018,TS-014,PMT-2025-00558
STL-2025-0559,TD-2025-0613,2025-04-23,PKR,302000000.00,302000000.00,SSI-014,"Pinnacle Commercial Bank, Lahore",19-7670-466460,SBP-CA-0041-MBL,TS-017,TS-018,TS-014,PMT-2025-00559
STL-2025-0560,TD-2025-0483,2025-04-24,USD,950000.00,268120305.00,SSI-030,"Citibank N.A., New York",21-9212-159767,NOSTRO-USD-CITI-3610044821,TS-020,TS-014,TS-019,PMT-2025-00560
STL-2025-0561,TD-2025-0488,2025-04-24,GBP,900000.00,320598090.00,SSI-008,"Barclays Bank PLC, London",42-1934-676049,NOSTRO-GBP-BARC-20551188,TS-020,TS-018,TS-014,PMT-2025-00561
STL-2025-0562,TD-2025-0491,2025-04-24,USD,500000.00,141092650.00,SSI-020,"Citibank N.A., New York",80-7629-754690,NOSTRO-USD-CITI-3610044821,TS-017,TS-018,,PMT-2025-00562
STL-2025-0563,TD-2025-0614,2025-04-24,USD,650000.00,182858910.00,SSI-005,"Citibank N.A., New York",92-4250-421831,NOSTRO-USD-CITI-3610044821,TS-020,TS-014,,PMT-2025-00563
STL-2025-0564,TD-2025-0616,2025-04-24,PKR,40000000.00,40000000.00,SSI-004,"Sterling Union Bank Limited, Karachi",63-3742-686415,SBP-CA-0041-MBL,TS-020,TS-018,,PMT-2025-00564
STL-2025-0565,TD-2025-0618,2025-04-24,PKR,72000000.00,72000000.00,SSI-042,"Cedar Commercial Bank, Karachi",17-5041-561255,SBP-CA-0041-MBL,TS-017,TS-018,,PMT-2025-00565
STL-2025-0566,TD-2025-0622,2025-04-24,PKR,40000000.00,40000000.00,SSI-004,"Sterling Union Bank Limited, Karachi",63-3742-686415,SBP-CA-0041-MBL,TS-017,TS-014,,PMT-2025-00566
STL-2025-0567,TD-2025-0500,2025-04-25,USD,1050000.00,296317560.00,SSI-010,"Citibank N.A., New York",71-8954-663127,NOSTRO-USD-CITI-3610044821,TS-018,TS-014,TS-019,PMT-2025-00567
STL-2025-0568,TD-2025-0615,2025-04-25,USD,300000.00,84415350.00,SSI-015,"Citibank N.A., New York",20-5693-842009,NOSTRO-USD-CITI-3610044821,TS-018,TS-014,,PMT-2025-00568
STL-2025-0569,TD-2025-0617,2025-04-25,EUR,175000.00,52509853.00,SSI-022,"Deutsche Bank AG, Frankfurt",31-9827-548185,NOSTRO-EUR-DB-70044120088,TS-020,TS-014,,PMT-2025-00569
STL-2025-0570,TD-2025-0619,2025-04-25,PKR,67000000.00,67000000.00,SSI-004,"Sterling Union Bank Limited, Karachi",63-3742-686415,SBP-CA-0041-MBL,TS-020,TS-014,,PMT-2025-00570
STL-2025-0571,TD-2025-0624,2025-04-25,PKR,73000000.00,73000000.00,SSI-019,"Horizon Bank Limited, Karachi",60-9368-454127,SBP-CA-0041-MBL,TS-017,TS-018,,PMT-2025-00571
STL-2025-0572,TD-2025-0629,2025-04-25,PKR,255000000.00,255000000.00,SSI-004,"Sterling Union Bank Limited, Karachi",63-3742-686415,SBP-CA-0041-MBL,TS-020,TS-018,TS-014,PMT-2025-00572
STL-2025-0573,TD-2025-0632,2025-04-25,PKR,311000000.00,311000000.00,SSI-042,"Cedar Commercial Bank, Karachi",17-5041-561255,SBP-CA-0041-MBL,TS-020,TS-014,TS-019,PMT-2025-00573
STL-2025-0574,TD-2025-0502,2025-04-28,USD,250000.00,70645150.00,SSI-015,"Citibank N.A., New York",20-5693-842009,NOSTRO-USD-CITI-3610044821,TS-017,TS-018,,PMT-2025-00574
STL-2025-0575,TD-2025-0508,2025-04-28,USD,700000.00,197973580.00,SSI-010,"Citibank N.A., New York",71-8954-663127,NOSTRO-USD-CITI-3610044821,TS-020,TS-018,,PMT-2025-00575
STL-2025-0576,TD-2025-0620,2025-04-28,GBP,600000.00,212817720.00,SSI-023,"Barclays Bank PLC, London",95-4243-715383,NOSTRO-GBP-BARC-20551188,TS-017,TS-018,,PMT-2025-00576
STL-2025-0577,TD-2025-0621,2025-04-28,USD,500000.00,140864450.00,SSI-010,"Citibank N.A., New York",71-8954-663127,NOSTRO-USD-CITI-3610044821,TS-017,TS-018,,PMT-2025-00577
STL-2025-0578,TD-2025-0623,2025-04-28,USD,350000.00,98599445.00,SSI-025,"Citibank N.A., New York",29-1045-832339,NOSTRO-USD-CITI-3610044821,TS-020,TS-014,,PMT-2025-00578
STL-2025-0579,TD-2025-0626,2025-04-28,GBP,225000.00,79812765.00,SSI-003,"Barclays Bank PLC, London",35-6259-583573,NOSTRO-GBP-BARC-20551188,TS-018,TS-014,,PMT-2025-00579
STL-2025-0580,TD-2025-0628,2025-04-28,PKR,247000000.00,247000000.00,SSI-044,"State Bank of Pakistan, Karachi",94-3530-684017,SBP-CA-0041-MBL,TS-018,TS-014,,PMT-2025-00580
STL-2025-0581,TD-2025-0633,2025-04-28,PKR,262000000.00,262000000.00,SSI-029,"Apex Islamic Bank, Karachi",88-2018-373944,SBP-CA-0041-MBL,TS-018,TS-014,TS-019,PMT-2025-00581
STL-2025-0582,TD-2025-0318,2025-04-29,USD,300000.00,85044750.00,SSI-005,"Citibank N.A., New York",92-4250-421831,NOSTRO-USD-CITI-3610044821,TS-020,TS-014,,PMT-2025-00582
STL-2025-0583,TD-2025-0630,2025-04-29,USD,300000.00,84382020.00,SSI-010,"Citibank N.A., New York",71-8954-663127,NOSTRO-USD-CITI-3610044821,TS-018,TS-014,,PMT-2025-00583
STL-2025-0584,TD-2025-0640,2025-04-29,PKR,279000000.00,279000000.00,SSI-019,"Horizon Bank Limited, Karachi",60-9368-454127,SBP-CA-0041-MBL,TS-017,TS-018,TS-014,PMT-2025-00584
STL-2025-0585,TD-2025-0644,2025-04-29,PKR,79000000.00,79000000.00,SSI-014,"Pinnacle Commercial Bank, Lahore",19-7670-466460,SBP-CA-0041-MBL,TS-018,TS-014,,PMT-2025-00585
STL-2025-0586,TD-2025-0634,2025-04-30,EUR,125000.00,37389662.00,SSI-017,"Deutsche Bank AG, Frankfurt",82-3509-764277,NOSTRO-EUR-DB-70044120088,TS-017,TS-014,,PMT-2025-00586
STL-2025-0587,TD-2025-0637,2025-04-30,USD,350000.00,98490665.00,SSI-034,"Citibank N.A., New York",53-7950-420695,NOSTRO-USD-CITI-3610044821,TS-020,TS-018,,PMT-2025-00587
STL-2025-0588,TD-2025-0639,2025-04-30,USD,100000.00,28140260.00,SSI-015,"Citibank N.A., New York",20-5693-842009,NOSTRO-USD-CITI-3610044821,TS-017,TS-014,,PMT-2025-00588
STL-2025-0589,TD-2025-0641,2025-04-30,USD,300000.00,84436080.00,SSI-005,"Citibank N.A., New York",92-4250-421831,NOSTRO-USD-CITI-3610044821,TS-020,TS-018,,PMT-2025-00589
STL-2025-0590,TD-2025-0642,2025-04-30,USD,350000.00,98504735.00,SSI-030,"Citibank N.A., New York",21-9212-159767,NOSTRO-USD-CITI-3610044821,TS-018,TS-014,,PMT-2025-00590
STL-2025-0591,TD-2025-0643,2025-04-30,EUR,275000.00,82261080.00,SSI-007,"Deutsche Bank AG, Frankfurt",58-9386-226774,NOSTRO-EUR-DB-70044120088,TS-018,TS-014,,PMT-2025-00591
STL-2025-0592,TD-2025-0648,2025-04-30,PKR,64000000.00,64000000.00,SSI-004,"Sterling Union Bank Limited, Karachi",63-3742-686415,SBP-CA-0041-MBL,TS-018,TS-014,,PMT-2025-00592
STL-2025-0593,TD-2025-0650,2025-04-30,PKR,221000000.00,221000000.00,SSI-029,"Apex Islamic Bank, Karachi",88-2018-373944,SBP-CA-0041-MBL,TS-017,TS-014,,PMT-2025-00593
STL-2025-0594,TD-2025-0651,2025-04-30,PKR,220000000.00,220000000.00,SSI-009,"Harbour National Bank, Karachi",92-4407-668235,SBP-CA-0041-MBL,TS-020,TS-014,,PMT-2025-00594
STL-2025-0595,TD-2025-0659,2025-04-30,PKR,226000000.00,226000000.00,SSI-019,"Horizon Bank Limited, Karachi",60-9368-454127,SBP-CA-0041-MBL,TS-018,TS-014,,PMT-2025-00595
STL-2025-0596,TD-2025-0161,2025-05-02,USD,400000.00,113863680.00,SSI-025,"Citibank N.A., New York",29-1045-832339,NOSTRO-USD-CITI-3610044821,TS-017,TS-018,,PMT-2025-00596
STL-2025-0597,TD-2025-0163,2025-05-02,USD,1100000.00,313109940.00,SSI-025,"Citibank N.A., New York",29-1045-832339,NOSTRO-USD-CITI-3610044821,TS-017,TS-014,TS-019,PMT-2025-00597
STL-2025-0598,TD-2025-0645,2025-05-02,USD,100000.00,28149150.00,SSI-020,"Citibank N.A., New York",80-7629-754690,NOSTRO-USD-CITI-3610044821,TS-018,TS-014,,PMT-2025-00598
STL-2025-0599,TD-2025-0647,2025-05-02,AED,1000000.00,76664400.00,SSI-016,"Emirates NBD, Dubai",66-5212-177681,NOSTRO-AED-ENBD-1019277440,TS-020,TS-018,,PMT-2025-00599
STL-2025-0600,TD-2025-0649,2025-05-02,GBP,100000.00,35443000.00,SSI-028,"Barclays Bank PLC, London",53-2312-730679,NOSTRO-GBP-BARC-20551188,TS-018,TS-014,,PMT-2025-00600
STL-2025-0601,TD-2025-0652,2025-05-02,USD,800000.00,225166880.00,SSI-030,"Citibank N.A., New York",21-9212-159767,NOSTRO-USD-CITI-3610044821,TS-020,TS-018,,PMT-2025-00601
STL-2025-0602,TD-2025-0653,2025-05-02,AED,500000.00,38335450.00,SSI-011,"Emirates NBD, Dubai",88-6092-866330,NOSTRO-AED-ENBD-1019277440,TS-020,TS-014,,PMT-2025-00602
STL-2025-0603,TD-2025-0658,2025-05-02,PKR,171000000.00,171000000.00,SSI-004,"Sterling Union Bank Limited, Karachi",63-3742-686415,SBP-CA-0041-MBL,TS-018,TS-014,,PMT-2025-00603
STL-2025-0604,TD-2025-0521,2025-05-05,USD,350000.00,99016120.00,SSI-010,"Citibank N.A., New York",71-8954-663127,NOSTRO-USD-CITI-3610044821,TS-020,TS-014,,PMT-2025-00604
STL-2025-0605,TD-2025-0528,2025-05-05,USD,500000.00,141136600.00,SSI-005,"Citibank N.A., New York",92-4250-421831,NOSTRO-USD-CITI-3610044821,TS-018,TS-014,,PMT-2025-00605
STL-2025-0606,TD-2025-0529,2025-05-05,EUR,450000.00,135224415.00,SSI-027,"Deutsche Bank AG, Frankfurt",33-6784-768037,NOSTRO-EUR-DB-70044120088,TS-017,TS-014,,PMT-2025-00606
STL-2025-0607,TD-2025-0657,2025-05-05,USD,100000.00,28183590.00,SSI-025,"Citibank N.A., New York",29-1045-832339,NOSTRO-USD-CITI-3610044821,TS-018,TS-014,,PMT-2025-00607
STL-2025-0608,TD-2025-0660,2025-05-05,USD,150000.00,42268530.00,SSI-015,"Citibank N.A., New York",20-5693-842009,NOSTRO-USD-CITI-3610044821,TS-018,TS-014,,PMT-2025-00608
STL-2025-0609,TD-2025-0662,2025-05-05,PKR,618000000.00,618000000.00,SSI-019,"Horizon Bank Limited, Karachi",60-9368-454127,SBP-CA-0041-MBL,TS-017,TS-018,TS-014,PMT-2025-00609
STL-2025-0610,TD-2025-0664,2025-05-05,PKR,526000000.00,526000000.00,SSI-044,"State Bank of Pakistan, Karachi",94-3530-684017,SBP-CA-0041-MBL,TS-017,TS-014,TS-019,PMT-2025-00610
STL-2025-0611,TD-2025-0667,2025-05-05,PKR,479000000.00,479000000.00,SSI-044,"State Bank of Pakistan, Karachi",94-3530-684017,SBP-CA-0041-MBL,TS-017,TS-018,TS-014,PMT-2025-00611
STL-2025-0612,TD-2025-0663,2025-05-06,USD,300000.00,84562410.00,SSI-030,"Citibank N.A., New York",21-9212-159767,NOSTRO-USD-CITI-3610044821,TS-020,TS-014,,PMT-2025-00612
STL-2025-0613,TD-2025-0666,2025-05-06,USD,150000.00,42290055.00,SSI-030,"Citibank N.A., New York",21-9212-159767,NOSTRO-USD-CITI-3610044821,TS-017,TS-014,,PMT-2025-00613
STL-2025-0614,TD-2025-0669,2025-05-06,PKR,112000000.00,112000000.00,SSI-004,"Sterling Union Bank Limited, Karachi",63-3742-686415,SBP-CA-0041-MBL,TS-017,TS-014,,PMT-2025-00614
STL-2025-0615,TD-2025-0671,2025-05-06,PKR,69000000.00,69000000.00,SSI-019,"Horizon Bank Limited, Karachi",60-9368-454127,SBP-CA-0041-MBL,TS-018,TS-014,,PMT-2025-00615
STL-2025-0616,TD-2025-0672,2025-05-06,PKR,269000000.00,269000000.00,SSI-044,"State Bank of Pakistan, Karachi",94-3530-684017,SBP-CA-0041-MBL,TS-020,TS-014,TS-019,PMT-2025-00616
STL-2025-0617,TD-2025-0675,2025-05-06,PKR,345000000.00,345000000.00,SSI-004,"Sterling Union Bank Limited, Karachi",63-3742-686415,SBP-CA-0041-MBL,TS-017,TS-014,TS-019,PMT-2025-00617
STL-2025-0618,TD-2025-0676,2025-05-06,PKR,260000000.00,260000000.00,SSI-019,"Horizon Bank Limited, Karachi",60-9368-454127,SBP-CA-0041-MBL,TS-017,TS-018,TS-014,PMT-2025-00618
STL-2025-0619,TD-2025-0677,2025-05-06,PKR,65000000.00,65000000.00,SSI-033,"Frontier Development Bank, Islamabad",63-4454-620448,SBP-CA-0041-MBL,TS-017,TS-018,,PMT-2025-00619
STL-2025-0620,TD-25-733,2025-05-06,USD,750000.00,211404675.00,SSI-010,"Citibank N.A., New York",71-8954-663127,NOSTRO-USD-CITI-3610044821,TS-017,TS-014,,PMT-2025-00620
STL-2025-0621,TD-2025-0673,2025-05-07,EUR,675000.00,202888598.00,SSI-012,"Deutsche Bank AG, Frankfurt",60-2543-686225,NOSTRO-EUR-DB-70044120088,TS-020,TS-014,,PMT-2025-00621
STL-2025-0622,TD-2025-0679,2025-05-07,PKR,40000000.00,40000000.00,SSI-033,"Frontier Development Bank, Islamabad",63-4454-620448,SBP-CA-0041-MBL,TS-017,TS-014,,PMT-2025-00622
STL-2025-0623,TD-2025-0683,2025-05-07,PKR,189000000.00,189000000.00,SSI-009,"Harbour National Bank, Karachi",92-4407-668235,SBP-CA-0041-MBL,TS-017,TS-018,,PMT-2025-00623
STL-2025-0624,TD-2025-0547,2025-05-08,USD,650000.00,183964235.00,SSI-043,"Citibank N.A., New York",75-7585-670508,NOSTRO-USD-CITI-3610044821,TS-018,TS-014,,PMT-2025-00624
STL-2025-0625,TD-2025-0674,2025-05-08,AED,1100000.00,84311260.00,SSI-026,"Emirates NBD, Dubai",95-4009-113756,NOSTRO-AED-ENBD-1019277440,TS-018,TS-014,,PMT-2025-00625
STL-2025-0626,TD-2025-0682,2025-05-08,PKR,234000000.00,234000000.00,SSI-009,"Harbour National Bank, Karachi",92-4407-668235,SBP-CA-0041-MBL,TS-020,TS-014,,PMT-2025-00626
STL-2025-0627,TD-2025-0684,2025-05-08,PKR,254000000.00,254000000.00,SSI-004,"Sterling Union Bank Limited, Karachi",63-3742-686415,SBP-CA-0041-MBL,TS-018,TS-014,TS-019,PMT-2025-00627
STL-2025-0628,TD-2025-0685,2025-05-08,PKR,570000000.00,570000000.00,SSI-019,"Horizon Bank Limited, Karachi",60-9368-454127,SBP-CA-0041-MBL,TS-018,TS-014,TS-019,PMT-2025-00628
STL-2025-0629,TD-2025-0690,2025-05-08,PKR,119000000.00,119000000.00,SSI-009,"Harbour National Bank, Karachi",92-4407-668235,SBP-CA-0041-MBL,TS-017,TS-014,,PMT-2025-00629
STL-2025-0630,TD-2025-0695,2025-05-08,PKR,93000000.00,93000000.00,SSI-014,"Pinnacle Commercial Bank, Lahore",19-7670-466460,SBP-CA-0041-MBL,TS-018,TS-014,,PMT-2025-00630
STL-2025-0631,TD-2025-0696,2025-05-08,PKR,40000000.00,40000000.00,SSI-004,"Sterling Union Bank Limited, Karachi",63-3742-686415,SBP-CA-0041-MBL,TS-020,TS-018,,PMT-2025-00631
STL-2025-0632,TD-2025-0681,2025-05-09,USD,850000.00,239619760.00,SSI-030,"Citibank N.A., New York",21-9212-159767,NOSTRO-USD-CITI-3610044821,TS-020,TS-018,,PMT-2025-00632
STL-2025-0633,TD-2025-0686,2025-05-09,EUR,225000.00,67728150.00,SSI-007,"Deutsche Bank AG, Frankfurt",58-9386-226774,NOSTRO-EUR-DB-70044120088,TS-018,TS-014,,PMT-2025-00633
STL-2025-0634,TD-2025-0687,2025-05-09,USD,700000.00,197296050.00,SSI-010,"Citibank N.A., New York",71-8954-663127,NOSTRO-USD-CITI-3610044821,TS-020,TS-014,,PMT-2025-00634
STL-2025-0635,TD-2025-0688,2025-05-09,AED,3000000.00,230347800.00,SSI-021,"Emirates NBD, Dubai",94-1863-761568,NOSTRO-AED-ENBD-1019277440,TS-017,TS-018,,PMT-2025-00635
STL-2025-0636,TD-2025-0698,2025-05-09,PKR,299000000.00,299000000.00,SSI-024,"Crescent Investment Bank, Karachi",58-1971-536721,SBP-CA-0041-MBL,TS-018,TS-014,TS-019,PMT-2025-00636
STL-2025-0637,TD-2025-0703,2025-05-09,PKR,40000000.00,40000000.00,SSI-004,"Sterling Union Bank Limited, Karachi",63-3742-686415,SBP-CA-0041-MBL,TS-020,TS-018,,PMT-2025-00637
STL-2025-0638,TD-2025-0198,2025-05-12,EUR,550000.00,164299465.00,SSI-040,"Deutsche Bank AG, Frankfurt",14-1122-373431,NOSTRO-EUR-DB-70044120088,TS-018,TS-014,,PMT-2025-00638
STL-2025-0639,TD-2025-0207,2025-05-12,USD,250000.00,71185150.00,SSI-015,"Citibank N.A., New York",20-5693-842009,NOSTRO-USD-CITI-3610044821,TS-018,TS-014,,PMT-2025-00639
STL-2025-0640,TD-2025-0411,2025-05-12,EUR,125000.00,37627612.00,SSI-002,"Deutsche Bank AG, Frankfurt",12-4044-746137,NOSTRO-EUR-DB-70044120088,TS-020,TS-018,,PMT-2025-00640
STL-2025-0641,TD-2025-0412,2025-05-12,USD,100000.00,28368910.00,SSI-025,"Citibank N.A., New York",29-1045-832339,NOSTRO-USD-CITI-3610044821,TS-017,TS-018,,PMT-2025-00641
STL-2025-0642,TD-2025-0559,2025-05-12,USD,750000.00,211999800.00,SSI-025,"Citibank N.A., New York",29-1045-832339,NOSTRO-USD-CITI-3610044821,TS-017,TS-014,,PMT-2025-00642
STL-2025-0643,TD-2025-0564,2025-05-12,USD,1150000.00,325047040.00,SSI-010,"Citibank N.A., New York",71-8954-663127,NOSTRO-USD-CITI-3610044821,TS-020,TS-018,TS-014,PMT-2025-00643
STL-2025-0644,TD-2025-0567,2025-05-12,USD,300000.00,84937710.00,SSI-043,"Citibank N.A., New York",75-7585-670508,NOSTRO-USD-CITI-3610044821,TS-018,TS-014,,PMT-2025-00644
STL-2025-0645,TD-2025-0691,2025-05-12,USD,200000.00,56336860.00,SSI-015,"Citibank N.A., New York",20-5693-842009,NOSTRO-USD-CITI-3610044821,TS-018,TS-014,,PMT-2025-00645
STL-2025-0646,TD-2025-0694,2025-05-12,USD,300000.00,84490200.00,SSI-005,"Citibank N.A., New York",92-4250-421831,NOSTRO-USD-CITI-3610044821,TS-017,TS-018,,PMT-2025-00646
STL-2025-0647,TD-2025-0707,2025-05-12,PKR,126000000.00,126000000.00,SSI-045,"Apex Islamic Bank, Karachi",58-3390-114772,SBP-CA-0041-MBL,TS-018,TS-014,,PMT-2025-00647
STL-2025-0648,TD-2025-0710,2025-05-12,PKR,40000000.00,40000000.00,SSI-004,"Sterling Union Bank Limited, Karachi",63-3742-686415,SBP-CA-0041-MBL,TS-018,TS-014,,PMT-2025-00648
STL-2025-0649,TD-2025-0711,2025-05-12,PKR,128000000.00,128000000.00,SSI-024,"Crescent Investment Bank, Karachi",58-1971-536721,SBP-CA-0041-MBL,TS-020,TS-018,,PMT-2025-00649
STL-2025-0650,TD-2025-0712,2025-05-12,PKR,182000000.00,182000000.00,SSI-014,"Pinnacle Commercial Bank, Lahore",19-7670-466460,SBP-CA-0041-MBL,TS-017,TS-014,,PMT-2025-00650
STL-2025-0651,TD-2025-0699,2025-05-13,USD,550000.00,155047475.00,SSI-025,"Citibank N.A., New York",29-1045-832339,NOSTRO-USD-CITI-3610044821,TS-018,TS-014,,PMT-2025-00651
STL-2025-0652,TD-2025-0700,2025-05-13,EUR,125000.00,37497988.00,SSI-027,"Deutsche Bank AG, Frankfurt",33-6784-768037,NOSTRO-EUR-DB-70044120088,TS-018,TS-014,,PMT-2025-00652
STL-2025-0653,TD-2025-0702,2025-05-13,USD,250000.00,70485850.00,SSI-020,"Citibank N.A., New York",80-7629-754690,NOSTRO-USD-CITI-3610044821,TS-020,TS-018,,PMT-2025-00653
STL-2025-0654,TD-2025-0705,2025-05-13,USD,100000.00,28193870.00,SSI-025,"Citibank N.A., New York",29-1045-832339,NOSTRO-USD-CITI-3610044821,TS-018,TS-014,,PMT-2025-00654
STL-2025-0655,TD-2025-0706,2025-05-13,PKR,343000000.00,343000000.00,SSI-014,"Pinnacle Commercial Bank, Lahore",19-7670-466460,SBP-CA-0041-MBL,TS-018,TS-014,TS-019,PMT-2025-00655
STL-2025-0656,TD-2025-0708,2025-05-13,PKR,121000000.00,121000000.00,SSI-009,"Harbour National Bank, Karachi",92-4407-668235,SBP-CA-0041-MBL,TS-020,TS-018,,PMT-2025-00656
STL-2025-0657,TD-2025-0713,2025-05-14,USD,450000.00,126900360.00,SSI-005,"Citibank N.A., New York",92-4250-421831,NOSTRO-USD-CITI-3610044821,TS-018,TS-014,,PMT-2025-00657
STL-2025-0658,TD-2025-0714,2025-05-14,PKR,478000000.00,478000000.00,SSI-044,"State Bank of Pakistan, Karachi",94-3530-684017,SBP-CA-0041-MBL,TS-020,TS-018,TS-014,PMT-2025-00658
STL-2025-0659,TD-2025-0716,2025-05-14,PKR,306000000.00,306000000.00,SSI-045,"Apex Islamic Bank, Karachi",58-3390-114772,SBP-CA-0041-MBL,TS-018,TS-014,TS-019,PMT-2025-00659
STL-2025-0660,TD-2025-0718,2025-05-14,PKR,462000000.00,462000000.00,SSI-044,"State Bank of Pakistan, Karachi",94-3530-684017,SBP-CA-0041-MBL,TS-018,TS-014,TS-019,PMT-2025-00660
STL-2025-0661,TD-2025-0721,2025-05-14,PKR,40000000.00,40000000.00,SSI-004,"Sterling Union Bank Limited, Karachi",63-3742-686415,SBP-CA-0041-MBL,TS-018,TS-014,,PMT-2025-00661
STL-2025-0662,TD-2025-0722,2025-05-14,PKR,319000000.00,319000000.00,SSI-044,"State Bank of Pakistan, Karachi",94-3530-684017,SBP-CA-0041-MBL,TS-017,TS-018,TS-014,PMT-2025-00662
STL-2025-0663,TD-2025-0725,2025-05-14,PKR,40000000.00,40000000.00,SSI-004,"Sterling Union Bank Limited, Karachi",63-3742-686415,SBP-CA-0041-MBL,TS-020,TS-014,,PMT-2025-00663
STL-2025-0664,TD-2025-0729,2025-05-14,PKR,40000000.00,40000000.00,SSI-004,"Sterling Union Bank Limited, Karachi",63-3742-686415,SBP-CA-0041-MBL,TS-018,TS-014,,PMT-2025-00664
STL-2025-0665,TD-2025-0732,2025-05-14,PKR,129000000.00,129000000.00,SSI-009,"Harbour National Bank, Karachi",92-4407-668235,SBP-CA-0041-MBL,TS-018,TS-014,,PMT-2025-00665
STL-2025-0666,TD-2025-0715,2025-05-15,USD,300000.00,84672330.00,SSI-020,"Citibank N.A., New York",80-7629-754690,NOSTRO-USD-CITI-3610044821,TS-020,TS-018,,PMT-2025-00666
STL-2025-0667,TD-2025-0717,2025-05-15,EUR,125000.00,37547538.00,SSI-040,"Deutsche Bank AG, Frankfurt",14-1122-373431,NOSTRO-EUR-DB-70044120088,TS-017,TS-014,,PMT-2025-00667
STL-2025-0668,TD-2025-0719,2025-05-15,USD,200000.00,56451800.00,SSI-043,"Citibank N.A., New York",75-7585-670508,NOSTRO-USD-CITI-3610044821,TS-017,TS-014,,PMT-2025-00668
STL-2025-0669,TD-2025-0720,2025-05-15,USD,250000.00,70556425.00,SSI-010,"Citibank N.A., New York",71-8954-663127,NOSTRO-USD-CITI-3610044821,TS-020,TS-018,,PMT-2025-00669
STL-2025-0670,TD-2025-0723,2025-05-15,GBP,100000.00,35637840.00,SSI-041,"Barclays Bank PLC, London",56-2024-194668,NOSTRO-GBP-BARC-20551188,TS-018,TS-014,,PMT-2025-00670
STL-2025-0671,TD-2025-0726,2025-05-15,PKR,588000000.00,588000000.00,SSI-044,"State Bank of Pakistan, Karachi",94-3530-684017,SBP-CA-0041-MBL,TS-020,TS-018,TS-014,PMT-2025-00671
STL-2025-0672,TD-2025-0728,2025-05-15,PKR,350000000.00,350000000.00,SSI-044,"State Bank of Pakistan, Karachi",94-3530-684017,SBP-CA-0041-MBL,TS-020,TS-018,TS-014,PMT-2025-00672
STL-2025-0673,TD-2025-0731,2025-05-15,PKR,40000000.00,40000000.00,SSI-004,"Sterling Union Bank Limited, Karachi",63-3742-686415,SBP-CA-0041-MBL,TS-017,TS-018,,PMT-2025-00673
STL-2025-0674,TD-2025-0734,2025-05-15,PKR,40000000.00,40000000.00,SSI-004,"Sterling Union Bank Limited, Karachi",63-3742-686415,SBP-CA-0041-MBL,TS-018,TS-014,,PMT-2025-00674
STL-2025-0675,TD-2025-0735,2025-05-15,PKR,397000000.00,397000000.00,SSI-044,"State Bank of Pakistan, Karachi",94-3530-684017,SBP-CA-0041-MBL,TS-020,TS-018,TS-014,PMT-2025-00675
STL-2025-0676,TD-2025-0737,2025-05-15,PKR,40000000.00,40000000.00,SSI-004,"Sterling Union Bank Limited, Karachi",63-3742-686415,SBP-CA-0041-MBL,TS-020,TS-014,,PMT-2025-00676
STL-2025-0677,TD-2025-0742,2025-05-15,PKR,40000000.00,40000000.00,SSI-004,"Sterling Union Bank Limited, Karachi",63-3742-686415,SBP-CA-0041-MBL,TS-017,TS-018,,PMT-2025-00677
STL-2025-0678,TD-2025-0743,2025-05-15,PKR,40000000.00,40000000.00,SSI-004,"Sterling Union Bank Limited, Karachi",63-3742-686415,SBP-CA-0041-MBL,TS-020,TS-018,,PMT-2025-00678
STL-2025-0679,TD-2025-0724,2025-05-16,USD,300000.00,84519120.00,SSI-015,"Citibank N.A., New York",20-5693-842009,NOSTRO-USD-CITI-3610044821,TS-017,TS-014,,PMT-2025-00679
STL-2025-0680,TD-2025-0730,2025-05-16,USD,150000.00,42257460.00,SSI-015,"Citibank N.A., New York",20-5693-842009,NOSTRO-USD-CITI-3610044821,TS-017,TS-018,,PMT-2025-00680
STL-2025-0681,TD-2025-0741,2025-05-16,PKR,182000000.00,182000000.00,SSI-019,"Horizon Bank Limited, Karachi",60-9368-454127,SBP-CA-0041-MBL,TS-018,TS-014,,PMT-2025-00681
STL-2025-0682,TD-2025-0746,2025-05-16,PKR,121000000.00,121000000.00,SSI-009,"Harbour National Bank, Karachi",92-4407-668235,SBP-CA-0041-MBL,TS-017,TS-014,,PMT-2025-00682
STL-2025-0683,TD-2025-0747,2025-05-16,PKR,103000000.00,103000000.00,SSI-042,"Cedar Commercial Bank, Karachi",17-5041-561255,SBP-CA-0041-MBL,TS-017,TS-018,,PMT-2025-00683
STL-2025-0684,TD-2025-0750,2025-05-16,PKR,84000000.00,84000000.00,SSI-024,"Crescent Investment Bank, Karachi",58-1971-536721,SBP-CA-0041-MBL,TS-018,TS-014,,PMT-2025-00684
STL-2025-0685,TD-2025-0754,2025-05-16,PKR,40000000.00,40000000.00,SSI-004,"Sterling Union Bank Limited, Karachi",63-3742-686415,SBP-CA-0041-MBL,TS-018,TS-014,,PMT-2025-00685
STL-2025-0686,TD-2025-0755,2025-05-16,PKR,86000000.00,86000000.00,SSI-024,"Crescent Investment Bank, Karachi",58-1971-536721,SBP-CA-0041-MBL,TS-020,TS-014,,PMT-2025-00686
STL-2025-0687,TD-2025-0431,2025-05-19,USD,300000.00,85130970.00,SSI-015,"Citibank N.A., New York",20-5693-842009,NOSTRO-USD-CITI-3610044821,TS-018,TS-014,,PMT-2025-00687
STL-2025-0688,TD-2025-0438,2025-05-19,USD,350000.00,99279250.00,SSI-005,"Citibank N.A., New York",92-4250-421831,NOSTRO-USD-CITI-3610044821,TS-017,TS-018,,PMT-2025-00688
STL-2025-0689,TD-2025-0445,2025-05-19,USD,650000.00,184376530.00,SSI-005,"Citibank N.A., New York",92-4250-421831,NOSTRO-USD-CITI-3610044821,TS-018,TS-014,,PMT-2025-00689
STL-2025-0690,TD-2025-0462,2025-05-19,USD,1050000.00,298388790.00,SSI-020,"Citibank N.A., New York",80-7629-754690,NOSTRO-USD-CITI-3610044821,TS-018,TS-014,TS-019,PMT-2025-00690
STL-2025-0691,TD-2025-0590,2025-05-19,USD,600000.00,169711020.00,SSI-020,"Citibank N.A., New York",80-7629-754690,NOSTRO-USD-CITI-3610044821,TS-018,TS-014,,PMT-2025-00691
STL-2025-0692,TD-2025-0594,2025-05-19,USD,200000.00,56568480.00,SSI-005,"Citibank N.A., New York",92-4250-421831,NOSTRO-USD-CITI-3610044821,TS-018,TS-014,,PMT-2025-00692
STL-2025-0693,TD-2025-0736,2025-05-19,USD,750000.00,211428375.00,SSI-020,"Citibank N.A., New York",80-7629-754690,NOSTRO-USD-CITI-3610044821,TS-020,TS-014,,PMT-2025-00693
STL-2025-0694,TD-2025-0738,2025-05-19,USD,150000.00,42287130.00,SSI-043,"Citibank N.A., New York",75-7585-670508,NOSTRO-USD-CITI-3610044821,TS-017,TS-018,,PMT-2025-00694
STL-2025-0695,TD-2025-0739,2025-05-19,AED,400000.00,30696600.00,SSI-011,"Emirates NBD, Dubai",88-6092-866330,NOSTRO-AED-ENBD-1019277440,TS-018,TS-014,,PMT-2025-00695
STL-2025-0696,TD-2025-0744,2025-05-19,USD,400000.00,112765440.00,SSI-043,"Citibank N.A., New York",75-7585-670508,NOSTRO-USD-CITI-3610044821,TS-020,TS-018,,PMT-2025-00696
STL-2025-0697,TD-2025-0751,2025-05-19,PKR,456000000.00,456000000.00,SSI-044,"State Bank of Pakistan, Karachi",94-3530-684017,SBP-CA-0041-MBL,TS-020,TS-018,TS-014,PMT-2025-00697
STL-2025-0698,TD-2025-0753,2025-05-19,PKR,40000000.00,40000000.00,SSI-004,"Sterling Union Bank Limited, Karachi",63-3742-686415,SBP-CA-0041-MBL,TS-017,TS-014,,PMT-2025-00698
STL-2025-0699,TD-2025-0756,2025-05-19,PKR,480000000.00,480000000.00,SSI-044,"State Bank of Pakistan, Karachi",94-3530-684017,SBP-CA-0041-MBL,TS-020,TS-018,TS-014,PMT-2025-00699
STL-2025-0700,TD-2025-0760,2025-05-19,PKR,87000000.00,87000000.00,SSI-019,"Horizon Bank Limited, Karachi",60-9368-454127,SBP-CA-0041-MBL,TS-018,TS-014,,PMT-2025-00700
STL-2025-0701,TD-2025-0264,2025-05-20,USD,250000.00,71207675.00,SSI-030,"Citibank N.A., New York",21-9212-159767,NOSTRO-USD-CITI-3610044821,TS-020,TS-014,,PMT-2025-00701
STL-2025-0702,TD-2025-0748,2025-05-20,USD,200000.00,56401140.00,SSI-005,"Citibank N.A., New York",92-4250-421831,NOSTRO-USD-CITI-3610044821,TS-020,TS-014,,PMT-2025-00702
STL-2025-0703,TD-2025-0759,2025-05-20,PKR,456000000.00,456000000.00,SSI-044,"State Bank of Pakistan, Karachi",94-3530-684017,SBP-CA-0041-MBL,TS-020,TS-018,TS-014,PMT-2025-00703
STL-2025-0704,TD-2025-0762,2025-05-20,PKR,90000000.00,90000000.00,SSI-019,"Horizon Bank Limited, Karachi",60-9368-454127,SBP-CA-0041-MBL,TS-020,TS-014,,PMT-2025-00704
STL-2025-0705,TD-2025-0767,2025-05-20,PKR,121000000.00,121000000.00,SSI-019,"Horizon Bank Limited, Karachi",60-9368-454127,SBP-CA-0041-MBL,TS-020,TS-018,,PMT-2025-00705
STL-2025-0706,TD-2025-0769,2025-05-20,PKR,92000000.00,92000000.00,SSI-009,"Harbour National Bank, Karachi",92-4407-668235,SBP-CA-0041-MBL,TS-018,TS-014,,PMT-2025-00706
STL-2025-0707,TD-2025-0770,2025-05-20,PKR,219000000.00,219000000.00,SSI-019,"Horizon Bank Limited, Karachi",60-9368-454127,SBP-CA-0041-MBL,TS-017,TS-018,,PMT-2025-00707
STL-2025-0708,TD-2025-0757,2025-05-21,USD,100000.00,28202020.00,SSI-010,"Citibank N.A., New York",71-8954-663127,NOSTRO-USD-CITI-3610044821,TS-020,TS-018,,PMT-2025-00708
STL-2025-0709,TD-2025-0758,2025-05-21,EUR,825000.00,249522652.00,SSI-007,"Deutsche Bank AG, Frankfurt",58-9386-226774,NOSTRO-EUR-DB-70044120088,TS-018,TS-014,,PMT-2025-00709
STL-2025-0710,TD-2025-0761,2025-05-21,EUR,300000.00,90735180.00,SSI-012,"Deutsche Bank AG, Frankfurt",60-2543-686225,NOSTRO-EUR-DB-70044120088,TS-018,TS-014,,PMT-2025-00710
STL-2025-0711,TD-2025-0763,2025-05-21,AED,900000.00,69220170.00,SSI-001,"Emirates NBD, Dubai",57-4188-308939,NOSTRO-AED-ENBD-1019277440,TS-020,TS-014,,PMT-2025-00711
STL-2025-0712,TD-2025-0768,2025-05-21,PKR,385000000.00,385000000.00,SSI-044,"State Bank of Pakistan, Karachi",94-3530-684017,SBP-CA-0041-MBL,TS-020,TS-014,TS-019,PMT-2025-00712
STL-2025-0713,TD-2025-0772,2025-05-21,PKR,40000000.00,40000000.00,SSI-004,"Sterling Union Bank Limited, Karachi",63-3742-686415,SBP-CA-0041-MBL,TS-020,TS-014,,PMT-2025-00713
STL-2025-0714,TD-2025-0609,2025-05-22,EUR,475000.00,143501395.00,SSI-002,"Deutsche Bank AG, Frankfurt",12-4044-746137,NOSTRO-EUR-DB-70044120088,TS-018,TS-014,,PMT-2025-00714
STL-2025-0715,TD-2025-0610,2025-05-22,USD,300000.00,84886680.00,SSI-020,"Citibank N.A., New York",80-7629-754690,NOSTRO-USD-CITI-3610044821,TS-020,TS-014,,PMT-2025-00715
STL-2025-0716,TD-2025-0764,2025-05-22,USD,300000.00,84672570.00,SSI-015,"Citibank N.A., New York",20-5693-842009,NOSTRO-USD-CITI-3610044821,TS-020,TS-018,,PMT-2025-00716
STL-2025-0717,TD-2025-0765,2025-05-22,USD,350000.00,98785855.00,SSI-030,"Citibank N.A., New York",21-9212-159767,NOSTRO-USD-CITI-3610044821,TS-018,TS-014,,PMT-2025-00717
STL-2025-0718,TD-2025-0771,2025-05-22,EUR,475000.00,143499210.00,SSI-002,"Deutsche Bank AG, Frankfurt",12-4044-746137,NOSTRO-EUR-DB-70044120088,TS-018,TS-014,,PMT-2025-00718
STL-2025-0719,TD-2025-0778,2025-05-22,PKR,101000000.00,101000000.00,SSI-024,"Crescent Investment Bank, Karachi",58-1971-536721,SBP-CA-0041-MBL,TS-020,TS-018,,PMT-2025-00719
STL-2025-0720,TD-2025-0779,2025-05-22,PKR,187000000.00,187000000.00,SSI-014,"Pinnacle Commercial Bank, Lahore",19-7670-466460,SBP-CA-0041-MBL,TS-020,TS-018,,PMT-2025-00720
STL-2025-0721,TD-2025-0787,2025-05-22,PKR,40000000.00,40000000.00,SSI-004,"Sterling Union Bank Limited, Karachi",63-3742-686415,SBP-CA-0041-MBL,TS-020,TS-014,,PMT-2025-00721
STL-2025-0722,TD-2025-0773,2025-05-23,USD,250000.00,70562825.00,SSI-043,"Citibank N.A., New York",75-7585-670508,NOSTRO-USD-CITI-3610044821,TS-018,TS-014,,PMT-2025-00722
STL-2025-0723,TD-2025-0774,2025-05-23,USD,100000.00,28224290.00,SSI-020,"Citibank N.A., New York",80-7629-754690,NOSTRO-USD-CITI-3610044821,TS-020,TS-014,,PMT-2025-00723
STL-2025-0724,TD-2025-0775,2025-05-23,GBP,125000.00,44662362.00,SSI-003,"Barclays Bank PLC, London",35-6259-583573,NOSTRO-GBP-BARC-20551188,TS-020,TS-018,,PMT-2025-00724
STL-2025-0725,TD-2025-0776,2025-05-23,USD,550000.00,155213135.00,SSI-015,"Citibank N.A., New York",20-5693-842009,NOSTRO-USD-CITI-3610044821,TS-017,TS-014,,PMT-2025-00725
STL-2025-0726,TD-2025-0780,2025-05-23,PKR,95000000.00,95000000.00,SSI-045,"Apex Islamic Bank, Karachi",58-3390-114772,SBP-CA-0041-MBL,TS-020,TS-014,,PMT-2025-00726
STL-2025-0727,TD-2025-0781,2025-05-23,PKR,89000000.00,89000000.00,SSI-004,"Sterling Union Bank Limited, Karachi",63-3742-686415,SBP-CA-0041-MBL,TS-020,TS-018,,PMT-2025-00727
STL-2025-0728,TD-2025-0783,2025-05-23,PKR,40000000.00,40000000.00,SSI-004,"Sterling Union Bank Limited, Karachi",63-3742-686415,SBP-CA-0041-MBL,TS-018,TS-014,,PMT-2025-00728
STL-2025-0729,TD-2025-0789,2025-05-23,PKR,40000000.00,40000000.00,SSI-004,"Sterling Union Bank Limited, Karachi",63-3742-686415,SBP-CA-0041-MBL,TS-020,TS-018,,PMT-2025-00729
STL-2025-0730,TD-2025-0625,2025-05-26,GBP,125000.00,44605275.00,SSI-018,"Barclays Bank PLC, London",95-5634-924243,NOSTRO-GBP-BARC-20551188,TS-018,TS-014,,PMT-2025-00730
STL-2025-0731,TD-2025-0777,2025-05-26,AED,1700000.00,130826560.00,SSI-001,"Emirates NBD, Dubai",57-4188-308939,NOSTRO-AED-ENBD-1019277440,TS-018,TS-014,,PMT-2025-00731
STL-2025-0732,TD-2025-0784,2025-05-26,AED,1500000.00,115455900.00,SSI-006,"Emirates NBD, Dubai",91-2794-316752,NOSTRO-AED-ENBD-1019277440,TS-017,TS-014,,PMT-2025-00732
STL-2025-0733,TD-2025-0786,2025-05-26,USD,300000.00,84770160.00,SSI-020,"Citibank N.A., New York",80-7629-754690,NOSTRO-USD-CITI-3610044821,TS-018,TS-014,,PMT-2025-00733
STL-2025-0734,TD-2025-0792,2025-05-26,PKR,254000000.00,254000000.00,SSI-014,"Pinnacle Commercial Bank, Lahore",19-7670-466460,SBP-CA-0041-MBL,TS-020,TS-014,TS-019,PMT-2025-00734
STL-2025-0735,TD-2025-0793,2025-05-26,PKR,114000000.00,114000000.00,SSI-004,"Sterling Union Bank Limited, Karachi",63-3742-686415,SBP-CA-0041-MBL,TS-020,TS-018,,PMT-2025-00735
STL-2025-0736,TD-2025-0796,2025-05-26,PKR,40000000.00,40000000.00,SSI-004,"Sterling Union Bank Limited, Karachi",63-3742-686415,SBP-CA-0041-MBL,TS-020,TS-014,,PMT-2025-00736
STL-2025-0737,TD-2025-0798,2025-05-26,PKR,229000000.00,229000000.00,SSI-014,"Pinnacle Commercial Bank, Lahore",19-7670-466460,SBP-CA-0041-MBL,TS-020,TS-018,,PMT-2025-00737
STL-2025-0738,TD-2025-0790,2025-05-27,GBP,75000.00,26717408.00,SSI-023,"Barclays Bank PLC, London",95-4243-715383,NOSTRO-GBP-BARC-20551188,TS-020,TS-018,,PMT-2025-00738
STL-2025-0739,TD-2025-0791,2025-05-27,USD,100000.00,28220200.00,SSI-005,"Citibank N.A., New York",92-4250-421831,NOSTRO-USD-CITI-3610044821,TS-020,TS-018,,PMT-2025-00739
STL-2025-0740,TD-2025-0794,2025-05-27,USD,400000.00,112891640.00,SSI-005,"Citibank N.A., New York",92-4250-421831,NOSTRO-USD-CITI-3610044821,TS-020,TS-018,,PMT-2025-00740
STL-2025-0741,TD-2025-0309,2025-05-28,USD,200000.00,57035960.00,SSI-043,"Citibank N.A., New York",75-7585-670508,NOSTRO-USD-CITI-3610044821,TS-020,TS-014,,PMT-2025-00741
STL-2025-0742,TD-2025-0316,2025-05-28,USD,950000.00,270919100.00,SSI-005,"Citibank N.A., New York",92-4250-421831,NOSTRO-USD-CITI-3610044821,TS-018,TS-014,TS-019,PMT-2025-00742
STL-2025-0743,TD-2025-0635,2025-05-28,USD,650000.00,183979055.00,SSI-010,"Citibank N.A., New York",71-8954-663127,NOSTRO-USD-CITI-3610044821,TS-017,TS-018,,PMT-2025-00743
STL-2025-0744,TD-2025-0636,2025-05-28,USD,350000.00,99078035.00,SSI-015,"Citibank N.A., New York",20-5693-842009,NOSTRO-USD-CITI-3610044821,TS-020,TS-018,,PMT-2025-00744
STL-2025-0745,TD-2025-0795,2025-05-28,USD,350000.00,98775075.00,SSI-015,"Citibank N.A., New York",20-5693-842009,NOSTRO-USD-CITI-3610044821,TS-018,TS-014,,PMT-2025-00745
STL-2025-0746,TD-2025-0797,2025-05-28,GBP,125000.00,44608300.00,SSI-008,"Barclays Bank PLC, London",42-1934-676049,NOSTRO-GBP-BARC-20551188,TS-017,TS-018,,PMT-2025-00746
STL-2025-0747,TD-2025-0800,2025-05-28,PKR,40000000.00,40000000.00,SSI-004,"Sterling Union Bank Limited, Karachi",63-3742-686415,SBP-CA-0041-MBL,TS-018,TS-014,,PMT-2025-00747
STL-2025-0748,TD-2025-0802,2025-05-28,PKR,40000000.00,40000000.00,SSI-004,"Sterling Union Bank Limited, Karachi",63-3742-686415,SBP-CA-0041-MBL,TS-020,TS-014,,PMT-2025-00748
STL-2025-0749,TD-2025-0815,2025-05-28,PKR,209000000.00,209000000.00,SSI-019,"Horizon Bank Limited, Karachi",60-9368-454127,SBP-CA-0041-MBL,TS-017,TS-018,,PMT-2025-00749
STL-2025-0750,TD-2025-0321,2025-05-29,USD,800000.00,228117760.00,SSI-025,"Citibank N.A., New York",29-1045-832339,NOSTRO-USD-CITI-3610044821,TS-018,TS-014,,PMT-2025-00750
STL-2025-0751,TD-2025-0799,2025-05-29,USD,550000.00,155145485.00,SSI-043,"Citibank N.A., New York",75-7585-670508,NOSTRO-USD-CITI-3610044821,TS-020,TS-014,,PMT-2025-00751
STL-2025-0752,TD-2025-0801,2025-05-29,AED,1100000.00,84667770.00,SSI-016,"Emirates NBD, Dubai",66-5212-177681,NOSTRO-AED-ENBD-1019277440,TS-020,TS-018,,PMT-2025-00752
STL-2025-0753,TD-2025-0803,2025-05-29,GBP,250000.00,89043025.00,SSI-018,"Barclays Bank PLC, London",95-5634-924243,NOSTRO-GBP-BARC-20551188,TS-020,TS-018,,PMT-2025-00753
STL-2025-0754,TD-2025-0804,2025-05-29,GBP,125000.00,44521825.00,SSI-023,"Barclays Bank PLC, London",95-4243-715383,NOSTRO-GBP-BARC-20551188,TS-018,TS-014,,PMT-2025-00754
STL-2025-0755,TD-2025-0810,2025-05-29,PKR,113000000.00,113000000.00,SSI-009,"Harbour National Bank, Karachi",92-4407-668235,SBP-CA-0041-MBL,TS-017,TS-014,,PMT-2025-00755
STL-2025-0756,TD-2025-0811,2025-05-29,PKR,163000000.00,163000000.00,SSI-009,"Harbour National Bank, Karachi",92-4407-668235,SBP-CA-0041-MBL,TS-018,TS-014,,PMT-2025-00756
STL-2025-0757,TD-2025-0805,2025-05-30,AED,500000.00,38443950.00,SSI-011,"Emirates NBD, Dubai",88-6092-866330,NOSTRO-AED-ENBD-1019277440,TS-017,TS-018,,PMT-2025-00757
STL-2025-0758,TD-2025-0808,2025-05-30,USD,650000.00,183421095.00,SSI-005,"Citibank N.A., New York",92-4250-421831,NOSTRO-USD-CITI-3610044821,TS-018,TS-014,,PMT-2025-00758
STL-2025-0759,TD-2025-0809,2025-05-30,USD,200000.00,56443360.00,SSI-005,"Citibank N.A., New York",92-4250-421831,NOSTRO-USD-CITI-3610044821,TS-020,TS-018,,PMT-2025-00759
STL-2025-0760,TD-2025-0814,2025-05-30,GBP,325000.00,115955028.00,SSI-013,"Barclays Bank PLC, London",22-6864-186796,NOSTRO-GBP-BARC-20551188,TS-020,TS-018,,PMT-2025-00760
STL-2025-0761,TD-2025-0819,2025-05-30,PKR,227000000.00,227000000.00,SSI-019,"Horizon Bank Limited, Karachi",60-9368-454127,SBP-CA-0041-MBL,TS-020,TS-014,,PMT-2025-00761
STL-2025-0762,TD-2025-0821,2025-05-30,PKR,228000000.00,228000000.00,SSI-045,"Apex Islamic Bank, Karachi",58-3390-114772,SBP-CA-0041-MBL,TS-018,TS-014,,PMT-2025-00762
STL-2025-0763,TD-2025-0825,2025-05-30,PKR,40000000.00,40000000.00,SSI-004,"Sterling Union Bank Limited, Karachi",63-3742-686415,SBP-CA-0041-MBL,TS-020,TS-018,,PMT-2025-00763
STL-2025-0764,TD-2025-0830,2025-05-30,PKR,158000000.00,158000000.00,SSI-045,"Apex Islamic Bank, Karachi",58-3390-114772,SBP-CA-0041-MBL,TS-018,TS-014,,PMT-2025-00764
STL-2025-0765,TD-2025-0665,2025-06-02,EUR,675000.00,204302452.00,SSI-002,"Deutsche Bank AG, Frankfurt",12-4044-746137,NOSTRO-EUR-DB-70044120088,TS-018,TS-014,,PMT-2025-00765
STL-2025-0766,TD-2025-0817,2025-06-02,USD,200000.00,56477760.00,SSI-015,"Citibank N.A., New York",20-5693-842009,NOSTRO-USD-CITI-3610044821,TS-018,TS-014,,PMT-2025-00766
STL-2025-0767,TD-2025-0820,2025-06-02,USD,150000.00,42363045.00,SSI-020,"Citibank N.A., New York",80-7629-754690,NOSTRO-USD-CITI-3610044821,TS-017,TS-018,,PMT-2025-00767
STL-2025-0768,TD-2025-0824,2025-06-02,USD,750000.00,211789875.00,SSI-020,"Citibank N.A., New York",80-7629-754690,NOSTRO-USD-CITI-3610044821,TS-020,TS-018,,PMT-2025-00768
STL-2025-0769,TD-2025-0829,2025-06-02,PKR,40000000.00,40000000.00,SSI-004,"Sterling Union Bank Limited, Karachi",63-3742-686415,SBP-CA-0041-MBL,TS-020,TS-014,,PMT-2025-00769
STL-2025-0770,TD-2025-0834,2025-06-02,PKR,113000000.00,113000000.00,SSI-042,"Cedar Commercial Bank, Karachi",17-5041-561255,SBP-CA-0041-MBL,TS-020,TS-018,,PMT-2025-00770
STL-2025-0771,TD-2025-0827,2025-06-03,USD,300000.00,84786060.00,SSI-030,"Citibank N.A., New York",21-9212-159767,NOSTRO-USD-CITI-3610044821,TS-018,TS-014,,PMT-2025-00771
STL-2025-0772,TD-2025-0828,2025-06-03,USD,300000.00,84781290.00,SSI-005,"Citibank N.A., New York",92-4250-421831,NOSTRO-USD-CITI-3610044821,TS-018,TS-014,,PMT-2025-00772
STL-2025-0773,TD-2025-0831,2025-06-03,GBP,600000.00,213953640.00,SSI-003,"Barclays Bank PLC, London",35-6259-583573,NOSTRO-GBP-BARC-20551188,TS-018,TS-014,,PMT-2025-00773
STL-2025-0774,TD-2025-0832,2025-06-03,USD,150000.00,42392760.00,SSI-015,"Citibank N.A., New York",20-5693-842009,NOSTRO-USD-CITI-3610044821,TS-018,TS-014,,PMT-2025-00774
STL-2025-0775,TD-2025-0833,2025-06-03,PKR,349000000.00,349000000.00,SSI-044,"State Bank of Pakistan, Karachi",94-3530-684017,SBP-CA-0041-MBL,TS-018,TS-014,TS-019,PMT-2025-00775
STL-2025-0776,TD-2025-0835,2025-06-03,PKR,343000000.00,343000000.00,SSI-044,"State Bank of Pakistan, Karachi",94-3530-684017,SBP-CA-0041-MBL,TS-020,TS-014,TS-019,PMT-2025-00776
STL-2025-0777,TD-2025-0837,2025-06-03,PKR,121000000.00,121000000.00,SSI-045,"Apex Islamic Bank, Karachi",58-3390-114772,SBP-CA-0041-MBL,TS-017,TS-018,,PMT-2025-00777
STL-2025-0778,TD-2025-0840,2025-06-03,PKR,40000000.00,40000000.00,SSI-004,"Sterling Union Bank Limited, Karachi",63-3742-686415,SBP-CA-0041-MBL,TS-020,TS-018,,PMT-2025-00778
STL-2025-0779,TD-2025-0842,2025-06-03,PKR,236000000.00,236000000.00,SSI-044,"State Bank of Pakistan, Karachi",94-3530-684017,SBP-CA-0041-MBL,TS-020,TS-018,,PMT-2025-00779
STL-2025-0780,TD-2025-0844,2025-06-03,PKR,91000000.00,91000000.00,SSI-045,"Apex Islamic Bank, Karachi",58-3390-114772,SBP-CA-0041-MBL,TS-017,TS-014,,PMT-2025-00780
STL-2025-0781,TD-2025-0847,2025-06-03,PKR,200000000.00,200000000.00,SSI-019,"Horizon Bank Limited, Karachi",60-9368-454127,SBP-CA-0041-MBL,TS-017,TS-018,,PMT-2025-00781
STL-2025-0782,TD-2025-0848,2025-06-03,PKR,416000000.00,416000000.00,SSI-044,"State Bank of Pakistan, Karachi",94-3530-684017,SBP-CA-0041-MBL,TS-017,TS-014,TS-019,PMT-2025-00782
STL-2025-0783,TD-2025-0849,2025-06-03,PKR,123000000.00,123000000.00,SSI-014,"Pinnacle Commercial Bank, Lahore",19-7670-466460,SBP-CA-0041-MBL,TS-018,TS-014,,PMT-2025-00783
STL-2025-0784,TD-2025-0850,2025-06-03,PKR,40000000.00,40000000.00,SSI-004,"Sterling Union Bank Limited, Karachi",63-3742-686415,SBP-CA-0041-MBL,TS-017,TS-014,,PMT-2025-00784
STL-2025-0785,TD-2025-0857,2025-06-03,PKR,129000000.00,129000000.00,SSI-019,"Horizon Bank Limited, Karachi",60-9368-454127,SBP-CA-0041-MBL,TS-018,TS-014,,PMT-2025-00785
STL-2025-0786,TD-2025-0836,2025-06-04,GBP,200000.00,71470100.00,SSI-018,"Barclays Bank PLC, London",95-5634-924243,NOSTRO-GBP-BARC-20551188,TS-020,TS-014,,PMT-2025-00786
STL-2025-0787,TD-2025-0839,2025-06-04,AED,3300000.00,254202300.00,SSI-001,"Emirates NBD, Dubai",57-4188-308939,NOSTRO-AED-ENBD-1019277440,TS-020,TS-014,TS-019,PMT-2025-00787
STL-2025-0788,TD-2025-0841,2025-06-04,USD,100000.00,28246160.00,SSI-025,"Citibank N.A., New York",29-1045-832339,NOSTRO-USD-CITI-3610044821,TS-018,TS-014,,PMT-2025-00788
STL-2025-0789,TD-2025-0845,2025-06-04,USD,100000.00,28249800.00,SSI-025,"Citibank N.A., New York",29-1045-832339,NOSTRO-USD-CITI-3610044821,TS-018,TS-014,,PMT-2025-00789
STL-2025-0790,TD-2025-0846,2025-06-04,USD,250000.00,70624575.00,SSI-005,"Citibank N.A., New York",92-4250-421831,NOSTRO-USD-CITI-3610044821,TS-017,TS-018,,PMT-2025-00790
STL-2025-0791,TD-2025-0855,2025-06-04,PKR,398000000.00,398000000.00,SSI-044,"State Bank of Pakistan, Karachi",94-3530-684017,SBP-CA-0041-MBL,TS-020,TS-018,TS-014,PMT-2025-00791
STL-2025-0792,TD-2025-0859,2025-06-04,PKR,440000000.00,440000000.00,SSI-044,"State Bank of Pakistan, Karachi",94-3530-684017,SBP-CA-0041-MBL,TS-017,TS-014,TS-019,PMT-2025-00792
STL-2025-0793,TD-2025-0860,2025-06-04,PKR,40000000.00,40000000.00,SSI-004,"Sterling Union Bank Limited, Karachi",63-3742-686415,SBP-CA-0041-MBL,TS-017,TS-018,,PMT-2025-00793
STL-2025-0794,TD-2025-0863,2025-06-04,PKR,40000000.00,40000000.00,SSI-004,"Sterling Union Bank Limited, Karachi",63-3742-686415,SBP-CA-0041-MBL,TS-017,TS-014,,PMT-2025-00794
STL-2025-0795,TD-2025-0852,2025-06-05,AED,700000.00,53873400.00,SSI-021,"Emirates NBD, Dubai",94-1863-761568,NOSTRO-AED-ENBD-1019277440,TS-020,TS-014,,PMT-2025-00795
STL-2025-0796,TD-2025-0853,2025-06-05,USD,500000.00,141446200.00,SSI-005,"Citibank N.A., New York",92-4250-421831,NOSTRO-USD-CITI-3610044821,TS-018,TS-014,,PMT-2025-00796
STL-2025-0797,TD-2025-0854,2025-06-05,EUR,200000.00,60673020.00,SSI-017,"Deutsche Bank AG, Frankfurt",82-3509-764277,NOSTRO-EUR-DB-70044120088,TS-020,TS-018,,PMT-2025-00797
STL-2025-0798,TD-2025-0856,2025-06-05,USD,300000.00,84873960.00,SSI-005,"Citibank N.A., New York",92-4250-421831,NOSTRO-USD-CITI-3610044821,TS-017,TS-018,,PMT-2025-00798
STL-2025-0799,TD-2025-0858,2025-06-05,USD,250000.00,70732100.00,SSI-030,"Citibank N.A., New York",21-9212-159767,NOSTRO-USD-CITI-3610044821,TS-018,TS-014,,PMT-2025-00799
STL-2025-0800,TD-2025-0868,2025-06-05,PKR,40000000.00,40000000.00,SSI-004,"Sterling Union Bank Limited, Karachi",63-3742-686415,SBP-CA-0041-MBL,TS-018,TS-014,,PMT-2025-00800
STL-2025-0801,TD-2025-0393,2025-06-11,USD,500000.00,142732050.00,SSI-025,"Citibank N.A., New York",29-1045-832339,NOSTRO-USD-CITI-3610044821,TS-017,TS-018,,PMT-2025-00801
STL-2025-0802,TD-2025-0552,2025-06-11,GBP,325000.00,116663398.00,SSI-013,"Barclays Bank PLC, London",22-6864-186796,NOSTRO-GBP-BARC-20551188,TS-018,TS-014,,PMT-2025-00802
STL-2025-0803,TD-2025-0680,2025-06-11,USD,300000.00,85056450.00,SSI-020,"Citibank N.A., New York",80-7629-754690,NOSTRO-USD-CITI-3610044821,TS-020,TS-014,,PMT-2025-00803
STL-2025-0804,TD-2025-0689,2025-06-11,USD,750000.00,212592975.00,SSI-005,"Citibank N.A., New York",92-4250-421831,NOSTRO-USD-CITI-3610044821,TS-020,TS-018,,PMT-2025-00804
STL-2025-0805,TD-2025-0701,2025-06-11,USD,950000.00,269356920.00,SSI-005,"Citibank N.A., New York",92-4250-421831,NOSTRO-USD-CITI-3610044821,TS-020,TS-018,TS-014,PMT-2025-00805
STL-2025-0806,TD-2025-0704,2025-06-11,AED,2400000.00,185275200.00,SSI-021,"Emirates NBD, Dubai",94-1863-761568,NOSTRO-AED-ENBD-1019277440,TS-018,TS-014,,PMT-2025-00806
STL-2025-0807,TD-2025-0864,2025-06-11,USD,150000.00,42419130.00,SSI-030,"Citibank N.A., New York",21-9212-159767,NOSTRO-USD-CITI-3610044821,TS-018,TS-014,,PMT-2025-00807
STL-2025-0808,TD-2025-0865,2025-06-11,GBP,225000.00,80470125.00,SSI-008,"Barclays Bank PLC, London",42-1934-676049,NOSTRO-GBP-BARC-20551188,TS-017,TS-014,,PMT-2025-00808
STL-2025-0809,TD-2025-0866,2025-06-11,GBP,125000.00,44708438.00,SSI-013,"Barclays Bank PLC, London",22-6864-186796,NOSTRO-GBP-BARC-20551188,TS-020,TS-014,,PMT-2025-00809
STL-2025-0810,TD-2025-0869,2025-06-11,PKR,350000000.00,350000000.00,SSI-019,"Horizon Bank Limited, Karachi",60-9368-454127,SBP-CA-0041-MBL,TS-017,TS-014,TS-019,PMT-2025-00810
STL-2025-0811,TD-2025-0878,2025-06-11,PKR,233000000.00,233000000.00,SSI-014,"Pinnacle Commercial Bank, Lahore",19-7670-466460,SBP-CA-0041-MBL,TS-017,TS-018,,PMT-2025-00811
STL-2025-0812,TD-2025-0870,2025-06-12,USD,100000.00,28287000.00,SSI-015,"Citibank N.A., New York",20-5693-842009,NOSTRO-USD-CITI-3610044821,TS-020,TS-014,,PMT-2025-00812
STL-2025-0813,TD-2025-0871,2025-06-12,USD,200000.00,56582340.00,SSI-020,"Citibank N.A., New York",80-7629-754690,NOSTRO-USD-CITI-3610044821,TS-017,TS-018,,PMT-2025-00813
STL-2025-0814,TD-2025-0872,2025-06-12,USD,300000.00,84857460.00,SSI-015,"Citibank N.A., New York",20-5693-842009,NOSTRO-USD-CITI-3610044821,TS-020,TS-018,,PMT-2025-00814
STL-2025-0815,TD-2025-0873,2025-06-12,PKR,508000000.00,508000000.00,SSI-044,"State Bank of Pakistan, Karachi",94-3530-684017,SBP-CA-0041-MBL,TS-020,TS-018,TS-014,PMT-2025-00815
STL-2025-0816,TD-2025-0874,2025-06-12,PKR,191000000.00,191000000.00,SSI-024,"Crescent Investment Bank, Karachi",58-1971-536721,SBP-CA-0041-MBL,TS-020,TS-014,,PMT-2025-00816
STL-2025-0817,TD-2025-0881,2025-06-12,PKR,346000000.00,346000000.00,SSI-044,"State Bank of Pakistan, Karachi",94-3530-684017,SBP-CA-0041-MBL,TS-018,TS-014,TS-019,PMT-2025-00817
STL-2025-0818,TD-2025-0882,2025-06-12,PKR,145000000.00,145000000.00,SSI-009,"Harbour National Bank, Karachi",92-4407-668235,SBP-CA-0041-MBL,TS-020,TS-018,,PMT-2025-00818
STL-2025-0819,TD-2025-0892,2025-06-12,PKR,569000000.00,569000000.00,SSI-004,"Sterling Union Bank Limited, Karachi",63-3742-686415,SBP-CA-0041-MBL,TS-018,TS-014,TS-019,PMT-2025-00819
STL-2025-0820,TD-2025-0727,2025-06-13,USD,550000.00,155811590.00,SSI-015,"Citibank N.A., New York",20-5693-842009,NOSTRO-USD-CITI-3610044821,TS-017,TS-014,,PMT-2025-00820
STL-2025-0821,TD-2025-0733,2025-06-13,GBP,375000.00,134277712.00,SSI-013,"Barclays Bank PLC, London",22-6864-186796,NOSTRO-GBP-BARC-20551188,TS-020,TS-018,,PMT-2025-00821
STL-2025-0822,TD-2025-0876,2025-06-13,USD,250000.00,70744425.00,SSI-015,"Citibank N.A., New York",20-5693-842009,NOSTRO-USD-CITI-3610044821,TS-018,TS-014,,PMT-2025-00822
STL-2025-0823,TD-2025-0877,2025-06-13,USD,200000.00,56581580.00,SSI-025,"Citibank N.A., New York",29-1045-832339,NOSTRO-USD-CITI-3610044821,TS-020,TS-014,,PMT-2025-00823
STL-2025-0824,TD-2025-0880,2025-06-13,USD,200000.00,56583200.00,SSI-025,"Citibank N.A., New York",29-1045-832339,NOSTRO-USD-CITI-3610044821,TS-018,TS-014,,PMT-2025-00824
STL-2025-0825,TD-2025-0883,2025-06-13,USD,450000.00,127335465.00,SSI-025,"Citibank N.A., New York",29-1045-832339,NOSTRO-USD-CITI-3610044821,TS-017,TS-014,,PMT-2025-00825
STL-2025-0826,TD-2025-0886,2025-06-13,PKR,471000000.00,471000000.00,SSI-044,"State Bank of Pakistan, Karachi",94-3530-684017,SBP-CA-0041-MBL,TS-017,TS-014,TS-019,PMT-2025-00826
STL-2025-0827,TD-2025-0887,2025-06-13,PKR,537000000.00,537000000.00,SSI-044,"State Bank of Pakistan, Karachi",94-3530-684017,SBP-CA-0041-MBL,TS-018,TS-014,TS-019,PMT-2025-00827
STL-2025-0828,TD-2025-0898,2025-06-13,PKR,298000000.00,298000000.00,SSI-009,"Harbour National Bank, Karachi",92-4407-668235,SBP-CA-0041-MBL,TS-020,TS-018,TS-014,PMT-2025-00828
STL-2025-0829,TD-2025-0903,2025-06-13,PKR,108000000.00,108000000.00,SSI-004,"Sterling Union Bank Limited, Karachi",63-3742-686415,SBP-CA-0041-MBL,TS-020,TS-018,,PMT-2025-00829
STL-2025-0830,TD-2025-0578,2025-06-16,USD,550000.00,156644730.00,SSI-020,"Citibank N.A., New York",80-7629-754690,NOSTRO-USD-CITI-3610044821,TS-018,TS-014,,PMT-2025-00830
STL-2025-0831,TD-2025-0582,2025-06-16,USD,1100000.00,313295180.00,SSI-020,"Citibank N.A., New York",80-7629-754690,NOSTRO-USD-CITI-3610044821,TS-017,TS-014,TS-019,PMT-2025-00831
STL-2025-0832,TD-2025-0745,2025-06-16,USD,100000.00,28349230.00,SSI-030,"Citibank N.A., New York",21-9212-159767,NOSTRO-USD-CITI-3610044821,TS-020,TS-014,,PMT-2025-00832
STL-2025-0833,TD-2025-0749,2025-06-16,EUR,575000.00,174697248.00,SSI-007,"Deutsche Bank AG, Frankfurt",58-9386-226774,NOSTRO-EUR-DB-70044120088,TS-018,TS-014,,PMT-2025-00833
STL-2025-0834,TD-2025-0752,2025-06-16,USD,500000.00,141793050.00,SSI-005,"Citibank N.A., New York",92-4250-421831,NOSTRO-USD-CITI-3610044821,TS-018,TS-014,,PMT-2025-00834
STL-2025-0835,TD-2025-0889,2025-06-16,EUR,150000.00,45472530.00,SSI-027,"Deutsche Bank AG, Frankfurt",33-6784-768037,NOSTRO-EUR-DB-70044120088,TS-017,TS-018,,PMT-2025-00835
STL-2025-0836,TD-2025-0890,2025-06-16,AED,600000.00,46222320.00,SSI-021,"Emirates NBD, Dubai",94-1863-761568,NOSTRO-AED-ENBD-1019277440,TS-017,TS-018,,PMT-2025-00836
STL-2025-0837,TD-2025-0895,2025-06-16,PKR,625000000.00,625000000.00,SSI-044,"State Bank of Pakistan, Karachi",94-3530-684017,SBP-CA-0041-MBL,TS-018,TS-014,TS-019,PMT-2025-00837
STL-2025-0838,TD-2025-0899,2025-06-16,PKR,129000000.00,129000000.00,SSI-024,"Crescent Investment Bank, Karachi",58-1971-536721,SBP-CA-0041-MBL,TS-017,TS-018,,PMT-2025-00838
STL-2025-0839,TD-2025-0904,2025-06-16,PKR,415000000.00,415000000.00,SSI-044,"State Bank of Pakistan, Karachi",94-3530-684017,SBP-CA-0041-MBL,TS-018,TS-014,TS-019,PMT-2025-00839
STL-2025-0840,TD-2025-0909,2025-06-16,PKR,310000000.00,310000000.00,SSI-009,"Harbour National Bank, Karachi",92-4407-668235,SBP-CA-0041-MBL,TS-017,TS-014,TS-019,PMT-2025-00840
STL-2025-0841,TD-2025-0910,2025-06-16,PKR,111000000.00,111000000.00,SSI-014,"Pinnacle Commercial Bank, Lahore",19-7670-466460,SBP-CA-0041-MBL,TS-017,TS-018,,PMT-2025-00841
STL-2025-0842,TD-2025-0911,2025-06-16,PKR,245000000.00,245000000.00,SSI-042,"Cedar Commercial Bank, Karachi",17-5041-561255,SBP-CA-0041-MBL,TS-017,TS-014,,PMT-2025-00842
STL-2025-0843,TD-2025-0912,2025-06-16,PKR,79000000.00,79000000.00,SSI-009,"Harbour National Bank, Karachi",92-4407-668235,SBP-CA-0041-MBL,TS-020,TS-014,,PMT-2025-00843
STL-2025-0844,TD-2025-0897,2025-06-17,USD,150000.00,42460950.00,SSI-020,"Citibank N.A., New York",80-7629-754690,NOSTRO-USD-CITI-3610044821,TS-020,TS-014,,PMT-2025-00844
STL-2025-0845,TD-2025-0900,2025-06-17,EUR,600000.00,182280660.00,SSI-007,"Deutsche Bank AG, Frankfurt",58-9386-226774,NOSTRO-EUR-DB-70044120088,TS-018,TS-014,,PMT-2025-00845
STL-2025-0846,TD-2025-0901,2025-06-17,USD,550000.00,155680085.00,SSI-015,"Citibank N.A., New York",20-5693-842009,NOSTRO-USD-CITI-3610044821,TS-018,TS-014,,PMT-2025-00846
STL-2025-0847,TD-2025-0906,2025-06-17,PKR,102000000.00,102000000.00,SSI-019,"Horizon Bank Limited, Karachi",60-9368-454127,SBP-CA-0041-MBL,TS-018,TS-014,,PMT-2025-00847
STL-2025-0848,TD-2025-0908,2025-06-17,PKR,576000000.00,576000000.00,SSI-044,"State Bank of Pakistan, Karachi",94-3530-684017,SBP-CA-0041-MBL,TS-018,TS-014,TS-019,PMT-2025-00848
STL-2025-0849,TD-2025-0919,2025-06-17,PKR,344000000.00,344000000.00,SSI-014,"Pinnacle Commercial Bank, Lahore",19-7670-466460,SBP-CA-0041-MBL,TS-017,TS-018,TS-014,PMT-2025-00849
STL-2025-0850,TD-2025-0920,2025-06-17,PKR,64000000.00,64000000.00,SSI-014,"Pinnacle Commercial Bank, Lahore",19-7670-466460,SBP-CA-0041-MBL,TS-017,TS-014,,PMT-2025-00850
STL-2025-0851,TD-2025-0905,2025-06-18,USD,350000.00,98930720.00,SSI-030,"Citibank N.A., New York",21-9212-159767,NOSTRO-USD-CITI-3610044821,TS-017,TS-014,,PMT-2025-00851
STL-2025-0852,TD-2025-0907,2025-06-18,EUR,200000.00,60779760.00,SSI-002,"Deutsche Bank AG, Frankfurt",12-4044-746137,NOSTRO-EUR-DB-70044120088,TS-020,TS-018,,PMT-2025-00852
STL-2025-0853,TD-2025-0914,2025-06-18,USD,700000.00,197828890.00,SSI-005,"Citibank N.A., New York",92-4250-421831,NOSTRO-USD-CITI-3610044821,TS-020,TS-014,,PMT-2025-00853
STL-2025-0854,TD-2025-0917,2025-06-18,PKR,340000000.00,340000000.00,SSI-044,"State Bank of Pakistan, Karachi",94-3530-684017,SBP-CA-0041-MBL,TS-017,TS-014,TS-019,PMT-2025-00854
STL-2025-0855,TD-2025-0918,2025-06-18,PKR,416000000.00,416000000.00,SSI-014,"Pinnacle Commercial Bank, Lahore",19-7670-466460,SBP-CA-0041-MBL,TS-018,TS-014,TS-019,PMT-2025-00855
STL-2025-0856,TD-2025-0922,2025-06-18,PKR,258000000.00,258000000.00,SSI-042,"Cedar Commercial Bank, Karachi",17-5041-561255,SBP-CA-0041-MBL,TS-018,TS-014,TS-019,PMT-2025-00856
STL-2025-0857,TD-2025-0928,2025-06-18,PKR,187000000.00,187000000.00,SSI-024,"Crescent Investment Bank, Karachi",58-1971-536721,SBP-CA-0041-MBL,TS-020,TS-014,,PMT-2025-00857
STL-2025-0859,TD-2025-0472,2025-06-19,USD,650000.00,185636295.00,SSI-030,"Citibank N.A., New York",21-9212-159767,NOSTRO-USD-CITI-3610044821,TS-018,TS-014,,PMT-2025-00859
STL-2025-0860,TD-2025-0476,2025-06-19,USD,550000.00,157103045.00,SSI-005,"Citibank N.A., New York",92-4250-421831,NOSTRO-USD-CITI-3610044821,TS-017,TS-018,,PMT-2025-00860
STL-2025-0861,TD-2025-0766,2025-06-19,EUR,850000.00,258540930.00,SSI-002,"Deutsche Bank AG, Frankfurt",12-4044-746137,NOSTRO-EUR-DB-70044120088,TS-017,TS-014,TS-019,PMT-2025-00861
STL-2025-0862,TD-2025-0915,2025-06-19,USD,250000.00,70748375.00,SSI-025,"Citibank N.A., New York",29-1045-832339,NOSTRO-USD-CITI-3610044821,TS-018,TS-014,,PMT-2025-00862
STL-2025-0863,TD-2025-0921,2025-06-19,EUR,250000.00,75919600.00,SSI-017,"Deutsche Bank AG, Frankfurt",82-3509-764277,NOSTRO-EUR-DB-70044120088,TS-020,TS-018,,PMT-2025-00863
STL-2025-0864,TD-2025-0923,2025-06-19,PKR,127000000.00,127000000.00,SSI-009,"Harbour National Bank, Karachi",92-4407-668235,SBP-CA-0041-MBL,TS-018,TS-014,,PMT-2025-00864
STL-2025-0865,TD-2025-0931,2025-06-19,PKR,63000000.00,63000000.00,SSI-014,"Pinnacle Commercial Bank, Lahore",19-7670-466460,SBP-CA-0041-MBL,TS-018,TS-014,,PMT-2025-00865
STL-2025-0866,TD-2025-0935,2025-06-19,PKR,154000000.00,154000000.00,SSI-009,"Harbour National Bank, Karachi",92-4407-668235,SBP-CA-0041-MBL,TS-020,TS-018,,PMT-2025-00866
STL-2025-0867,TD-2025-0938,2025-06-19,PKR,218000000.00,218000000.00,SSI-019,"Horizon Bank Limited, Karachi",60-9368-454127,SBP-CA-0041-MBL,TS-020,TS-014,,PMT-2025-00867
STL-2025-0868,TD-2025-0924,2025-06-20,USD,300000.00,84833010.00,SSI-015,"Citibank N.A., New York",20-5693-842009,NOSTRO-USD-CITI-3610044821,TS-018,TS-014,,PMT-2025-00868
STL-2025-0869,TD-2025-0925,2025-06-20,USD,450000.00,127250685.00,SSI-020,"Citibank N.A., New York",80-7629-754690,NOSTRO-USD-CITI-3610044821,TS-017,TS-014,,PMT-2025-00869
STL-2025-0870,TD-2025-0926,2025-06-20,USD,300000.00,84826860.00,SSI-005,"Citibank N.A., New York",92-4250-421831,NOSTRO-USD-CITI-3610044821,TS-018,TS-014,,PMT-2025-00870
STL-2025-0871,TD-2025-0927,2025-06-20,AED,600000.00,46189620.00,SSI-021,"Emirates NBD, Dubai",94-1863-761568,NOSTRO-AED-ENBD-1019277440,TS-018,TS-014,,PMT-2025-00871
STL-2025-0872,TD-2025-0934,2025-06-20,PKR,544000000.00,544000000.00,SSI-044,"State Bank of Pakistan, Karachi",94-3530-684017,SBP-CA-0041-MBL,TS-018,TS-014,TS-019,PMT-2025-00872
STL-2025-0873,TD-2025-0936,2025-06-20,PKR,106000000.00,106000000.00,SSI-004,"Sterling Union Bank Limited, Karachi",63-3742-686415,SBP-CA-0041-MBL,TS-017,TS-014,,PMT-2025-00873
STL-2025-0874,TD-2025-0937,2025-06-20,PKR,40000000.00,40000000.00,SSI-004,"Sterling Union Bank Limited, Karachi",63-3742-686415,SBP-CA-0041-MBL,TS-018,TS-014,,PMT-2025-00874
STL-2025-0875,TD-2025-0940,2025-06-20,PKR,220000000.00,220000000.00,SSI-004,"Sterling Union Bank Limited, Karachi",63-3742-686415,SBP-CA-0041-MBL,TS-018,TS-014,,PMT-2025-00875
STL-2025-0876,TD-2025-0947,2025-06-20,PKR,40000000.00,40000000.00,SSI-004,"Sterling Union Bank Limited, Karachi",63-3742-686415,SBP-CA-0041-MBL,TS-018,TS-014,,PMT-2025-00876
STL-2025-0877,TD-2025-0486,2025-06-23,USD,150000.00,42838710.00,SSI-015,"Citibank N.A., New York",20-5693-842009,NOSTRO-USD-CITI-3610044821,TS-018,TS-014,,PMT-2025-00877
STL-2025-0878,TD-2025-0608,2025-06-23,USD,750000.00,213460875.00,SSI-030,"Citibank N.A., New York",21-9212-159767,NOSTRO-USD-CITI-3610044821,TS-018,TS-014,,PMT-2025-00878
STL-2025-0879,TD-2025-0785,2025-06-23,USD,250000.00,71037225.00,SSI-030,"Citibank N.A., New York",21-9212-159767,NOSTRO-USD-CITI-3610044821,TS-020,TS-014,,PMT-2025-00879
STL-2025-0880,TD-2025-0929,2025-06-23,EUR,450000.00,136981170.00,SSI-002,"Deutsche Bank AG, Frankfurt",12-4044-746137,NOSTRO-EUR-DB-70044120088,TS-020,TS-014,,PMT-2025-00880
STL-2025-0881,TD-2025-0932,2025-06-23,USD,850000.00,240468485.00,SSI-020,"Citibank N.A., New York",80-7629-754690,NOSTRO-USD-CITI-3610044821,TS-017,TS-018,,PMT-2025-00881
STL-2025-0882,TD-2025-0942,2025-06-23,PKR,205000000.00,205000000.00,SSI-044,"State Bank of Pakistan, Karachi",94-3530-684017,SBP-CA-0041-MBL,TS-020,TS-014,,PMT-2025-00882
STL-2025-0883,TD-2025-0945,2025-06-23,PKR,208000000.00,208000000.00,SSI-044,"State Bank of Pakistan, Karachi",94-3530-684017,SBP-CA-0041-MBL,TS-018,TS-014,,PMT-2025-00883
STL-2025-0884,TD-2025-0954,2025-06-23,PKR,84000000.00,84000000.00,SSI-024,"Crescent Investment Bank, Karachi",58-1971-536721,SBP-CA-0041-MBL,TS-020,TS-018,,PMT-2025-00884
STL-2025-0885,TD-2025-0498,2025-06-24,EUR,700000.00,212183650.00,SSI-017,"Deutsche Bank AG, Frankfurt",82-3509-764277,NOSTRO-EUR-DB-70044120088,TS-020,TS-018,,PMT-2025-00885
STL-2025-0886,TD-2025-0631,2025-06-24,GBP,125000.00,44807600.00,SSI-008,"Barclays Bank PLC, London",42-1934-676049,NOSTRO-GBP-BARC-20551188,TS-020,TS-014,,PMT-2025-00886
STL-2025-0887,TD-2025-0941,2025-06-24,USD,250000.00,70716475.00,SSI-043,"Citibank N.A., New York",75-7585-670508,NOSTRO-USD-CITI-3610044821,TS-018,TS-014,,PMT-2025-00887
STL-2025-0888,TD-2025-0944,2025-06-24,USD,700000.00,198005710.00,SSI-030,"Citibank N.A., New York",21-9212-159767,NOSTRO-USD-CITI-3610044821,TS-020,TS-018,,PMT-2025-00888
STL-2025-0889,TD-2025-0946,2025-06-24,USD,650000.00,183891695.00,SSI-005,"Citibank N.A., New York",92-4250-421831,NOSTRO-USD-CITI-3610044821,TS-018,TS-014,,PMT-2025-00889
STL-2025-0890,TD-2025-0952,2025-06-24,PKR,105000000.00,105000000.00,SSI-024,"Crescent Investment Bank, Karachi",58-1971-536721,SBP-CA-0041-MBL,TS-020,TS-018,,PMT-2025-00890
STL-2025-0891,TD-2025-0956,2025-06-24,PKR,194000000.00,194000000.00,SSI-045,"Apex Islamic Bank, Karachi",58-3390-114772,SBP-CA-0041-MBL,TS-018,TS-014,,PMT-2025-00891
STL-2025-0892,TD-2025-0959,2025-06-24,PKR,184000000.00,184000000.00,SSI-019,"Horizon Bank Limited, Karachi",60-9368-454127,SBP-CA-0041-MBL,TS-018,TS-014,,PMT-2025-00892
STL-2025-0893,TD-2025-0962,2025-06-24,PKR,40000000.00,40000000.00,SSI-004,"Sterling Union Bank Limited, Karachi",63-3742-686415,SBP-CA-0041-MBL,TS-018,TS-014,,PMT-2025-00893
STL-2025-0894,TD-2025-0964,2025-06-24,PKR,40000000.00,40000000.00,SSI-004,"Sterling Union Bank Limited, Karachi",63-3742-686415,SBP-CA-0041-MBL,TS-017,TS-018,,PMT-2025-00894
STL-2025-0895,TD-2025-0969,2025-06-24,PKR,102000000.00,102000000.00,SSI-019,"Horizon Bank Limited, Karachi",60-9368-454127,SBP-CA-0041-MBL,TS-020,TS-014,,PMT-2025-00895
STL-2025-0896,TD-2025-0970,2025-06-24,PKR,134000000.00,134000000.00,SSI-019,"Horizon Bank Limited, Karachi",60-9368-454127,SBP-CA-0041-MBL,TS-020,TS-018,,PMT-2025-00896
STL-2025-0897,TD-2025-0972,2025-06-24,PKR,129000000.00,129000000.00,SSI-014,"Pinnacle Commercial Bank, Lahore",19-7670-466460,SBP-CA-0041-MBL,TS-020,TS-018,,PMT-2025-00897
STL-2025-0898,TD-2025-0950,2025-06-25,USD,750000.00,212194350.00,SSI-010,"Citibank N.A., New York",71-8954-663127,NOSTRO-USD-CITI-3610044821,TS-020,TS-018,,PMT-2025-00898
STL-2025-0899,TD-2025-0951,2025-06-25,USD,150000.00,42440595.00,SSI-043,"Citibank N.A., New York",75-7585-670508,NOSTRO-USD-CITI-3610044821,TS-017,TS-018,,PMT-2025-00899
STL-2025-0900,TD-2025-0953,2025-06-25,USD,150000.00,42440250.00,SSI-015,"Citibank N.A., New York",20-5693-842009,NOSTRO-USD-CITI-3610044821,TS-018,TS-014,,PMT-2025-00900
STL-2025-0901,TD-2025-0955,2025-06-25,PKR,457000000.00,457000000.00,SSI-044,"State Bank of Pakistan, Karachi",94-3530-684017,SBP-CA-0041-MBL,TS-017,TS-014,TS-019,PMT-2025-00901
STL-2025-0902,TD-2025-0961,2025-06-25,PKR,75000000.00,75000000.00,SSI-019,"Horizon Bank Limited, Karachi",60-9368-454127,SBP-CA-0041-MBL,TS-017,TS-018,,PMT-2025-00902
STL-2025-0903,TD-2025-0963,2025-06-25,PKR,115000000.00,115000000.00,SSI-004,"Sterling Union Bank Limited, Karachi",63-3742-686415,SBP-CA-0041-MBL,TS-017,TS-014,,PMT-2025-00903
STL-2025-0904,TD-2025-0965,2025-06-25,PKR,399000000.00,399000000.00,SSI-044,"State Bank of Pakistan, Karachi",94-3530-684017,SBP-CA-0041-MBL,TS-017,TS-014,TS-019,PMT-2025-00904
STL-2025-0905,TD-2025-0966,2025-06-25,PKR,40000000.00,40000000.00,SSI-004,"Sterling Union Bank Limited, Karachi",63-3742-686415,SBP-CA-0041-MBL,TS-017,TS-014,,PMT-2025-00905
STL-2025-0906,TD-2025-0974,2025-06-25,PKR,118000000.00,118000000.00,SSI-045,"Apex Islamic Bank, Karachi",58-3390-114772,SBP-CA-0041-MBL,TS-018,TS-014,,PMT-2025-00906
STL-2025-0907,TD-2025-0975,2025-06-25,PKR,116000000.00,116000000.00,SSI-045,"Apex Islamic Bank, Karachi",58-3390-114772,SBP-CA-0041-MBL,TS-018,TS-014,,PMT-2025-00907
STL-2025-0908,TD-2025-0981,2025-06-25,PKR,129000000.00,129000000.00,SSI-019,"Horizon Bank Limited, Karachi",60-9368-454127,SBP-CA-0041-MBL,TS-020,TS-014,,PMT-2025-00908
STL-2025-0909,TD-2025-0957,2025-06-26,USD,500000.00,141479600.00,SSI-005,"Citibank N.A., New York",92-4250-421831,NOSTRO-USD-CITI-3610044821,TS-017,TS-018,,PMT-2025-00909
STL-2025-0910,TD-2025-0958,2025-06-26,USD,250000.00,70741225.00,SSI-020,"Citibank N.A., New York",80-7629-754690,NOSTRO-USD-CITI-3610044821,TS-017,TS-018,,PMT-2025-00910
STL-2025-0911,TD-2025-0960,2025-06-26,GBP,150000.00,53778105.00,SSI-003,"Barclays Bank PLC, London",35-6259-583573,NOSTRO-GBP-BARC-20551188,TS-018,TS-014,,PMT-2025-00911
STL-2025-0912,TD-2025-0967,2025-06-26,USD,300000.00,84883590.00,SSI-010,"Citibank N.A., New York",71-8954-663127,NOSTRO-USD-CITI-3610044821,TS-017,TS-018,,PMT-2025-00912
STL-2025-0913,TD-2025-0968,2025-06-26,USD,600000.00,169769220.00,SSI-015,"Citibank N.A., New York",20-5693-842009,NOSTRO-USD-CITI-3610044821,TS-017,TS-014,,PMT-2025-00913
STL-2025-0914,TD-2025-0971,2025-06-26,USD,300000.00,84884670.00,SSI-030,"Citibank N.A., New York",21-9212-159767,NOSTRO-USD-CITI-3610044821,TS-020,TS-014,,PMT-2025-00914
STL-2025-0915,TD-2025-0980,2025-06-26,PKR,40000000.00,40000000.00,SSI-004,"Sterling Union Bank Limited, Karachi",63-3742-686415,SBP-CA-0041-MBL,TS-018,TS-014,,PMT-2025-00915
STL-2025-0916,TD-2025-0816,2025-06-27,EUR,650000.00,197882100.00,SSI-027,"Deutsche Bank AG, Frankfurt",33-6784-768037,NOSTRO-EUR-DB-70044120088,TS-018,TS-014,,PMT-2025-00916
STL-2025-0917,TD-2025-0976,2025-06-27,USD,150000.00,42507915.00,SSI-043,"Citibank N.A., New York",75-7585-670508,NOSTRO-USD-CITI-3610044821,TS-020,TS-018,,PMT-2025-00917
STL-2025-0918,TD-2025-0977,2025-06-27,USD,100000.00,28341600.00,SSI-015,"Citibank N.A., New York",20-5693-842009,NOSTRO-USD-CITI-3610044821,TS-020,TS-018,,PMT-2025-00918
STL-2025-0919,TD-2025-0978,2025-06-27,USD,200000.00,56672840.00,SSI-005,"Citibank N.A., New York",92-4250-421831,NOSTRO-USD-CITI-3610044821,TS-017,TS-014,,PMT-2025-00919
STL-2025-0920,TD-2025-0979,2025-06-27,GBP,450000.00,161320860.00,SSI-023,"Barclays Bank PLC, London",95-4243-715383,NOSTRO-GBP-BARC-20551188,TS-020,TS-018,,PMT-2025-00920
STL-2025-0921,TD-2025-0983,2025-06-27,PKR,40000000.00,40000000.00,SSI-004,"Sterling Union Bank Limited, Karachi",63-3742-686415,SBP-CA-0041-MBL,TS-020,TS-014,,PMT-2025-00921
STL-2025-0922,TD-2025-0987,2025-06-27,PKR,204000000.00,204000000.00,SSI-004,"Sterling Union Bank Limited, Karachi",63-3742-686415,SBP-CA-0041-MBL,TS-020,TS-014,,PMT-2025-00922
STL-2025-0923,TD-2025-0646,2025-06-30,GBP,450000.00,161412345.00,SSI-018,"Barclays Bank PLC, London",95-5634-924243,NOSTRO-GBP-BARC-20551188,TS-017,TS-018,,PMT-2025-00923
STL-2025-0924,TD-2025-0655,2025-06-30,AED,2600000.00,201620640.00,SSI-006,"Emirates NBD, Dubai",91-2794-316752,NOSTRO-AED-ENBD-1019277440,TS-018,TS-014,,PMT-2025-00924
STL-2025-0925,TD-2025-0656,2025-06-30,USD,750000.00,213760500.00,SSI-005,"Citibank N.A., New York",92-4250-421831,NOSTRO-USD-CITI-3610044821,TS-020,TS-018,,PMT-2025-00925
STL-2025-0926,TD-2025-0823,2025-06-30,EUR,400000.00,121614320.00,SSI-012,"Deutsche Bank AG, Frankfurt",60-2543-686225,NOSTRO-EUR-DB-70044120088,TS-020,TS-014,,PMT-2025-00926
STL-2025-0927,TD-2025-0826,2025-06-30,USD,200000.00,56829980.00,SSI-025,"Citibank N.A., New York",29-1045-832339,NOSTRO-USD-CITI-3610044821,TS-017,TS-014,,PMT-2025-00927
STL-2025-0928,TD-2025-0984,2025-06-30,GBP,250000.00,89568175.00,SSI-003,"Barclays Bank PLC, London",35-6259-583573,NOSTRO-GBP-BARC-20551188,TS-017,TS-014,,PMT-2025-00928
STL-2025-0929,TD-2025-0988,2025-06-30,PKR,526000000.00,526000000.00,SSI-044,"State Bank of Pakistan, Karachi",94-3530-684017,SBP-CA-0041-MBL,TS-017,TS-014,TS-019,PMT-2025-00929
STL-2025-0930,TD-2025-0989,2025-06-30,PKR,124000000.00,124000000.00,SSI-024,"Crescent Investment Bank, Karachi",58-1971-536721,SBP-CA-0041-MBL,TS-017,TS-014,,PMT-2025-00930
STL-2025-0931,TD-2025-0990,2025-06-30,PKR,334000000.00,334000000.00,SSI-045,"Apex Islamic Bank, Karachi",58-3390-114772,SBP-CA-0041-MBL,TS-018,TS-014,TS-019,PMT-2025-00931
STL-2025-0932,TD-2025-0993,2025-06-30,PKR,119000000.00,119000000.00,SSI-019,"Horizon Bank Limited, Karachi",60-9368-454127,SBP-CA-0041-MBL,TS-018,TS-014,,PMT-2025-00932
STL-2025-0933,TD-2025-0995,2025-06-30,PKR,326000000.00,326000000.00,SSI-004,"Sterling Union Bank Limited, Karachi",63-3742-686415,SBP-CA-0041-MBL,TS-020,TS-014,TS-019,PMT-2025-00933
STL-2025-0934,TD-2025-0998,2025-06-30,PKR,180000000.00,180000000.00,SSI-014,"Pinnacle Commercial Bank, Lahore",19-7670-466460,SBP-CA-0041-MBL,TS-017,TS-014,,PMT-2025-00934
STL-2025-0935,TD-2025-0999,2025-06-30,PKR,40000000.00,40000000.00,SSI-004,"Sterling Union Bank Limited, Karachi",63-3742-686415,SBP-CA-0041-MBL,TS-020,TS-014,,PMT-2025-00935
STL-2025-0949,TD-2025-0884,2025-05-27,PKR,185000000.00,185000000.00,SSI-045,"Apex Islamic Bank, Karachi",58-3390-114772,SBP-CA-0041-MBL,TS-017,TS-014,,PMT-2025-00949
