RATE_DATE,INSTRUMENT,TENOR,MID_RATE,DAY_HIGH,DAY_LOW
2025-01-02,AED/PKR,1M,76.3712,76.6003,76.1421
2025-01-02,AED/PKR,2M,76.8712,77.1018,76.6406
2025-01-02,AED/PKR,3M,77.3711,77.6032,77.1390
2025-01-02,AED/PKR,SPOT,75.8713,76.0989,75.6437
2025-01-02,EUR/PKR,1M,292.0908,292.9671,291.2145
2025-01-02,EUR/PKR,2M,294.4051,295.2883,293.5219
2025-01-02,EUR/PKR,3M,296.7193,297.6095,295.8291
2025-01-02,EUR/PKR,SPOT,289.7766,290.6459,288.9073
2025-01-02,GBP/PKR,1M,351.5081,352.5626,350.4536
2025-01-02,GBP/PKR,2M,353.9230,354.9848,352.8612
2025-01-02,GBP/PKR,3M,356.3380,357.4070,355.2690
2025-01-02,GBP/PKR,SPOT,349.0931,350.1404,348.0458
2025-01-02,PKR_MM,1M,12.6166,12.6566,12.5766
2025-01-02,PKR_MM,1W,12.4120,12.4520,12.3720
2025-01-02,PKR_MM,2M,12.7086,12.7486,12.6686
2025-01-02,PKR_MM,2W,12.4868,12.5268,12.4468
2025-01-02,PKR_MM,3M,12.8147,12.8547,12.7747
2025-01-02,PKR_TBILL,12M,12.9918,13.0218,12.9618
2025-01-02,PKR_TBILL,3M,12.7063,12.7363,12.6763
2025-01-02,PKR_TBILL,6M,12.8539,12.8839,12.8239
2025-01-02,USD/PKR,1M,280.3875,281.2287,279.5463
2025-01-02,USD/PKR,2M,282.2457,283.0924,281.3990
2025-01-02,USD/PKR,3M,284.1038,284.9561,283.2515
2025-01-02,USD/PKR,SPOT,278.5294,279.3650,277.6938
2025-01-03,AED/PKR,1M,76.4048,76.6340,76.1756
2025-01-03,AED/PKR,2M,76.9050,77.1357,76.6743
2025-01-03,AED/PKR,3M,77.4052,77.6374,77.1730
2025-01-03,AED/PKR,SPOT,75.9046,76.1323,75.6769
2025-01-03,EUR/PKR,1M,291.4165,292.2907,290.5423
2025-01-03,EUR/PKR,2M,293.7256,294.6068,292.8444
2025-01-03,EUR/PKR,3M,296.0348,296.9229,295.1467
2025-01-03,EUR/PKR,SPOT,289.1073,289.9746,288.2400
2025-01-03,GBP/PKR,1M,350.9743,352.0272,349.9214
2025-01-03,GBP/PKR,2M,353.3859,354.4461,352.3257
2025-01-03,GBP/PKR,3M,355.7975,356.8649,354.7301
2025-01-03,GBP/PKR,SPOT,348.5627,349.6084,347.5170
2025-01-03,PKR_MM,1M,12.6177,12.6577,12.5777
2025-01-03,PKR_MM,1W,12.4244,12.4644,12.3844
2025-01-03,PKR_MM,2M,12.7336,12.7736,12.6936
2025-01-03,PKR_MM,2W,12.4661,12.5061,12.4261
2025-01-03,PKR_MM,3M,12.8102,12.8502,12.7702
2025-01-03,PKR_TBILL,12M,12.9711,13.0011,12.9411
2025-01-03,PKR_TBILL,3M,12.7446,12.7746,12.7146
2025-01-03,PKR_TBILL,6M,12.8805,12.9105,12.8505
2025-01-03,USD/PKR,1M,280.1546,280.9951,279.3141
2025-01-03,USD/PKR,2M,282.0114,282.8574,281.1654
2025-01-03,USD/PKR,3M,283.8683,284.7199,283.0167
2025-01-03,USD/PKR,SPOT,278.2978,279.1327,277.4629
2025-01-06,AED/PKR,1M,76.3656,76.5947,76.1365
2025-01-06,AED/PKR,2M,76.8626,77.0932,76.6320
2025-01-06,AED/PKR,3M,77.3595,77.5916,77.1274
2025-01-06,AED/PKR,SPOT,75.8687,76.0963,75.6411
2025-01-06,EUR/PKR,1M,291.1510,292.0245,290.2775
2025-01-06,EUR/PKR,2M,293.4466,294.3269,292.5663
2025-01-06,EUR/PKR,3M,295.7422,296.6294,294.8550
2025-01-06,EUR/PKR,SPOT,288.8553,289.7219,287.9887
2025-01-06,GBP/PKR,1M,351.1090,352.1623,350.0557
2025-01-06,GBP/PKR,2M,353.5077,354.5682,352.4472
2025-01-06,GBP/PKR,3M,355.9064,356.9741,354.8387
2025-01-06,GBP/PKR,SPOT,348.7103,349.7564,347.6642
2025-01-06,PKR_MM,1M,12.5692,12.6092,12.5292
2025-01-06,PKR_MM,1W,12.3404,12.3804,12.3004
2025-01-06,PKR_MM,2M,12.6719,12.7119,12.6319
2025-01-06,PKR_MM,2W,12.4517,12.4917,12.4117
2025-01-06,PKR_MM,3M,12.7190,12.7590,12.6790
2025-01-06,PKR_TBILL,12M,12.9575,12.9875,12.9275
2025-01-06,PKR_TBILL,3M,12.6879,12.7179,12.6579
2025-01-06,PKR_TBILL,6M,12.7810,12.8110,12.7510
2025-01-06,USD/PKR,1M,280.7061,281.5482,279.8640
2025-01-06,USD/PKR,2M,282.5556,283.4033,281.7079
2025-01-06,USD/PKR,3M,284.4050,285.2582,283.5518
2025-01-06,USD/PKR,SPOT,278.8567,279.6933,278.0201
2025-01-07,AED/PKR,1M,76.4342,76.6635,76.2049
2025-01-07,AED/PKR,2M,76.9324,77.1632,76.7016
2025-01-07,AED/PKR,3M,77.4306,77.6629,77.1983
2025-01-07,AED/PKR,SPOT,75.9360,76.1638,75.7082
2025-01-07,EUR/PKR,1M,292.2406,293.1173,291.3639
2025-01-07,EUR/PKR,2M,294.5479,295.4315,293.6643
2025-01-07,EUR/PKR,3M,296.8552,297.7458,295.9646
2025-01-07,EUR/PKR,SPOT,289.9333,290.8031,289.0635
2025-01-07,GBP/PKR,1M,351.0847,352.1380,350.0314
2025-01-07,GBP/PKR,2M,353.4870,354.5475,352.4265
2025-01-07,GBP/PKR,3M,355.8893,356.9570,354.8216
2025-01-07,GBP/PKR,SPOT,348.6825,349.7285,347.6365
2025-01-07,PKR_MM,1M,12.5823,12.6223,12.5423
2025-01-07,PKR_MM,1W,12.3565,12.3965,12.3165
2025-01-07,PKR_MM,2M,12.6763,12.7163,12.6363
2025-01-07,PKR_MM,2W,12.4472,12.4872,12.4072
2025-01-07,PKR_MM,3M,12.7763,12.8163,12.7363
2025-01-07,PKR_TBILL,12M,12.9553,12.9853,12.9253
2025-01-07,PKR_TBILL,3M,12.6779,12.7079,12.6479
2025-01-07,PKR_TBILL,6M,12.8236,12.8536,12.7936
2025-01-07,USD/PKR,1M,280.5464,281.3880,279.7048
2025-01-07,USD/PKR,2M,282.3978,283.2450,281.5506
2025-01-07,USD/PKR,3M,284.2491,285.1018,283.3964
2025-01-07,USD/PKR,SPOT,278.6950,279.5311,277.8589
2025-01-08,AED/PKR,1M,76.3538,76.5829,76.1247
2025-01-08,AED/PKR,2M,76.8492,77.0797,76.6187
2025-01-08,AED/PKR,3M,77.3446,77.5766,77.1126
2025-01-08,AED/PKR,SPOT,75.8583,76.0859,75.6307
2025-01-08,EUR/PKR,1M,292.5284,293.4060,291.6508
2025-01-08,EUR/PKR,2M,294.8294,295.7139,293.9449
2025-01-08,EUR/PKR,3M,297.1304,298.0218,296.2390
2025-01-08,EUR/PKR,SPOT,290.2274,291.0981,289.3567
2025-01-08,GBP/PKR,1M,351.4907,352.5452,350.4362
2025-01-08,GBP/PKR,2M,353.8854,354.9471,352.8237
2025-01-08,GBP/PKR,3M,356.2801,357.3489,355.2113
2025-01-08,GBP/PKR,SPOT,349.0960,350.1433,348.0487
2025-01-08,PKR_MM,1M,12.5460,12.5860,12.5060
2025-01-08,PKR_MM,1W,12.3511,12.3911,12.3111
2025-01-08,PKR_MM,2M,12.6075,12.6475,12.5675
2025-01-08,PKR_MM,2W,12.4092,12.4492,12.3692
2025-01-08,PKR_MM,3M,12.7232,12.7632,12.6832
2025-01-08,PKR_TBILL,12M,12.9465,12.9765,12.9165
2025-01-08,PKR_TBILL,3M,12.6597,12.6897,12.6297
2025-01-08,PKR_TBILL,6M,12.7561,12.7861,12.7261
2025-01-08,USD/PKR,1M,280.8008,281.6432,279.9584
2025-01-08,USD/PKR,2M,282.6456,283.4935,281.7977
2025-01-08,USD/PKR,3M,284.4904,285.3439,283.6369
2025-01-08,USD/PKR,SPOT,278.9560,279.7929,278.1191
2025-01-09,AED/PKR,1M,76.3331,76.5621,76.1041
2025-01-09,AED/PKR,2M,76.8288,77.0593,76.5983
2025-01-09,AED/PKR,3M,77.3246,77.5566,77.0926
2025-01-09,AED/PKR,SPOT,75.8374,76.0649,75.6099
2025-01-09,EUR/PKR,1M,293.1470,294.0264,292.2676
2025-01-09,EUR/PKR,2M,295.4546,296.3410,294.5682
2025-01-09,EUR/PKR,3M,297.7621,298.6554,296.8688
2025-01-09,EUR/PKR,SPOT,290.8395,291.7120,289.9670
2025-01-09,GBP/PKR,1M,350.1660,351.2165,349.1155
2025-01-09,GBP/PKR,2M,352.5537,353.6114,351.4960
2025-01-09,GBP/PKR,3M,354.9414,356.0062,353.8766
2025-01-09,GBP/PKR,SPOT,347.7783,348.8216,346.7350
2025-01-09,PKR_MM,1M,12.5531,12.5931,12.5131
2025-01-09,PKR_MM,1W,12.3236,12.3636,12.2836
2025-01-09,PKR_MM,2M,12.6142,12.6542,12.5742
2025-01-09,PKR_MM,2W,12.4338,12.4738,12.3938
2025-01-09,PKR_MM,3M,12.7498,12.7898,12.7098
2025-01-09,PKR_TBILL,12M,12.9547,12.9847,12.9247
2025-01-09,PKR_TBILL,3M,12.6487,12.6787,12.6187
2025-01-09,PKR_TBILL,6M,12.8196,12.8496,12.7896
2025-01-09,USD/PKR,1M,280.3722,281.2133,279.5311
2025-01-09,USD/PKR,2M,282.2158,283.0624,281.3692
2025-01-09,USD/PKR,3M,284.0594,284.9116,283.2072
2025-01-09,USD/PKR,SPOT,278.5287,279.3643,277.6931
2025-01-10,AED/PKR,1M,76.3297,76.5587,76.1007
2025-01-10,AED/PKR,2M,76.8223,77.0528,76.5918
2025-01-10,AED/PKR,3M,77.3149,77.5468,77.0830
2025-01-10,AED/PKR,SPOT,75.8371,76.0646,75.6096
2025-01-10,EUR/PKR,1M,292.8393,293.7178,291.9608
2025-01-10,EUR/PKR,2M,295.1325,296.0179,294.2471
2025-01-10,EUR/PKR,3M,297.4258,298.3181,296.5335
2025-01-10,EUR/PKR,SPOT,290.5460,291.4176,289.6744
2025-01-10,GBP/PKR,1M,350.5518,351.6035,349.5001
2025-01-10,GBP/PKR,2M,352.9279,353.9867,351.8691
2025-01-10,GBP/PKR,3M,355.3040,356.3699,354.2381
2025-01-10,GBP/PKR,SPOT,348.1757,349.2202,347.1312
2025-01-10,PKR_MM,1M,12.5031,12.5431,12.4631
2025-01-10,PKR_MM,1W,12.2667,12.3067,12.2267
2025-01-10,PKR_MM,2M,12.6212,12.6612,12.5812
2025-01-10,PKR_MM,2W,12.3545,12.3945,12.3145
2025-01-10,PKR_MM,3M,12.6451,12.6851,12.6051
2025-01-10,PKR_TBILL,12M,12.8977,12.9277,12.8677
2025-01-10,PKR_TBILL,3M,12.5928,12.6228,12.5628
2025-01-10,PKR_TBILL,6M,12.7649,12.7949,12.7349
2025-01-10,USD/PKR,1M,280.2788,281.1196,279.4380
2025-01-10,USD/PKR,2M,282.1103,282.9566,281.2640
2025-01-10,USD/PKR,3M,283.9419,284.7937,283.0901
2025-01-10,USD/PKR,SPOT,278.4472,279.2825,277.6119
2025-01-13,AED/PKR,1M,76.4639,76.6933,76.2345
2025-01-13,AED/PKR,2M,76.9557,77.1866,76.7248
2025-01-13,AED/PKR,3M,77.4476,77.6799,77.2153
2025-01-13,AED/PKR,SPOT,75.9721,76.2000,75.7442
2025-01-13,EUR/PKR,1M,293.1466,294.0260,292.2672
2025-01-13,EUR/PKR,2M,295.4359,296.3222,294.5496
2025-01-13,EUR/PKR,3M,297.7252,298.6184,296.8320
2025-01-13,EUR/PKR,SPOT,290.8573,291.7299,289.9847
2025-01-13,GBP/PKR,1M,350.2831,351.3339,349.2323
2025-01-13,GBP/PKR,2M,352.6498,353.7077,351.5919
2025-01-13,GBP/PKR,3M,355.0165,356.0815,353.9515
2025-01-13,GBP/PKR,SPOT,347.9165,348.9602,346.8728
2025-01-13,PKR_MM,1M,12.4763,12.5163,12.4363
2025-01-13,PKR_MM,1W,12.2562,12.2962,12.2162
2025-01-13,PKR_MM,2M,12.5399,12.5799,12.4999
2025-01-13,PKR_MM,2W,12.3299,12.3699,12.2899
2025-01-13,PKR_MM,3M,12.6409,12.6809,12.6009
2025-01-13,PKR_TBILL,12M,12.8464,12.8764,12.8164
2025-01-13,PKR_TBILL,3M,12.5595,12.5895,12.5295
2025-01-13,PKR_TBILL,6M,12.6992,12.7292,12.6692
2025-01-13,USD/PKR,1M,280.6768,281.5188,279.8348
2025-01-13,USD/PKR,2M,282.5049,283.3524,281.6574
2025-01-13,USD/PKR,3M,284.3330,285.1860,283.4800
2025-01-13,USD/PKR,SPOT,278.8487,279.6852,278.0122
2025-01-14,AED/PKR,1M,76.4482,76.6775,76.2189
2025-01-14,AED/PKR,2M,76.9426,77.1734,76.7118
2025-01-14,AED/PKR,3M,77.4369,77.6692,77.2046
2025-01-14,AED/PKR,SPOT,75.9538,76.1817,75.7259
2025-01-14,EUR/PKR,1M,292.0113,292.8873,291.1353
2025-01-14,EUR/PKR,2M,294.3018,295.1847,293.4189
2025-01-14,EUR/PKR,3M,296.5924,297.4822,295.7026
2025-01-14,EUR/PKR,SPOT,289.7207,290.5899,288.8515
2025-01-14,GBP/PKR,1M,350.5022,351.5537,349.4507
2025-01-14,GBP/PKR,2M,352.8826,353.9412,351.8240
2025-01-14,GBP/PKR,3M,355.2629,356.3287,354.1971
2025-01-14,GBP/PKR,SPOT,348.1219,349.1663,347.0775
2025-01-14,PKR_MM,1M,12.5192,12.5592,12.4792
2025-01-14,PKR_MM,1W,12.2986,12.3386,12.2586
2025-01-14,PKR_MM,2M,12.5910,12.6310,12.5510
2025-01-14,PKR_MM,2W,12.3830,12.4230,12.3430
2025-01-14,PKR_MM,3M,12.7163,12.7563,12.6763
2025-01-14,PKR_TBILL,12M,12.9024,12.9324,12.8724
2025-01-14,PKR_TBILL,3M,12.6368,12.6668,12.6068
2025-01-14,PKR_TBILL,6M,12.7635,12.7935,12.7335
2025-01-14,USD/PKR,1M,280.4087,281.2499,279.5675
2025-01-14,USD/PKR,2M,282.2448,283.0915,281.3981
2025-01-14,USD/PKR,3M,284.0809,284.9331,283.2287
2025-01-14,USD/PKR,SPOT,278.5725,279.4082,277.7368
2025-01-15,AED/PKR,1M,76.4790,76.7084,76.2496
2025-01-15,AED/PKR,2M,76.9727,77.2036,76.7418
2025-01-15,AED/PKR,3M,77.4665,77.6989,77.2341
2025-01-15,AED/PKR,SPOT,75.9853,76.2133,75.7573
2025-01-15,EUR/PKR,1M,292.6557,293.5337,291.7777
2025-01-15,EUR/PKR,2M,294.9481,295.8329,294.0633
2025-01-15,EUR/PKR,3M,297.2405,298.1322,296.3488
2025-01-15,EUR/PKR,SPOT,290.3633,291.2344,289.4922
2025-01-15,GBP/PKR,1M,351.7281,352.7833,350.6729
2025-01-15,GBP/PKR,2M,354.1129,355.1752,353.0506
2025-01-15,GBP/PKR,3M,356.4977,357.5672,355.4282
2025-01-15,GBP/PKR,SPOT,349.3434,350.3914,348.2954
2025-01-15,PKR_MM,1M,12.5055,12.5455,12.4655
2025-01-15,PKR_MM,1W,12.2893,12.3293,12.2493
2025-01-15,PKR_MM,2M,12.6042,12.6442,12.5642
2025-01-15,PKR_MM,2W,12.3371,12.3771,12.2971
2025-01-15,PKR_MM,3M,12.6640,12.7040,12.6240
2025-01-15,PKR_TBILL,12M,12.8769,12.9069,12.8469
2025-01-15,PKR_TBILL,3M,12.6258,12.6558,12.5958
2025-01-15,PKR_TBILL,6M,12.7316,12.7616,12.7016
2025-01-15,USD/PKR,1M,280.9878,281.8308,280.1448
2025-01-15,USD/PKR,2M,282.8246,283.6731,281.9761
2025-01-15,USD/PKR,3M,284.6614,285.5154,283.8074
2025-01-15,USD/PKR,SPOT,279.1511,279.9886,278.3136
2025-01-16,AED/PKR,1M,76.4394,76.6687,76.2101
2025-01-16,AED/PKR,2M,76.9305,77.1613,76.6997
2025-01-16,AED/PKR,3M,77.4215,77.6538,77.1892
2025-01-16,AED/PKR,SPOT,75.9484,76.1762,75.7206
2025-01-16,EUR/PKR,1M,292.9530,293.8319,292.0741
2025-01-16,EUR/PKR,2M,295.2383,296.1240,294.3526
2025-01-16,EUR/PKR,3M,297.5237,298.4163,296.6311
2025-01-16,EUR/PKR,SPOT,290.6676,291.5396,289.7956
2025-01-16,GBP/PKR,1M,350.8822,351.9348,349.8296
2025-01-16,GBP/PKR,2M,353.2500,354.3097,352.1902
2025-01-16,GBP/PKR,3M,355.6179,356.6848,354.5510
2025-01-16,GBP/PKR,SPOT,348.5144,349.5599,347.4689
2025-01-16,PKR_MM,1M,12.4661,12.5061,12.4261
2025-01-16,PKR_MM,1W,12.2293,12.2693,12.1893
2025-01-16,PKR_MM,2M,12.5520,12.5920,12.5120
2025-01-16,PKR_MM,2W,12.3312,12.3712,12.2912
2025-01-16,PKR_MM,3M,12.6248,12.6648,12.5848
2025-01-16,PKR_TBILL,12M,12.8471,12.8771,12.8171
2025-01-16,PKR_TBILL,3M,12.5516,12.5816,12.5216
2025-01-16,PKR_TBILL,6M,12.7001,12.7301,12.6701
2025-01-16,USD/PKR,1M,280.6613,281.5033,279.8193
2025-01-16,USD/PKR,2M,282.4870,283.3345,281.6395
2025-01-16,USD/PKR,3M,284.3127,285.1656,283.4598
2025-01-16,USD/PKR,SPOT,278.8357,279.6722,277.9992
2025-01-17,AED/PKR,1M,76.4195,76.6488,76.1902
2025-01-17,AED/PKR,2M,76.9096,77.1403,76.6789
2025-01-17,AED/PKR,3M,77.3996,77.6318,77.1674
2025-01-17,AED/PKR,SPOT,75.9295,76.1573,75.7017
2025-01-17,EUR/PKR,1M,293.3290,294.2090,292.4490
2025-01-17,EUR/PKR,2M,295.6140,296.5008,294.7272
2025-01-17,EUR/PKR,3M,297.8990,298.7927,297.0053
2025-01-17,EUR/PKR,SPOT,291.0441,291.9172,290.1710
2025-01-17,GBP/PKR,1M,351.2919,352.3458,350.2380
2025-01-17,GBP/PKR,2M,353.6585,354.7195,352.5975
2025-01-17,GBP/PKR,3M,356.0250,357.0931,354.9569
2025-01-17,GBP/PKR,SPOT,348.9253,349.9721,347.8785
2025-01-17,PKR_MM,1M,12.4520,12.4920,12.4120
2025-01-17,PKR_MM,1W,12.2360,12.2760,12.1960
2025-01-17,PKR_MM,2M,12.5652,12.6052,12.5252
2025-01-17,PKR_MM,2W,12.2927,12.3327,12.2527
2025-01-17,PKR_MM,3M,12.6481,12.6881,12.6081
2025-01-17,PKR_TBILL,12M,12.8055,12.8355,12.7755
2025-01-17,PKR_TBILL,3M,12.5697,12.5997,12.5397
2025-01-17,PKR_TBILL,6M,12.6655,12.6955,12.6355
2025-01-17,USD/PKR,1M,281.0094,281.8524,280.1664
2025-01-17,USD/PKR,2M,282.8341,283.6826,281.9856
2025-01-17,USD/PKR,3M,284.6588,285.5128,283.8048
2025-01-17,USD/PKR,SPOT,279.1847,280.0223,278.3471
2025-01-20,AED/PKR,1M,76.4632,76.6926,76.2338
2025-01-20,AED/PKR,2M,76.9543,77.1852,76.7234
2025-01-20,AED/PKR,3M,77.4455,77.6778,77.2132
2025-01-20,AED/PKR,SPOT,75.9720,76.1999,75.7441
2025-01-20,EUR/PKR,1M,293.8385,294.7200,292.9570
2025-01-20,EUR/PKR,2M,296.1307,297.0191,295.2423
2025-01-20,EUR/PKR,3M,298.4230,299.3183,297.5277
2025-01-20,EUR/PKR,SPOT,291.5462,292.4208,290.6716
2025-01-20,GBP/PKR,1M,351.7809,352.8362,350.7256
2025-01-20,GBP/PKR,2M,354.1548,355.2173,353.0923
2025-01-20,GBP/PKR,3M,356.5286,357.5982,355.4590
2025-01-20,GBP/PKR,SPOT,349.4071,350.4553,348.3589
2025-01-20,PKR_MM,1M,12.4659,12.5059,12.4259
2025-01-20,PKR_MM,1W,12.2597,12.2997,12.2197
2025-01-20,PKR_MM,2M,12.5395,12.5795,12.4995
2025-01-20,PKR_MM,2W,12.3524,12.3924,12.3124
2025-01-20,PKR_MM,3M,12.6084,12.6484,12.5684
2025-01-20,PKR_TBILL,12M,12.8563,12.8863,12.8263
2025-01-20,PKR_TBILL,3M,12.5476,12.5776,12.5176
2025-01-20,PKR_TBILL,6M,12.7276,12.7576,12.6976
2025-01-20,USD/PKR,1M,280.5031,281.3446,279.6616
2025-01-20,USD/PKR,2M,282.3277,283.1747,281.4807
2025-01-20,USD/PKR,3M,284.1523,285.0048,283.2998
2025-01-20,USD/PKR,SPOT,278.6785,279.5145,277.8425
2025-01-21,AED/PKR,1M,76.4753,76.7047,76.2459
2025-01-21,AED/PKR,2M,76.9656,77.1965,76.7347
2025-01-21,AED/PKR,3M,77.4559,77.6883,77.2235
2025-01-21,AED/PKR,SPOT,75.9850,76.2130,75.7570
2025-01-21,EUR/PKR,1M,292.8782,293.7568,291.9996
2025-01-21,EUR/PKR,2M,295.1592,296.0447,294.2737
2025-01-21,EUR/PKR,3M,297.4403,298.3326,296.5480
2025-01-21,EUR/PKR,SPOT,290.5971,291.4689,289.7253
2025-01-21,GBP/PKR,1M,352.3025,353.3594,351.2456
2025-01-21,GBP/PKR,2M,354.6754,355.7394,353.6114
2025-01-21,GBP/PKR,3M,357.0483,358.1194,355.9772
2025-01-21,GBP/PKR,SPOT,349.9296,350.9794,348.8798
2025-01-21,PKR_MM,1M,12.4503,12.4903,12.4103
2025-01-21,PKR_MM,1W,12.2426,12.2826,12.2026
2025-01-21,PKR_MM,2M,12.5159,12.5559,12.4759
2025-01-21,PKR_MM,2W,12.3164,12.3564,12.2764
2025-01-21,PKR_MM,3M,12.6032,12.6432,12.5632
2025-01-21,PKR_TBILL,12M,12.8038,12.8338,12.7738
2025-01-21,PKR_TBILL,3M,12.5426,12.5726,12.5126
2025-01-21,PKR_TBILL,6M,12.7035,12.7335,12.6735
2025-01-21,USD/PKR,1M,280.9713,281.8142,280.1284
2025-01-21,USD/PKR,2M,282.7954,283.6438,281.9470
2025-01-21,USD/PKR,3M,284.6195,285.4734,283.7656
2025-01-21,USD/PKR,SPOT,279.1472,279.9846,278.3098
2025-01-22,AED/PKR,1M,76.3905,76.6197,76.1613
2025-01-22,AED/PKR,2M,76.8789,77.1095,76.6483
2025-01-22,AED/PKR,3M,77.3672,77.5993,77.1351
2025-01-22,AED/PKR,SPOT,75.9021,76.1298,75.6744
2025-01-22,EUR/PKR,1M,293.5382,294.4188,292.6576
2025-01-22,EUR/PKR,2M,295.8192,296.7067,294.9317
2025-01-22,EUR/PKR,3M,298.1002,298.9945,297.2059
2025-01-22,EUR/PKR,SPOT,291.2572,292.1310,290.3834
2025-01-22,GBP/PKR,1M,352.7141,353.7722,351.6560
2025-01-22,GBP/PKR,2M,355.0835,356.1488,354.0182
2025-01-22,GBP/PKR,3M,357.4529,358.5253,356.3805
2025-01-22,GBP/PKR,SPOT,350.3447,351.3957,349.2937
2025-01-22,PKR_MM,1M,12.4284,12.4684,12.3884
2025-01-22,PKR_MM,1W,12.2290,12.2690,12.1890
2025-01-22,PKR_MM,2M,12.5366,12.5766,12.4966
2025-01-22,PKR_MM,2W,12.3092,12.3492,12.2692
2025-01-22,PKR_MM,3M,12.5944,12.6344,12.5544
2025-01-22,PKR_TBILL,12M,12.8310,12.8610,12.8010
2025-01-22,PKR_TBILL,3M,12.5301,12.5601,12.5001
2025-01-22,PKR_TBILL,6M,12.6562,12.6862,12.6262
2025-01-22,USD/PKR,1M,281.0604,281.9036,280.2172
2025-01-22,USD/PKR,2M,282.8801,283.7287,282.0315
2025-01-22,USD/PKR,3M,284.6998,285.5539,283.8457
2025-01-22,USD/PKR,SPOT,279.2408,280.0785,278.4031
2025-01-23,AED/PKR,1M,76.4019,76.6311,76.1727
2025-01-23,AED/PKR,2M,76.8867,77.1174,76.6560
2025-01-23,AED/PKR,3M,77.3716,77.6037,77.1395
2025-01-23,AED/PKR,SPOT,75.9171,76.1449,75.6893
2025-01-23,EUR/PKR,1M,293.7623,294.6436,292.8810
2025-01-23,EUR/PKR,2M,296.0311,296.9192,295.1430
2025-01-23,EUR/PKR,3M,298.2999,299.1948,297.4050
2025-01-23,EUR/PKR,SPOT,291.4935,292.3680,290.6190
2025-01-23,GBP/PKR,1M,351.6232,352.6781,350.5683
2025-01-23,GBP/PKR,2M,353.9685,355.0304,352.9066
2025-01-23,GBP/PKR,3M,356.3139,357.3828,355.2450
2025-01-23,GBP/PKR,SPOT,349.2778,350.3256,348.2300
2025-01-23,PKR_MM,1M,12.3698,12.4098,12.3298
2025-01-23,PKR_MM,1W,12.1662,12.2062,12.1262
2025-01-23,PKR_MM,2M,12.4884,12.5284,12.4484
2025-01-23,PKR_MM,2W,12.2076,12.2476,12.1676
2025-01-23,PKR_MM,3M,12.5335,12.5735,12.4935
2025-01-23,PKR_TBILL,12M,12.7347,12.7647,12.7047
2025-01-23,PKR_TBILL,3M,12.4467,12.4767,12.4167
2025-01-23,PKR_TBILL,6M,12.6136,12.6436,12.5836
2025-01-23,USD/PKR,1M,280.8062,281.6486,279.9638
2025-01-23,USD/PKR,2M,282.6109,283.4587,281.7631
2025-01-23,USD/PKR,3M,284.4155,285.2687,283.5623
2025-01-23,USD/PKR,SPOT,279.0015,279.8385,278.1645
2025-01-24,AED/PKR,1M,76.4546,76.6840,76.2252
2025-01-24,AED/PKR,2M,76.9381,77.1689,76.7073
2025-01-24,AED/PKR,3M,77.4215,77.6538,77.1892
2025-01-24,AED/PKR,SPOT,75.9712,76.1991,75.7433
2025-01-24,EUR/PKR,1M,293.5439,294.4245,292.6633
2025-01-24,EUR/PKR,2M,295.8044,296.6918,294.9170
2025-01-24,EUR/PKR,3M,298.0649,298.9591,297.1707
2025-01-24,EUR/PKR,SPOT,291.2833,292.1571,290.4095
2025-01-24,GBP/PKR,1M,351.6040,352.6588,350.5492
2025-01-24,GBP/PKR,2M,353.9414,355.0032,352.8796
2025-01-24,GBP/PKR,3M,356.2787,357.3475,355.2099
2025-01-24,GBP/PKR,SPOT,349.2667,350.3145,348.2189
2025-01-24,PKR_MM,1M,12.3420,12.3820,12.3020
2025-01-24,PKR_MM,1W,12.1051,12.1451,12.0651
2025-01-24,PKR_MM,2M,12.4615,12.5015,12.4215
2025-01-24,PKR_MM,2W,12.1872,12.2272,12.1472
2025-01-24,PKR_MM,3M,12.5030,12.5430,12.4630
2025-01-24,PKR_TBILL,12M,12.7287,12.7587,12.6987
2025-01-24,PKR_TBILL,3M,12.4136,12.4436,12.3836
2025-01-24,PKR_TBILL,6M,12.5755,12.6055,12.5455
2025-01-24,USD/PKR,1M,280.6107,281.4525,279.7689
2025-01-24,USD/PKR,2M,282.4078,283.2550,281.5606
2025-01-24,USD/PKR,3M,284.2048,285.0574,283.3522
2025-01-24,USD/PKR,SPOT,278.8136,279.6500,277.9772
2025-01-27,AED/PKR,1M,76.4994,76.7289,76.2699
2025-01-27,AED/PKR,2M,76.9860,77.2170,76.7550
2025-01-27,AED/PKR,3M,77.4726,77.7050,77.2402
2025-01-27,AED/PKR,SPOT,76.0129,76.2409,75.7849
2025-01-27,EUR/PKR,1M,294.5221,295.4057,293.6385
2025-01-27,EUR/PKR,2M,296.8011,297.6915,295.9107
2025-01-27,EUR/PKR,3M,299.0800,299.9772,298.1828
2025-01-27,EUR/PKR,SPOT,292.2431,293.1198,291.3664
2025-01-27,GBP/PKR,1M,351.4983,352.5528,350.4438
2025-01-27,GBP/PKR,2M,353.8480,354.9095,352.7865
2025-01-27,GBP/PKR,3M,356.1977,357.2663,355.1291
2025-01-27,GBP/PKR,SPOT,349.1486,350.1960,348.1012
2025-01-27,PKR_MM,1M,12.3879,12.4279,12.3479
2025-01-27,PKR_MM,1W,12.1619,12.2019,12.1219
2025-01-27,PKR_MM,2M,12.4651,12.5051,12.4251
2025-01-27,PKR_MM,2W,12.2647,12.3047,12.2247
2025-01-27,PKR_MM,3M,12.5327,12.5727,12.4927
2025-01-27,PKR_TBILL,12M,12.7945,12.8245,12.7645
2025-01-27,PKR_TBILL,3M,12.5011,12.5311,12.4711
2025-01-27,PKR_TBILL,6M,12.6314,12.6614,12.6014
2025-01-27,USD/PKR,1M,280.7656,281.6079,279.9233
2025-01-27,USD/PKR,2M,282.5741,283.4218,281.7264
2025-01-27,USD/PKR,3M,284.3826,285.2357,283.5295
2025-01-27,USD/PKR,SPOT,278.9570,279.7939,278.1201
2025-01-28,AED/PKR,1M,76.4259,76.6552,76.1966
2025-01-28,AED/PKR,2M,76.9108,77.1415,76.6801
2025-01-28,AED/PKR,3M,77.3957,77.6279,77.1635
2025-01-28,AED/PKR,SPOT,75.9410,76.1688,75.7132
2025-01-28,EUR/PKR,1M,293.6635,294.5445,292.7825
2025-01-28,EUR/PKR,2M,295.9313,296.8191,295.0435
2025-01-28,EUR/PKR,3M,298.1991,299.0937,297.3045
2025-01-28,EUR/PKR,SPOT,291.3956,292.2698,290.5214
2025-01-28,GBP/PKR,1M,351.9509,353.0068,350.8950
2025-01-28,GBP/PKR,2M,354.2982,355.3611,353.2353
2025-01-28,GBP/PKR,3M,356.6455,357.7154,355.5756
2025-01-28,GBP/PKR,SPOT,349.6037,350.6525,348.5549
2025-01-28,PKR_MM,1M,12.3688,12.4088,12.3288
2025-01-28,PKR_MM,1W,12.1764,12.2164,12.1364
2025-01-28,PKR_MM,2M,12.4328,12.4728,12.3928
2025-01-28,PKR_MM,2W,12.2256,12.2656,12.1856
2025-01-28,PKR_MM,3M,12.5418,12.5818,12.5018
2025-01-28,PKR_TBILL,12M,12.7575,12.7875,12.7275
2025-01-28,PKR_TBILL,3M,12.4612,12.4912,12.4312
2025-01-28,PKR_TBILL,6M,12.6305,12.6605,12.6005
2025-01-28,USD/PKR,1M,280.9052,281.7479,280.0625
2025-01-28,USD/PKR,2M,282.7103,283.5584,281.8622
2025-01-28,USD/PKR,3M,284.5153,285.3688,283.6618
2025-01-28,USD/PKR,SPOT,279.1001,279.9374,278.2628
2025-01-29,AED/PKR,1M,76.4883,76.7178,76.2588
2025-01-29,AED/PKR,2M,76.9721,77.2030,76.7412
2025-01-29,AED/PKR,3M,77.4559,77.6883,77.2235
2025-01-29,AED/PKR,SPOT,76.0044,76.2324,75.7764
2025-01-29,EUR/PKR,1M,293.5687,294.4494,292.6880
2025-01-29,EUR/PKR,2M,295.8301,296.7176,294.9426
2025-01-29,EUR/PKR,3M,298.0915,298.9858,297.1972
2025-01-29,EUR/PKR,SPOT,291.3073,292.1812,290.4334
2025-01-29,GBP/PKR,1M,353.2229,354.2826,352.1632
2025-01-29,GBP/PKR,2M,355.5718,356.6385,354.5051
2025-01-29,GBP/PKR,3M,357.9207,358.9945,356.8469
2025-01-29,GBP/PKR,SPOT,350.8740,351.9266,349.8214
2025-01-29,PKR_MM,1M,12.3449,12.3849,12.3049
2025-01-29,PKR_MM,1W,12.1443,12.1843,12.1043
2025-01-29,PKR_MM,2M,12.4235,12.4635,12.3835
2025-01-29,PKR_MM,2W,12.1956,12.2356,12.1556
2025-01-29,PKR_MM,3M,12.5151,12.5551,12.4751
2025-01-29,PKR_TBILL,12M,12.7207,12.7507,12.6907
2025-01-29,PKR_TBILL,3M,12.4168,12.4468,12.3868
2025-01-29,PKR_TBILL,6M,12.5902,12.6202,12.5602
2025-01-29,USD/PKR,1M,280.9183,281.7611,280.0755
2025-01-29,USD/PKR,2M,282.7180,283.5662,281.8698
2025-01-29,USD/PKR,3M,284.5177,285.3713,283.6641
2025-01-29,USD/PKR,SPOT,279.1185,279.9559,278.2811
2025-01-30,AED/PKR,1M,76.5576,76.7873,76.3279
2025-01-30,AED/PKR,2M,77.0395,77.2706,76.8084
2025-01-30,AED/PKR,3M,77.5215,77.7541,77.2889
2025-01-30,AED/PKR,SPOT,76.0756,76.3038,75.8474
2025-01-30,EUR/PKR,1M,293.4382,294.3185,292.5579
2025-01-30,EUR/PKR,2M,295.6898,296.5769,294.8027
2025-01-30,EUR/PKR,3M,297.9415,298.8353,297.0477
2025-01-30,EUR/PKR,SPOT,291.1865,292.0601,290.3129
2025-01-30,GBP/PKR,1M,351.8993,352.9550,350.8436
2025-01-30,GBP/PKR,2M,354.2289,355.2916,353.1662
2025-01-30,GBP/PKR,3M,356.5585,357.6282,355.4888
2025-01-30,GBP/PKR,SPOT,349.5697,350.6184,348.5210
2025-01-30,PKR_MM,1M,12.3081,12.3481,12.2681
2025-01-30,PKR_MM,1W,12.0785,12.1185,12.0385
2025-01-30,PKR_MM,2M,12.4182,12.4582,12.3782
2025-01-30,PKR_MM,2W,12.1842,12.2242,12.1442
2025-01-30,PKR_MM,3M,12.4922,12.5322,12.4522
2025-01-30,PKR_TBILL,12M,12.6705,12.7005,12.6405
2025-01-30,PKR_TBILL,3M,12.4221,12.4521,12.3921
2025-01-30,PKR_TBILL,6M,12.5694,12.5994,12.5394
2025-01-30,USD/PKR,1M,280.8390,281.6815,279.9965
2025-01-30,USD/PKR,2M,282.6298,283.4777,281.7819
2025-01-30,USD/PKR,3M,284.4206,285.2739,283.5673
2025-01-30,USD/PKR,SPOT,279.0482,279.8853,278.2111
2025-01-31,AED/PKR,1M,76.5057,76.7352,76.2762
2025-01-31,AED/PKR,2M,76.9860,77.2170,76.7550
2025-01-31,AED/PKR,3M,77.4663,77.6987,77.2339
2025-01-31,AED/PKR,SPOT,76.0255,76.2536,75.7974
2025-01-31,EUR/PKR,1M,294.2396,295.1223,293.3569
2025-01-31,EUR/PKR,2M,296.4922,297.3817,295.6027
2025-01-31,EUR/PKR,3M,298.7447,299.6409,297.8485
2025-01-31,EUR/PKR,SPOT,291.9870,292.8630,291.1110
2025-01-31,GBP/PKR,1M,353.3215,354.3815,352.2615
2025-01-31,GBP/PKR,2M,355.6542,356.7212,354.5872
2025-01-31,GBP/PKR,3M,357.9869,359.0609,356.9129
2025-01-31,GBP/PKR,SPOT,350.9888,352.0418,349.9358
2025-01-31,PKR_MM,1M,12.2861,12.3261,12.2461
2025-01-31,PKR_MM,1W,12.0428,12.0828,12.0028
2025-01-31,PKR_MM,2M,12.4035,12.4435,12.3635
2025-01-31,PKR_MM,2W,12.1695,12.2095,12.1295
2025-01-31,PKR_MM,3M,12.4407,12.4807,12.4007
2025-01-31,PKR_TBILL,12M,12.6935,12.7235,12.6635
2025-01-31,PKR_TBILL,3M,12.3649,12.3949,12.3349
2025-01-31,PKR_TBILL,6M,12.5522,12.5822,12.5222
2025-01-31,USD/PKR,1M,281.0831,281.9263,280.2399
2025-01-31,USD/PKR,2M,282.8704,283.7190,282.0218
2025-01-31,USD/PKR,3M,284.6578,285.5118,283.8038
2025-01-31,USD/PKR,SPOT,279.2957,280.1336,278.4578
2025-02-03,AED/PKR,1M,76.4812,76.7106,76.2518
2025-02-03,AED/PKR,2M,76.9617,77.1926,76.7308
2025-02-03,AED/PKR,3M,77.4421,77.6744,77.2098
2025-02-03,AED/PKR,SPOT,76.0008,76.2288,75.7728
2025-02-03,EUR/PKR,1M,294.5195,295.4031,293.6359
2025-02-03,EUR/PKR,2M,296.7754,297.6657,295.8851
2025-02-03,EUR/PKR,3M,299.0313,299.9284,298.1342
2025-02-03,EUR/PKR,SPOT,292.2636,293.1404,291.3868
2025-02-03,GBP/PKR,1M,352.1062,353.1625,351.0499
2025-02-03,GBP/PKR,2M,354.4323,355.4956,353.3690
2025-02-03,GBP/PKR,3M,356.7584,357.8287,355.6881
2025-02-03,GBP/PKR,SPOT,349.7800,350.8293,348.7307
2025-02-03,PKR_MM,1M,12.2911,12.3311,12.2511
2025-02-03,PKR_MM,1W,12.0511,12.0911,12.0111
2025-02-03,PKR_MM,2M,12.3653,12.4053,12.3253
2025-02-03,PKR_MM,2W,12.1401,12.1801,12.1001
2025-02-03,PKR_MM,3M,12.4656,12.5056,12.4256
2025-02-03,PKR_TBILL,12M,12.6437,12.6737,12.6137
2025-02-03,PKR_TBILL,3M,12.3919,12.4219,12.3619
2025-02-03,PKR_TBILL,6M,12.5223,12.5523,12.4923
2025-02-03,USD/PKR,1M,281.2864,282.1303,280.4425
2025-02-03,USD/PKR,2M,283.0762,283.9254,282.2270
2025-02-03,USD/PKR,3M,284.8660,285.7206,284.0114
2025-02-03,USD/PKR,SPOT,279.4966,280.3351,278.6581
2025-02-04,AED/PKR,1M,76.6245,76.8544,76.3946
2025-02-04,AED/PKR,2M,77.1028,77.3341,76.8715
2025-02-04,AED/PKR,3M,77.5810,77.8137,77.3483
2025-02-04,AED/PKR,SPOT,76.1463,76.3747,75.9179
2025-02-04,EUR/PKR,1M,295.4305,296.3168,294.5442
2025-02-04,EUR/PKR,2M,297.6814,298.5744,296.7884
2025-02-04,EUR/PKR,3M,299.9324,300.8322,299.0326
2025-02-04,EUR/PKR,SPOT,293.1795,294.0590,292.3000
2025-02-04,GBP/PKR,1M,353.1980,354.2576,352.1384
2025-02-04,GBP/PKR,2M,355.5170,356.5836,354.4504
2025-02-04,GBP/PKR,3M,357.8361,358.9096,356.7626
2025-02-04,GBP/PKR,SPOT,350.8790,351.9316,349.8264
2025-02-04,PKR_MM,1M,12.2412,12.2812,12.2012
2025-02-04,PKR_MM,1W,11.9993,12.0393,11.9593
2025-02-04,PKR_MM,2M,12.3377,12.3777,12.2977
2025-02-04,PKR_MM,2W,12.1111,12.1511,12.0711
2025-02-04,PKR_MM,3M,12.4113,12.4513,12.3713
2025-02-04,PKR_TBILL,12M,12.6004,12.6304,12.5704
2025-02-04,PKR_TBILL,3M,12.3458,12.3758,12.3158
2025-02-04,PKR_TBILL,6M,12.4563,12.4863,12.4263
2025-02-04,USD/PKR,1M,280.8864,281.7291,280.0437
2025-02-04,USD/PKR,2M,282.6622,283.5102,281.8142
2025-02-04,USD/PKR,3M,284.4381,285.2914,283.5848
2025-02-04,USD/PKR,SPOT,279.1105,279.9478,278.2732
2025-02-06,AED/PKR,1M,76.6529,76.8829,76.4229
2025-02-06,AED/PKR,2M,77.1312,77.3626,76.8998
2025-02-06,AED/PKR,3M,77.6095,77.8423,77.3767
2025-02-06,AED/PKR,SPOT,76.1747,76.4032,75.9462
2025-02-06,EUR/PKR,1M,295.5924,296.4792,294.7056
2025-02-06,EUR/PKR,2M,297.8440,298.7375,296.9505
2025-02-06,EUR/PKR,3M,300.0956,300.9959,299.1953
2025-02-06,EUR/PKR,SPOT,293.3408,294.2208,292.4608
2025-02-06,GBP/PKR,1M,352.4415,353.4988,351.3842
2025-02-06,GBP/PKR,2M,354.7549,355.8192,353.6906
2025-02-06,GBP/PKR,3M,357.0682,358.1394,355.9970
2025-02-06,GBP/PKR,SPOT,350.1282,351.1786,349.0778
2025-02-06,PKR_MM,1M,12.2387,12.2787,12.1987
2025-02-06,PKR_MM,1W,11.9924,12.0324,11.9524
2025-02-06,PKR_MM,2M,12.3245,12.3645,12.2845
2025-02-06,PKR_MM,2W,12.0898,12.1298,12.0498
2025-02-06,PKR_MM,3M,12.3941,12.4341,12.3541
2025-02-06,PKR_TBILL,12M,12.6478,12.6778,12.6178
2025-02-06,PKR_TBILL,3M,12.3209,12.3509,12.2909
2025-02-06,PKR_TBILL,6M,12.4511,12.4811,12.4211
2025-02-06,USD/PKR,1M,281.3721,282.2162,280.5280
2025-02-06,USD/PKR,2M,283.1504,283.9999,282.3009
2025-02-06,USD/PKR,3M,284.9288,285.7836,284.0740
2025-02-06,USD/PKR,SPOT,279.5937,280.4325,278.7549
2025-02-07,AED/PKR,1M,76.5413,76.7709,76.3117
2025-02-07,AED/PKR,2M,77.0209,77.2520,76.7898
2025-02-07,AED/PKR,3M,77.5005,77.7330,77.2680
2025-02-07,AED/PKR,SPOT,76.0618,76.2900,75.8336
2025-02-07,EUR/PKR,1M,294.1935,295.0761,293.3109
2025-02-07,EUR/PKR,2M,296.4421,297.3314,295.5528
2025-02-07,EUR/PKR,3M,298.6907,299.5868,297.7946
2025-02-07,EUR/PKR,SPOT,291.9449,292.8207,291.0691
2025-02-07,GBP/PKR,1M,353.0352,354.0943,351.9761
2025-02-07,GBP/PKR,2M,355.3616,356.4277,354.2955
2025-02-07,GBP/PKR,3M,357.6881,358.7612,356.6150
2025-02-07,GBP/PKR,SPOT,350.7087,351.7608,349.6566
2025-02-07,PKR_MM,1M,12.2710,12.3110,12.2310
2025-02-07,PKR_MM,1W,12.0394,12.0794,11.9994
2025-02-07,PKR_MM,2M,12.3749,12.4149,12.3349
2025-02-07,PKR_MM,2W,12.1322,12.1722,12.0922
2025-02-07,PKR_MM,3M,12.4328,12.4728,12.3928
2025-02-07,PKR_TBILL,12M,12.6679,12.6979,12.6379
2025-02-07,PKR_TBILL,3M,12.3436,12.3736,12.3136
2025-02-07,PKR_TBILL,6M,12.5061,12.5361,12.4761
2025-02-07,USD/PKR,1M,281.2660,282.1098,280.4222
2025-02-07,USD/PKR,2M,283.0511,283.9003,282.2019
2025-02-07,USD/PKR,3M,284.8362,285.6907,283.9817
2025-02-07,USD/PKR,SPOT,279.4810,280.3194,278.6426
2025-02-10,AED/PKR,1M,76.6159,76.8457,76.3861
2025-02-10,AED/PKR,2M,77.0952,77.3265,76.8639
2025-02-10,AED/PKR,3M,77.5745,77.8072,77.3418
2025-02-10,AED/PKR,SPOT,76.1365,76.3649,75.9081
2025-02-10,EUR/PKR,1M,294.1970,295.0796,293.3144
2025-02-10,EUR/PKR,2M,296.4430,297.3323,295.5537
2025-02-10,EUR/PKR,3M,298.6889,299.5850,297.7928
2025-02-10,EUR/PKR,SPOT,291.9511,292.8270,291.0752
2025-02-10,GBP/PKR,1M,353.0415,354.1006,351.9824
2025-02-10,GBP/PKR,2M,355.3648,356.4309,354.2987
2025-02-10,GBP/PKR,3M,357.6880,358.7611,356.6149
2025-02-10,GBP/PKR,SPOT,350.7182,351.7704,349.6660
2025-02-10,PKR_MM,1M,12.2596,12.2996,12.2196
2025-02-10,PKR_MM,1W,12.0355,12.0755,11.9955
2025-02-10,PKR_MM,2M,12.3601,12.4001,12.3201
2025-02-10,PKR_MM,2W,12.1061,12.1461,12.0661
2025-02-10,PKR_MM,3M,12.4443,12.4843,12.4043
2025-02-10,PKR_TBILL,12M,12.6292,12.6592,12.5992
2025-02-10,PKR_TBILL,3M,12.3738,12.4038,12.3438
2025-02-10,PKR_TBILL,6M,12.4854,12.5154,12.4554
2025-02-10,USD/PKR,1M,281.0916,281.9349,280.2483
2025-02-10,USD/PKR,2M,282.8730,283.7216,282.0244
2025-02-10,USD/PKR,3M,284.6543,285.5083,283.8003
2025-02-10,USD/PKR,SPOT,279.3102,280.1481,278.4723
2025-02-11,AED/PKR,1M,76.6763,76.9063,76.4463
2025-02-11,AED/PKR,2M,77.1507,77.3822,76.9192
2025-02-11,AED/PKR,3M,77.6251,77.8580,77.3922
2025-02-11,AED/PKR,SPOT,76.2018,76.4304,75.9732
2025-02-11,EUR/PKR,1M,295.2458,296.1315,294.3601
2025-02-11,EUR/PKR,2M,297.4796,298.3720,296.5872
2025-02-11,EUR/PKR,3M,299.7133,300.6124,298.8142
2025-02-11,EUR/PKR,SPOT,293.0121,293.8911,292.1331
2025-02-11,GBP/PKR,1M,351.9219,352.9777,350.8661
2025-02-11,GBP/PKR,2M,354.2137,355.2763,353.1511
2025-02-11,GBP/PKR,3M,356.5055,357.5750,355.4360
2025-02-11,GBP/PKR,SPOT,349.6301,350.6790,348.5812
2025-02-11,PKR_MM,1M,12.1751,12.2151,12.1351
2025-02-11,PKR_MM,1W,11.9369,11.9769,11.8969
2025-02-11,PKR_MM,2M,12.2381,12.2781,12.1981
2025-02-11,PKR_MM,2W,12.0307,12.0707,11.9907
2025-02-11,PKR_MM,3M,12.3285,12.3685,12.2885
2025-02-11,PKR_TBILL,12M,12.5786,12.6086,12.5486
2025-02-11,PKR_TBILL,3M,12.2967,12.3267,12.2667
2025-02-11,PKR_TBILL,6M,12.4316,12.4616,12.4016
2025-02-11,USD/PKR,1M,281.2391,282.0828,280.3954
2025-02-11,USD/PKR,2M,283.0021,283.8511,282.1531
2025-02-11,USD/PKR,3M,284.7651,285.6194,283.9108
2025-02-11,USD/PKR,SPOT,279.4761,280.3145,278.6377
2025-02-12,AED/PKR,1M,76.6669,76.8969,76.4369
2025-02-12,AED/PKR,2M,77.1418,77.3732,76.9104
2025-02-12,AED/PKR,3M,77.6167,77.8496,77.3838
2025-02-12,AED/PKR,SPOT,76.1920,76.4206,75.9634
2025-02-12,EUR/PKR,1M,295.1066,295.9919,294.2213
2025-02-12,EUR/PKR,2M,297.3413,298.2333,296.4493
2025-02-12,EUR/PKR,3M,299.5760,300.4747,298.6773
2025-02-12,EUR/PKR,SPOT,292.8720,293.7506,291.9934
2025-02-12,GBP/PKR,1M,353.3472,354.4072,352.2872
2025-02-12,GBP/PKR,2M,355.6507,356.7177,354.5837
2025-02-12,GBP/PKR,3M,357.9541,359.0280,356.8802
2025-02-12,GBP/PKR,SPOT,351.0438,352.0969,349.9907
2025-02-12,PKR_MM,1M,12.1834,12.2234,12.1434
2025-02-12,PKR_MM,1W,11.9694,12.0094,11.9294
2025-02-12,PKR_MM,2M,12.2653,12.3053,12.2253
2025-02-12,PKR_MM,2W,12.0229,12.0629,11.9829
2025-02-12,PKR_MM,3M,12.3281,12.3681,12.2881
2025-02-12,PKR_TBILL,12M,12.5424,12.5724,12.5124
2025-02-12,PKR_TBILL,3M,12.2604,12.2904,12.2304
2025-02-12,PKR_TBILL,6M,12.4239,12.4539,12.3939
2025-02-12,USD/PKR,1M,281.6278,282.4727,280.7829
2025-02-12,USD/PKR,2M,283.3952,284.2454,282.5450
2025-02-12,USD/PKR,3M,285.1626,286.0181,284.3071
2025-02-12,USD/PKR,SPOT,279.8605,280.7001,279.0209
2025-02-13,AED/PKR,1M,76.5397,76.7693,76.3101
2025-02-13,AED/PKR,2M,77.0142,77.2452,76.7832
2025-02-13,AED/PKR,3M,77.4887,77.7212,77.2562
2025-02-13,AED/PKR,SPOT,76.0651,76.2933,75.8369
2025-02-13,EUR/PKR,1M,295.5290,296.4156,294.6424
2025-02-13,EUR/PKR,2M,297.7686,298.6619,296.8753
2025-02-13,EUR/PKR,3M,300.0081,300.9081,299.1081
2025-02-13,EUR/PKR,SPOT,293.2895,294.1694,292.4096
2025-02-13,GBP/PKR,1M,353.5561,354.6168,352.4954
2025-02-13,GBP/PKR,2M,355.8629,356.9305,354.7953
2025-02-13,GBP/PKR,3M,358.1697,359.2442,357.0952
2025-02-13,GBP/PKR,SPOT,351.2493,352.3030,350.1956
2025-02-13,PKR_MM,1M,12.1904,12.2304,12.1504
2025-02-13,PKR_MM,1W,11.9782,12.0182,11.9382
2025-02-13,PKR_MM,2M,12.2834,12.3234,12.2434
2025-02-13,PKR_MM,2W,12.0666,12.1066,12.0266
2025-02-13,PKR_MM,3M,12.3637,12.4037,12.3237
2025-02-13,PKR_TBILL,12M,12.5660,12.5960,12.5360
2025-02-13,PKR_TBILL,3M,12.2944,12.3244,12.2644
2025-02-13,PKR_TBILL,6M,12.4170,12.4470,12.3870
2025-02-13,USD/PKR,1M,281.5286,282.3732,280.6840
2025-02-13,USD/PKR,2M,283.2970,284.1469,282.4471
2025-02-13,USD/PKR,3M,285.0653,285.9205,284.2101
2025-02-13,USD/PKR,SPOT,279.7603,280.5996,278.9210
2025-02-14,AED/PKR,1M,76.6680,76.8980,76.4380
2025-02-14,AED/PKR,2M,77.1439,77.3753,76.9125
2025-02-14,AED/PKR,3M,77.6198,77.8527,77.3869
2025-02-14,AED/PKR,SPOT,76.1921,76.4207,75.9635
2025-02-14,EUR/PKR,1M,294.8910,295.7757,294.0063
2025-02-14,EUR/PKR,2M,297.1279,298.0193,296.2365
2025-02-14,EUR/PKR,3M,299.3648,300.2629,298.4667
2025-02-14,EUR/PKR,SPOT,292.6542,293.5322,291.7762
2025-02-14,GBP/PKR,1M,352.4813,353.5387,351.4239
2025-02-14,GBP/PKR,2M,354.7837,355.8481,353.7193
2025-02-14,GBP/PKR,3M,357.0860,358.1573,356.0147
2025-02-14,GBP/PKR,SPOT,350.1789,351.2294,349.1284
2025-02-14,PKR_MM,1M,12.1994,12.2394,12.1594
2025-02-14,PKR_MM,1W,11.9526,11.9926,11.9126
2025-02-14,PKR_MM,2M,12.3001,12.3401,12.2601
2025-02-14,PKR_MM,2W,12.0577,12.0977,12.0177
2025-02-14,PKR_MM,3M,12.3574,12.3974,12.3174
2025-02-14,PKR_TBILL,12M,12.5555,12.5855,12.5255
2025-02-14,PKR_TBILL,3M,12.3246,12.3546,12.2946
2025-02-14,PKR_TBILL,6M,12.4633,12.4933,12.4333
2025-02-14,USD/PKR,1M,281.7428,282.5880,280.8976
2025-02-14,USD/PKR,2M,283.5145,284.3650,282.6640
2025-02-14,USD/PKR,3M,285.2863,286.1422,284.4304
2025-02-14,USD/PKR,SPOT,279.9711,280.8110,279.1312
2025-02-17,AED/PKR,1M,76.5889,76.8187,76.3591
2025-02-17,AED/PKR,2M,77.0595,77.2907,76.8283
2025-02-17,AED/PKR,3M,77.5301,77.7627,77.2975
2025-02-17,AED/PKR,SPOT,76.1183,76.3467,75.8899
2025-02-17,EUR/PKR,1M,295.2327,296.1184,294.3470
2025-02-17,EUR/PKR,2M,297.4537,298.3461,296.5613
2025-02-17,EUR/PKR,3M,299.6747,300.5737,298.7757
2025-02-17,EUR/PKR,SPOT,293.0118,293.8908,292.1328
2025-02-17,GBP/PKR,1M,353.4552,354.5156,352.3948
2025-02-17,GBP/PKR,2M,355.7418,356.8090,354.6746
2025-02-17,GBP/PKR,3M,358.0284,359.1025,356.9543
2025-02-17,GBP/PKR,SPOT,351.1687,352.2222,350.1152
2025-02-17,PKR_MM,1M,12.1221,12.1621,12.0821
2025-02-17,PKR_MM,1W,11.9001,11.9401,11.8601
2025-02-17,PKR_MM,2M,12.1979,12.2379,12.1579
2025-02-17,PKR_MM,2W,11.9808,12.0208,11.9408
2025-02-17,PKR_MM,3M,12.2873,12.3273,12.2473
2025-02-17,PKR_TBILL,12M,12.5036,12.5336,12.4736
2025-02-17,PKR_TBILL,3M,12.1945,12.2245,12.1645
2025-02-17,PKR_TBILL,6M,12.3810,12.4110,12.3510
2025-02-17,USD/PKR,1M,281.4487,282.2930,280.6044
2025-02-17,USD/PKR,2M,283.2010,284.0506,282.3514
2025-02-17,USD/PKR,3M,284.9532,285.8081,284.0983
2025-02-17,USD/PKR,SPOT,279.6965,280.5356,278.8574
2025-02-18,AED/PKR,1M,76.6011,76.8309,76.3713
2025-02-18,AED/PKR,2M,77.0737,77.3049,76.8425
2025-02-18,AED/PKR,3M,77.5464,77.7790,77.3138
2025-02-18,AED/PKR,SPOT,76.1285,76.3569,75.9001
2025-02-18,EUR/PKR,1M,296.0028,296.8908,295.1148
2025-02-18,EUR/PKR,2M,298.2370,299.1317,297.3423
2025-02-18,EUR/PKR,3M,300.4713,301.3727,299.5699
2025-02-18,EUR/PKR,SPOT,293.7685,294.6498,292.8872
2025-02-18,GBP/PKR,1M,352.2293,353.2860,351.1726
2025-02-18,GBP/PKR,2M,354.5169,355.5805,353.4533
2025-02-18,GBP/PKR,3M,356.8045,357.8749,355.7341
2025-02-18,GBP/PKR,SPOT,349.9418,350.9916,348.8920
2025-02-18,PKR_MM,1M,12.1534,12.1934,12.1134
2025-02-18,PKR_MM,1W,11.9557,11.9957,11.9157
2025-02-18,PKR_MM,2M,12.2182,12.2582,12.1782
2025-02-18,PKR_MM,2W,12.0424,12.0824,12.0024
2025-02-18,PKR_MM,3M,12.3132,12.3532,12.2732
2025-02-18,PKR_TBILL,12M,12.5078,12.5378,12.4778
2025-02-18,PKR_TBILL,3M,12.2444,12.2744,12.2144
2025-02-18,PKR_TBILL,6M,12.4061,12.4361,12.3761
2025-02-18,USD/PKR,1M,281.2905,282.1344,280.4466
2025-02-18,USD/PKR,2M,283.0489,283.8980,282.1998
2025-02-18,USD/PKR,3M,284.8073,285.6617,283.9529
2025-02-18,USD/PKR,SPOT,279.5322,280.3708,278.6936
2025-02-19,AED/PKR,1M,76.6303,76.8602,76.4004
2025-02-19,AED/PKR,2M,77.1023,77.3336,76.8710
2025-02-19,AED/PKR,3M,77.5742,77.8069,77.3415
2025-02-19,AED/PKR,SPOT,76.1584,76.3869,75.9299
2025-02-19,EUR/PKR,1M,296.0596,296.9478,295.1714
2025-02-19,EUR/PKR,2M,298.2909,299.1858,297.3960
2025-02-19,EUR/PKR,3M,300.5223,301.4239,299.6207
2025-02-19,EUR/PKR,SPOT,293.8282,294.7097,292.9467
2025-02-19,GBP/PKR,1M,352.7440,353.8022,351.6858
2025-02-19,GBP/PKR,2M,355.0309,356.0960,353.9658
2025-02-19,GBP/PKR,3M,357.3179,358.3899,356.2459
2025-02-19,GBP/PKR,SPOT,350.4570,351.5084,349.4056
2025-02-19,PKR_MM,1M,12.1395,12.1795,12.0995
2025-02-19,PKR_MM,1W,11.9417,11.9817,11.9017
2025-02-19,PKR_MM,2M,12.2336,12.2736,12.1936
2025-02-19,PKR_MM,2W,11.9780,12.0180,11.9380
2025-02-19,PKR_MM,3M,12.2897,12.3297,12.2497
2025-02-19,PKR_TBILL,12M,12.5123,12.5423,12.4823
2025-02-19,PKR_TBILL,3M,12.2614,12.2914,12.2314
2025-02-19,PKR_TBILL,6M,12.3947,12.4247,12.3647
2025-02-19,USD/PKR,1M,281.3131,282.1570,280.4692
2025-02-19,USD/PKR,2M,283.0685,283.9177,282.2193
2025-02-19,USD/PKR,3M,284.8238,285.6783,283.9693
2025-02-19,USD/PKR,SPOT,279.5578,280.3965,278.7191
2025-02-20,AED/PKR,1M,76.6233,76.8532,76.3934
2025-02-20,AED/PKR,2M,77.0914,77.3227,76.8601
2025-02-20,AED/PKR,3M,77.5595,77.7922,77.3268
2025-02-20,AED/PKR,SPOT,76.1551,76.3836,75.9266
2025-02-20,EUR/PKR,1M,295.8029,296.6903,294.9155
2025-02-20,EUR/PKR,2M,298.0178,298.9119,297.1237
2025-02-20,EUR/PKR,3M,300.2328,301.1335,299.3321
2025-02-20,EUR/PKR,SPOT,293.5879,294.4687,292.7071
2025-02-20,GBP/PKR,1M,352.4108,353.4680,351.3536
2025-02-20,GBP/PKR,2M,354.6783,355.7423,353.6143
2025-02-20,GBP/PKR,3M,356.9459,358.0167,355.8751
2025-02-20,GBP/PKR,SPOT,350.1433,351.1937,349.0929
2025-02-20,PKR_MM,1M,12.0791,12.1191,12.0391
2025-02-20,PKR_MM,1W,11.8600,11.9000,11.8200
2025-02-20,PKR_MM,2M,12.1568,12.1968,12.1168
2025-02-20,PKR_MM,2W,11.9658,12.0058,11.9258
2025-02-20,PKR_MM,3M,12.2225,12.2625,12.1825
2025-02-20,PKR_TBILL,12M,12.4496,12.4796,12.4196
2025-02-20,PKR_TBILL,3M,12.2026,12.2326,12.1726
2025-02-20,PKR_TBILL,6M,12.3355,12.3655,12.3055
2025-02-20,USD/PKR,1M,281.8776,282.7232,281.0320
2025-02-20,USD/PKR,2M,283.6227,284.4736,282.7718
2025-02-20,USD/PKR,3M,285.3677,286.2238,284.5116
2025-02-20,USD/PKR,SPOT,280.1326,280.9730,279.2922
2025-02-21,AED/PKR,1M,76.7552,76.9855,76.5249
2025-02-21,AED/PKR,2M,77.2258,77.4575,76.9941
2025-02-21,AED/PKR,3M,77.6965,77.9296,77.4634
2025-02-21,AED/PKR,SPOT,76.2846,76.5135,76.0557
2025-02-21,EUR/PKR,1M,295.8846,296.7723,294.9969
2025-02-21,EUR/PKR,2M,298.1067,299.0010,297.2124
2025-02-21,EUR/PKR,3M,300.3287,301.2297,299.4277
2025-02-21,EUR/PKR,SPOT,293.6625,294.5435,292.7815
2025-02-21,GBP/PKR,1M,353.7348,354.7960,352.6736
2025-02-21,GBP/PKR,2M,356.0186,357.0867,354.9505
2025-02-21,GBP/PKR,3M,358.3025,359.3774,357.2276
2025-02-21,GBP/PKR,SPOT,351.4510,352.5054,350.3966
2025-02-21,PKR_MM,1M,12.1062,12.1462,12.0662
2025-02-21,PKR_MM,1W,11.8933,11.9333,11.8533
2025-02-21,PKR_MM,2M,12.1824,12.2224,12.1424
2025-02-21,PKR_MM,2W,11.9664,12.0064,11.9264
2025-02-21,PKR_MM,3M,12.2975,12.3375,12.2575
2025-02-21,PKR_TBILL,12M,12.4764,12.5064,12.4464
2025-02-21,PKR_TBILL,3M,12.2299,12.2599,12.1999
2025-02-21,PKR_TBILL,6M,12.3744,12.4044,12.3444
2025-02-21,USD/PKR,1M,281.5878,282.4326,280.7430
2025-02-21,USD/PKR,2M,283.3372,284.1872,282.4872
2025-02-21,USD/PKR,3M,285.0867,285.9420,284.2314
2025-02-21,USD/PKR,SPOT,279.8383,280.6778,278.9988
2025-02-24,AED/PKR,1M,76.6852,76.9153,76.4551
2025-02-24,AED/PKR,2M,77.1516,77.3831,76.9201
2025-02-24,AED/PKR,3M,77.6181,77.8510,77.3852
2025-02-24,AED/PKR,SPOT,76.2187,76.4474,75.9900
2025-02-24,EUR/PKR,1M,296.7394,297.6296,295.8492
2025-02-24,EUR/PKR,2M,298.9535,299.8504,298.0566
2025-02-24,EUR/PKR,3M,301.1676,302.0711,300.2641
2025-02-24,EUR/PKR,SPOT,294.5253,295.4089,293.6417
2025-02-24,GBP/PKR,1M,353.2916,354.3515,352.2317
2025-02-24,GBP/PKR,2M,355.5554,356.6221,354.4887
2025-02-24,GBP/PKR,3M,357.8191,358.8926,356.7456
2025-02-24,GBP/PKR,SPOT,351.0279,352.0810,349.9748
2025-02-24,PKR_MM,1M,12.0462,12.0862,12.0062
2025-02-24,PKR_MM,1W,11.8369,11.8769,11.7969
2025-02-24,PKR_MM,2M,12.1325,12.1725,12.0925
2025-02-24,PKR_MM,2W,11.9162,11.9562,11.8762
2025-02-24,PKR_MM,3M,12.2050,12.2450,12.1650
2025-02-24,PKR_TBILL,12M,12.4483,12.4783,12.4183
2025-02-24,PKR_TBILL,3M,12.1349,12.1649,12.1049
2025-02-24,PKR_TBILL,6M,12.2586,12.2886,12.2286
2025-02-24,USD/PKR,1M,281.8030,282.6484,280.9576
2025-02-24,USD/PKR,2M,283.5401,284.3907,282.6895
2025-02-24,USD/PKR,3M,285.2772,286.1330,284.4214
2025-02-24,USD/PKR,SPOT,280.0660,280.9062,279.2258
2025-02-25,AED/PKR,1M,76.6701,76.9001,76.4401
2025-02-25,AED/PKR,2M,77.1378,77.3692,76.9064
2025-02-25,AED/PKR,3M,77.6056,77.8384,77.3728
2025-02-25,AED/PKR,SPOT,76.2023,76.4309,75.9737
2025-02-25,EUR/PKR,1M,296.9905,297.8815,296.0995
2025-02-25,EUR/PKR,2M,299.2117,300.1093,298.3141
2025-02-25,EUR/PKR,3M,301.4330,302.3373,300.5287
2025-02-25,EUR/PKR,SPOT,294.7692,295.6535,293.8849
2025-02-25,GBP/PKR,1M,353.7174,354.7786,352.6562
2025-02-25,GBP/PKR,2M,355.9903,357.0583,354.9223
2025-02-25,GBP/PKR,3M,358.2631,359.3379,357.1883
2025-02-25,GBP/PKR,SPOT,351.4446,352.4989,350.3903
2025-02-25,PKR_MM,1M,12.0683,12.1083,12.0283
2025-02-25,PKR_MM,1W,11.8413,11.8813,11.8013
2025-02-25,PKR_MM,2M,12.1310,12.1710,12.0910
2025-02-25,PKR_MM,2W,11.9485,11.9885,11.9085
2025-02-25,PKR_MM,3M,12.2342,12.2742,12.1942
2025-02-25,PKR_TBILL,12M,12.4781,12.5081,12.4481
2025-02-25,PKR_TBILL,3M,12.1751,12.2051,12.1451
2025-02-25,PKR_TBILL,6M,12.3046,12.3346,12.2746
2025-02-25,USD/PKR,1M,281.5694,282.4141,280.7247
2025-02-25,USD/PKR,2M,283.3101,284.1600,282.4602
2025-02-25,USD/PKR,3M,285.0508,285.9060,284.1956
2025-02-25,USD/PKR,SPOT,279.8287,280.6682,278.9892
2025-02-26,AED/PKR,1M,76.7838,77.0142,76.5534
2025-02-26,AED/PKR,2M,77.2503,77.4821,77.0185
2025-02-26,AED/PKR,3M,77.7168,77.9500,77.4836
2025-02-26,AED/PKR,SPOT,76.3174,76.5464,76.0884
2025-02-26,EUR/PKR,1M,296.8395,297.7300,295.9490
2025-02-26,EUR/PKR,2M,299.0519,299.9491,298.1547
2025-02-26,EUR/PKR,3M,301.2644,302.1682,300.3606
2025-02-26,EUR/PKR,SPOT,294.6270,295.5109,293.7431
2025-02-26,GBP/PKR,1M,354.1504,355.2129,353.0879
2025-02-26,GBP/PKR,2M,356.4168,357.4861,355.3475
2025-02-26,GBP/PKR,3M,358.6832,359.7592,357.6072
2025-02-26,GBP/PKR,SPOT,351.8840,352.9397,350.8283
2025-02-26,PKR_MM,1M,12.0363,12.0763,11.9963
2025-02-26,PKR_MM,1W,11.8360,11.8760,11.7960
2025-02-26,PKR_MM,2M,12.1507,12.1907,12.1107
2025-02-26,PKR_MM,2W,11.9111,11.9511,11.8711
2025-02-26,PKR_MM,3M,12.2321,12.2721,12.1921
2025-02-26,PKR_TBILL,12M,12.4268,12.4568,12.3968
2025-02-26,PKR_TBILL,3M,12.1371,12.1671,12.1071
2025-02-26,PKR_TBILL,6M,12.2518,12.2818,12.2218
2025-02-26,USD/PKR,1M,281.9135,282.7592,281.0678
2025-02-26,USD/PKR,2M,283.6490,284.4999,282.7981
2025-02-26,USD/PKR,3M,285.3845,286.2407,284.5283
2025-02-26,USD/PKR,SPOT,280.1781,281.0186,279.3376
2025-02-27,AED/PKR,1M,76.7133,76.9434,76.4832
2025-02-27,AED/PKR,2M,77.1814,77.4129,76.9499
2025-02-27,AED/PKR,3M,77.6496,77.8825,77.4167
2025-02-27,AED/PKR,SPOT,76.2452,76.4739,76.0165
2025-02-27,EUR/PKR,1M,297.1909,298.0825,296.2993
2025-02-27,EUR/PKR,2M,299.4142,300.3124,298.5160
2025-02-27,EUR/PKR,3M,301.6374,302.5423,300.7325
2025-02-27,EUR/PKR,SPOT,294.9677,295.8526,294.0828
2025-02-27,GBP/PKR,1M,353.2239,354.2836,352.1642
2025-02-27,GBP/PKR,2M,355.4941,356.5606,354.4276
2025-02-27,GBP/PKR,3M,357.7643,358.8376,356.6910
2025-02-27,GBP/PKR,SPOT,350.9536,352.0065,349.9007
2025-02-27,PKR_MM,1M,12.0703,12.1103,12.0303
2025-02-27,PKR_MM,1W,11.8593,11.8993,11.8193
2025-02-27,PKR_MM,2M,12.1751,12.2151,12.1351
2025-02-27,PKR_MM,2W,11.9127,11.9527,11.8727
2025-02-27,PKR_MM,3M,12.2178,12.2578,12.1778
2025-02-27,PKR_TBILL,12M,12.4294,12.4594,12.3994
2025-02-27,PKR_TBILL,3M,12.1760,12.2060,12.1460
2025-02-27,PKR_TBILL,6M,12.3225,12.3525,12.2925
2025-02-27,USD/PKR,1M,281.6791,282.5241,280.8341
2025-02-27,USD/PKR,2M,283.4209,284.2712,282.5706
2025-02-27,USD/PKR,3M,285.1627,286.0182,284.3072
2025-02-27,USD/PKR,SPOT,279.9373,280.7771,279.0975
2025-02-28,AED/PKR,1M,76.7829,77.0132,76.5526
2025-02-28,AED/PKR,2M,77.2484,77.4801,77.0167
2025-02-28,AED/PKR,3M,77.7138,77.9469,77.4807
2025-02-28,AED/PKR,SPOT,76.3174,76.5464,76.0884
2025-02-28,EUR/PKR,1M,297.2607,298.1525,296.3689
2025-02-28,EUR/PKR,2M,299.4725,300.3709,298.5741
2025-02-28,EUR/PKR,3M,301.6843,302.5894,300.7792
2025-02-28,EUR/PKR,SPOT,295.0489,295.9340,294.1638
2025-02-28,GBP/PKR,1M,354.4083,355.4715,353.3451
2025-02-28,GBP/PKR,2M,356.6719,357.7419,355.6019
2025-02-28,GBP/PKR,3M,358.9354,360.0122,357.8586
2025-02-28,GBP/PKR,SPOT,352.1448,353.2012,351.0884
2025-02-28,PKR_MM,1M,12.0206,12.0606,11.9806
2025-02-28,PKR_MM,1W,11.8240,11.8640,11.7840
2025-02-28,PKR_MM,2M,12.1030,12.1430,12.0630
2025-02-28,PKR_MM,2W,11.8711,11.9111,11.8311
2025-02-28,PKR_MM,3M,12.1883,12.2283,12.1483
2025-02-28,PKR_TBILL,12M,12.3823,12.4123,12.3523
2025-02-28,PKR_TBILL,3M,12.1500,12.1800,12.1200
2025-02-28,PKR_TBILL,6M,12.2545,12.2845,12.2245
2025-02-28,USD/PKR,1M,281.7181,282.5633,280.8729
2025-02-28,USD/PKR,2M,283.4488,284.2991,282.5985
2025-02-28,USD/PKR,3M,285.1794,286.0349,284.3239
2025-02-28,USD/PKR,SPOT,279.9874,280.8274,279.1474
2025-03-03,AED/PKR,1M,76.7720,77.0023,76.5417
2025-03-03,AED/PKR,2M,77.2358,77.4675,77.0041
2025-03-03,AED/PKR,3M,77.6997,77.9328,77.4666
2025-03-03,AED/PKR,SPOT,76.3081,76.5370,76.0792
2025-03-03,EUR/PKR,1M,296.9455,297.8363,296.0547
2025-03-03,EUR/PKR,2M,299.1490,300.0464,298.2516
2025-03-03,EUR/PKR,3M,301.3525,302.2566,300.4484
2025-03-03,EUR/PKR,SPOT,294.7420,295.6262,293.8578
2025-03-03,GBP/PKR,1M,353.9887,355.0507,352.9267
2025-03-03,GBP/PKR,2M,356.2424,357.3111,355.1737
2025-03-03,GBP/PKR,3M,358.4962,359.5717,357.4207
2025-03-03,GBP/PKR,SPOT,351.7349,352.7901,350.6797
2025-03-03,PKR_MM,1M,11.9958,12.0358,11.9558
2025-03-03,PKR_MM,1W,11.7500,11.7900,11.7100
2025-03-03,PKR_MM,2M,12.1017,12.1417,12.0617
2025-03-03,PKR_MM,2W,11.8804,11.9204,11.8404
2025-03-03,PKR_MM,3M,12.1895,12.2295,12.1495
2025-03-03,PKR_TBILL,12M,12.3538,12.3838,12.3238
2025-03-03,PKR_TBILL,3M,12.0881,12.1181,12.0581
2025-03-03,PKR_TBILL,6M,12.2219,12.2519,12.1919
2025-03-03,USD/PKR,1M,281.5168,282.3614,280.6722
2025-03-03,USD/PKR,2M,283.2406,284.0903,282.3909
2025-03-03,USD/PKR,3M,284.9643,285.8192,284.1094
2025-03-03,USD/PKR,SPOT,279.7930,280.6324,278.9536
2025-03-04,AED/PKR,1M,76.8016,77.0320,76.5712
2025-03-04,AED/PKR,2M,77.2677,77.4995,77.0359
2025-03-04,AED/PKR,3M,77.7338,77.9670,77.5006
2025-03-04,AED/PKR,SPOT,76.3355,76.5645,76.1065
2025-03-04,EUR/PKR,1M,298.0338,298.9279,297.1397
2025-03-04,EUR/PKR,2M,300.2533,301.1541,299.3525
2025-03-04,EUR/PKR,3M,302.4729,303.3803,301.5655
2025-03-04,EUR/PKR,SPOT,295.8143,296.7017,294.9269
2025-03-04,GBP/PKR,1M,353.6526,354.7136,352.5916
2025-03-04,GBP/PKR,2M,355.9137,356.9814,354.8460
2025-03-04,GBP/PKR,3M,358.1748,359.2493,357.1003
2025-03-04,GBP/PKR,SPOT,351.3915,352.4457,350.3373
2025-03-04,PKR_MM,1M,12.0288,12.0688,11.9888
2025-03-04,PKR_MM,1W,11.7868,11.8268,11.7468
2025-03-04,PKR_MM,2M,12.1176,12.1576,12.0776
2025-03-04,PKR_MM,2W,11.8807,11.9207,11.8407
2025-03-04,PKR_MM,3M,12.1851,12.2251,12.1451
2025-03-04,PKR_TBILL,12M,12.3906,12.4206,12.3606
2025-03-04,PKR_TBILL,3M,12.1271,12.1571,12.0971
2025-03-04,PKR_TBILL,6M,12.2553,12.2853,12.2253
2025-03-04,USD/PKR,1M,281.8533,282.6989,281.0077
2025-03-04,USD/PKR,2M,283.5867,284.4375,282.7359
2025-03-04,USD/PKR,3M,285.3201,286.1761,284.4641
2025-03-04,USD/PKR,SPOT,280.1199,280.9603,279.2795
2025-03-05,AED/PKR,1M,76.7091,76.9392,76.4790
2025-03-05,AED/PKR,2M,77.1742,77.4057,76.9427
2025-03-05,AED/PKR,3M,77.6393,77.8722,77.4064
2025-03-05,AED/PKR,SPOT,76.2439,76.4726,76.0152
2025-03-05,EUR/PKR,1M,297.3365,298.2285,296.4445
2025-03-05,EUR/PKR,2M,299.5492,300.4478,298.6506
2025-03-05,EUR/PKR,3M,301.7619,302.6672,300.8566
2025-03-05,EUR/PKR,SPOT,295.1238,296.0092,294.2384
2025-03-05,GBP/PKR,1M,354.6785,355.7425,353.6145
2025-03-05,GBP/PKR,2M,356.9441,358.0149,355.8733
2025-03-05,GBP/PKR,3M,359.2098,360.2874,358.1322
2025-03-05,GBP/PKR,SPOT,352.4128,353.4700,351.3556
2025-03-05,PKR_MM,1M,12.0220,12.0620,11.9820
2025-03-05,PKR_MM,1W,11.7757,11.8157,11.7357
2025-03-05,PKR_MM,2M,12.0985,12.1385,12.0585
2025-03-05,PKR_MM,2W,11.8829,11.9229,11.8429
2025-03-05,PKR_MM,3M,12.2094,12.2494,12.1694
2025-03-05,PKR_TBILL,12M,12.3827,12.4127,12.3527
2025-03-05,PKR_TBILL,3M,12.1131,12.1431,12.0831
2025-03-05,PKR_TBILL,6M,12.2429,12.2729,12.2129
2025-03-05,USD/PKR,1M,281.6163,282.4611,280.7715
2025-03-05,USD/PKR,2M,283.3467,284.1967,282.4967
2025-03-05,USD/PKR,3M,285.0771,285.9323,284.2219
2025-03-05,USD/PKR,SPOT,279.8859,280.7256,279.0462
2025-03-06,AED/PKR,1M,76.8607,77.0913,76.6301
2025-03-06,AED/PKR,2M,77.3242,77.5562,77.0922
2025-03-06,AED/PKR,3M,77.7878,78.0212,77.5544
2025-03-06,AED/PKR,SPOT,76.3972,76.6264,76.1680
2025-03-06,EUR/PKR,1M,296.8357,297.7262,295.9452
2025-03-06,EUR/PKR,2M,299.0351,299.9322,298.1380
2025-03-06,EUR/PKR,3M,301.2344,302.1381,300.3307
2025-03-06,EUR/PKR,SPOT,294.6364,295.5203,293.7525
2025-03-06,GBP/PKR,1M,355.3316,356.3976,354.2656
2025-03-06,GBP/PKR,2M,357.5899,358.6627,356.5171
2025-03-06,GBP/PKR,3M,359.8482,360.9277,358.7687
2025-03-06,GBP/PKR,SPOT,353.0733,354.1325,352.0141
2025-03-06,PKR_MM,1M,11.9819,12.0219,11.9419
2025-03-06,PKR_MM,1W,11.7620,11.8020,11.7220
2025-03-06,PKR_MM,2M,12.0859,12.1259,12.0459
2025-03-06,PKR_MM,2W,11.8479,11.8879,11.8079
2025-03-06,PKR_MM,3M,12.1293,12.1693,12.0893
2025-03-06,PKR_TBILL,12M,12.3424,12.3724,12.3124
2025-03-06,PKR_TBILL,3M,12.1117,12.1417,12.0817
2025-03-06,PKR_TBILL,6M,12.2478,12.2778,12.2178
2025-03-06,USD/PKR,1M,281.8420,282.6875,280.9965
2025-03-06,USD/PKR,2M,283.5646,284.4153,282.7139
2025-03-06,USD/PKR,3M,285.2872,286.1431,284.4313
2025-03-06,USD/PKR,SPOT,280.1194,280.9598,279.2790
2025-03-07,AED/PKR,1M,76.8614,77.0920,76.6308
2025-03-07,AED/PKR,2M,77.3249,77.5569,77.0929
2025-03-07,AED/PKR,3M,77.7884,78.0218,77.5550
2025-03-07,AED/PKR,SPOT,76.3979,76.6271,76.1687
2025-03-07,EUR/PKR,1M,296.7816,297.6719,295.8913
2025-03-07,EUR/PKR,2M,298.9804,299.8773,298.0835
2025-03-07,EUR/PKR,3M,301.1792,302.0827,300.2757
2025-03-07,EUR/PKR,SPOT,294.5828,295.4665,293.6991
2025-03-07,GBP/PKR,1M,354.8743,355.9389,353.8097
2025-03-07,GBP/PKR,2M,357.1295,358.2009,356.0581
2025-03-07,GBP/PKR,3M,359.3847,360.4629,358.3065
2025-03-07,GBP/PKR,SPOT,352.6191,353.6770,351.5612
2025-03-07,PKR_MM,1M,11.9813,12.0213,11.9413
2025-03-07,PKR_MM,1W,11.7812,11.8212,11.7412
2025-03-07,PKR_MM,2M,12.0758,12.1158,12.0358
2025-03-07,PKR_MM,2W,11.8471,11.8871,11.8071
2025-03-07,PKR_MM,3M,12.1672,12.2072,12.1272
2025-03-07,PKR_TBILL,12M,12.3334,12.3634,12.3034
2025-03-07,PKR_TBILL,3M,12.0694,12.0994,12.0394
2025-03-07,PKR_TBILL,6M,12.2101,12.2401,12.1801
2025-03-07,USD/PKR,1M,281.6952,282.5403,280.8501
2025-03-07,USD/PKR,2M,283.4168,284.2671,282.5665
2025-03-07,USD/PKR,3M,285.1383,285.9937,284.2829
2025-03-07,USD/PKR,SPOT,279.9737,280.8136,279.1338
2025-03-10,AED/PKR,1M,76.7480,76.9782,76.5178
2025-03-10,AED/PKR,2M,77.2078,77.4394,76.9762
2025-03-10,AED/PKR,3M,77.6675,77.9005,77.4345
2025-03-10,AED/PKR,SPOT,76.2883,76.5172,76.0594
2025-03-10,EUR/PKR,1M,296.8446,297.7351,295.9541
2025-03-10,EUR/PKR,2M,299.0321,299.9292,298.1350
2025-03-10,EUR/PKR,3M,301.2195,302.1232,300.3158
2025-03-10,EUR/PKR,SPOT,294.6571,295.5411,293.7731
2025-03-10,GBP/PKR,1M,354.1669,355.2294,353.1044
2025-03-10,GBP/PKR,2M,356.4036,357.4728,355.3344
2025-03-10,GBP/PKR,3M,358.6402,359.7161,357.5643
2025-03-10,GBP/PKR,SPOT,351.9303,352.9861,350.8745
2025-03-10,PKR_MM,1M,11.9323,11.9723,11.8923
2025-03-10,PKR_MM,1W,11.7295,11.7695,11.6895
2025-03-10,PKR_MM,2M,12.0280,12.0680,11.9880
2025-03-10,PKR_MM,2W,11.7881,11.8281,11.7481
2025-03-10,PKR_MM,3M,12.1296,12.1696,12.0896
2025-03-10,PKR_TBILL,12M,12.3016,12.3316,12.2716
2025-03-10,PKR_TBILL,3M,12.0103,12.0403,11.9803
2025-03-10,PKR_TBILL,6M,12.1666,12.1966,12.1366
2025-03-10,USD/PKR,1M,282.1837,283.0303,281.3371
2025-03-10,USD/PKR,2M,283.8970,284.7487,283.0453
2025-03-10,USD/PKR,3M,285.6104,286.4672,284.7536
2025-03-10,USD/PKR,SPOT,280.4704,281.3118,279.6290
2025-03-11,AED/PKR,1M,76.8554,77.0860,76.6248
2025-03-11,AED/PKR,2M,77.3157,77.5476,77.0838
2025-03-11,AED/PKR,3M,77.7760,78.0093,77.5427
2025-03-11,AED/PKR,SPOT,76.3951,76.6243,76.1659
2025-03-11,EUR/PKR,1M,297.6887,298.5818,296.7956
2025-03-11,EUR/PKR,2M,299.8821,300.7817,298.9825
2025-03-11,EUR/PKR,3M,302.0755,302.9817,301.1693
2025-03-11,EUR/PKR,SPOT,295.4954,296.3819,294.6089
2025-03-11,GBP/PKR,1M,354.4770,355.5404,353.4136
2025-03-11,GBP/PKR,2M,356.7152,357.7853,355.6451
2025-03-11,GBP/PKR,3M,358.9533,360.0302,357.8764
2025-03-11,GBP/PKR,SPOT,352.2388,353.2955,351.1821
2025-03-11,PKR_MM,1M,11.9309,11.9709,11.8909
2025-03-11,PKR_MM,1W,11.7263,11.7663,11.6863
2025-03-11,PKR_MM,2M,12.0439,12.0839,12.0039
2025-03-11,PKR_MM,2W,11.7680,11.8080,11.7280
2025-03-11,PKR_MM,3M,12.0898,12.1298,12.0498
2025-03-11,PKR_TBILL,12M,12.3095,12.3395,12.2795
2025-03-11,PKR_TBILL,3M,12.0013,12.0313,11.9713
2025-03-11,PKR_TBILL,6M,12.1428,12.1728,12.1128
2025-03-11,USD/PKR,1M,282.0114,282.8574,281.1654
2025-03-11,USD/PKR,2M,283.7233,284.5745,282.8721
2025-03-11,USD/PKR,3M,285.4353,286.2916,284.5790
2025-03-11,USD/PKR,SPOT,280.2994,281.1403,279.4585
2025-03-12,AED/PKR,1M,76.7961,77.0265,76.5657
2025-03-12,AED/PKR,2M,77.2536,77.4854,77.0218
2025-03-12,AED/PKR,3M,77.7112,77.9443,77.4781
2025-03-12,AED/PKR,SPOT,76.3385,76.5675,76.1095
2025-03-12,EUR/PKR,1M,298.7678,299.6641,297.8715
2025-03-12,EUR/PKR,2M,300.9598,301.8627,300.0569
2025-03-12,EUR/PKR,3M,303.1518,304.0613,302.2423
2025-03-12,EUR/PKR,SPOT,296.5759,297.4656,295.6862
2025-03-12,GBP/PKR,1M,354.9704,356.0353,353.9055
2025-03-12,GBP/PKR,2M,357.2006,358.2722,356.1290
2025-03-12,GBP/PKR,3M,359.4308,360.5091,358.3525
2025-03-12,GBP/PKR,SPOT,352.7402,353.7984,351.6820
2025-03-12,PKR_MM,1M,11.8923,11.9323,11.8523
2025-03-12,PKR_MM,1W,11.6439,11.6839,11.6039
2025-03-12,PKR_MM,2M,11.9524,11.9924,11.9124
2025-03-12,PKR_MM,2W,11.7566,11.7966,11.7166
2025-03-12,PKR_MM,3M,12.0813,12.1213,12.0413
2025-03-12,PKR_TBILL,12M,12.2458,12.2758,12.2158
2025-03-12,PKR_TBILL,3M,12.0190,12.0490,11.9890
2025-03-12,PKR_TBILL,6M,12.1520,12.1820,12.1220
2025-03-12,USD/PKR,1M,282.4298,283.2771,281.5825
2025-03-12,USD/PKR,2M,284.1355,284.9879,283.2831
2025-03-12,USD/PKR,3M,285.8411,286.6986,284.9836
2025-03-12,USD/PKR,SPOT,280.7242,281.5664,279.8820
2025-03-13,AED/PKR,1M,76.8439,77.0744,76.6134
2025-03-13,AED/PKR,2M,77.3027,77.5346,77.0708
2025-03-13,AED/PKR,3M,77.7614,77.9947,77.5281
2025-03-13,AED/PKR,SPOT,76.3852,76.6144,76.1560
2025-03-13,EUR/PKR,1M,298.8017,299.6981,297.9053
2025-03-13,EUR/PKR,2M,300.9975,301.9005,300.0945
2025-03-13,EUR/PKR,3M,303.1933,304.1029,302.2837
2025-03-13,EUR/PKR,SPOT,296.6059,297.4957,295.7161
2025-03-13,GBP/PKR,1M,355.2804,356.3462,354.2146
2025-03-13,GBP/PKR,2M,357.5167,358.5893,356.4441
2025-03-13,GBP/PKR,3M,359.7531,360.8324,358.6738
2025-03-13,GBP/PKR,SPOT,353.0440,354.1031,351.9849
2025-03-13,PKR_MM,1M,11.9070,11.9470,11.8670
2025-03-13,PKR_MM,1W,11.6834,11.7234,11.6434
2025-03-13,PKR_MM,2M,12.0153,12.0553,11.9753
2025-03-13,PKR_MM,2W,11.7653,11.8053,11.7253
2025-03-13,PKR_MM,3M,12.0959,12.1359,12.0559
2025-03-13,PKR_TBILL,12M,12.3139,12.3439,12.2839
2025-03-13,PKR_TBILL,3M,11.9973,12.0273,11.9673
2025-03-13,PKR_TBILL,6M,12.1357,12.1657,12.1057
2025-03-13,USD/PKR,1M,281.9759,282.8218,281.1300
2025-03-13,USD/PKR,2M,283.6822,284.5332,282.8312
2025-03-13,USD/PKR,3M,285.3885,286.2447,284.5323
2025-03-13,USD/PKR,SPOT,280.2697,281.1105,279.4289
2025-03-14,AED/PKR,1M,76.8669,77.0975,76.6363
2025-03-14,AED/PKR,2M,77.3230,77.5550,77.0910
2025-03-14,AED/PKR,3M,77.7791,78.0124,77.5458
2025-03-14,AED/PKR,SPOT,76.4108,76.6400,76.1816
2025-03-14,EUR/PKR,1M,298.6475,299.5434,297.7516
2025-03-14,EUR/PKR,2M,300.8314,301.7339,299.9289
2025-03-14,EUR/PKR,3M,303.0152,303.9242,302.1062
2025-03-14,EUR/PKR,SPOT,296.4637,297.3531,295.5743
2025-03-14,GBP/PKR,1M,353.9623,355.0242,352.9004
2025-03-14,GBP/PKR,2M,356.1775,357.2460,355.1090
2025-03-14,GBP/PKR,3M,358.3928,359.4680,357.3176
2025-03-14,GBP/PKR,SPOT,351.7470,352.8022,350.6918
2025-03-14,PKR_MM,1M,11.8624,11.9024,11.8224
2025-03-14,PKR_MM,1W,11.6564,11.6964,11.6164
2025-03-14,PKR_MM,2M,11.9582,11.9982,11.9182
2025-03-14,PKR_MM,2W,11.7171,11.7571,11.6771
2025-03-14,PKR_MM,3M,12.0093,12.0493,11.9693
2025-03-14,PKR_TBILL,12M,12.2387,12.2687,12.2087
2025-03-14,PKR_TBILL,3M,11.9886,12.0186,11.9586
2025-03-14,PKR_TBILL,6M,12.1100,12.1400,12.0800
2025-03-14,USD/PKR,1M,282.2677,283.1145,281.4209
2025-03-14,USD/PKR,2M,283.9655,284.8174,283.1136
2025-03-14,USD/PKR,3M,285.6633,286.5203,284.8063
2025-03-14,USD/PKR,SPOT,280.5699,281.4116,279.7282
2025-03-17,AED/PKR,1M,76.8745,77.1051,76.6439
2025-03-17,AED/PKR,2M,77.3313,77.5633,77.0993
2025-03-17,AED/PKR,3M,77.7881,78.0215,77.5547
2025-03-17,AED/PKR,SPOT,76.4177,76.6470,76.1884
2025-03-17,EUR/PKR,1M,297.6726,298.5656,296.7796
2025-03-17,EUR/PKR,2M,299.8519,300.7515,298.9523
2025-03-17,EUR/PKR,3M,302.0311,302.9372,301.1250
2025-03-17,EUR/PKR,SPOT,295.4934,296.3799,294.6069
2025-03-17,GBP/PKR,1M,354.8041,355.8685,353.7397
2025-03-17,GBP/PKR,2M,357.0277,358.0988,355.9566
2025-03-17,GBP/PKR,3M,359.2512,360.3290,358.1734
2025-03-17,GBP/PKR,SPOT,352.5806,353.6383,351.5229
2025-03-17,PKR_MM,1M,11.8729,11.9129,11.8329
2025-03-17,PKR_MM,1W,11.6659,11.7059,11.6259
2025-03-17,PKR_MM,2M,11.9618,12.0018,11.9218
2025-03-17,PKR_MM,2W,11.7584,11.7984,11.7184
2025-03-17,PKR_MM,3M,12.0494,12.0894,12.0094
2025-03-17,PKR_TBILL,12M,12.2817,12.3117,12.2517
2025-03-17,PKR_TBILL,3M,11.9437,11.9737,11.9137
2025-03-17,PKR_TBILL,6M,12.1133,12.1433,12.0833
2025-03-17,USD/PKR,1M,282.4892,283.3367,281.6417
2025-03-17,USD/PKR,2M,284.1908,285.0434,283.3382
2025-03-17,USD/PKR,3M,285.8923,286.7500,285.0346
2025-03-17,USD/PKR,SPOT,280.7877,281.6301,279.9453
2025-03-18,AED/PKR,1M,76.8166,77.0470,76.5862
2025-03-18,AED/PKR,2M,77.2739,77.5057,77.0421
2025-03-18,AED/PKR,3M,77.7311,77.9643,77.4979
2025-03-18,AED/PKR,SPOT,76.3594,76.5885,76.1303
2025-03-18,EUR/PKR,1M,298.3240,299.2190,297.4290
2025-03-18,EUR/PKR,2M,300.5110,301.4125,299.6095
2025-03-18,EUR/PKR,3M,302.6981,303.6062,301.7900
2025-03-18,EUR/PKR,SPOT,296.1370,297.0254,295.2486
2025-03-18,GBP/PKR,1M,354.0297,355.0918,352.9676
2025-03-18,GBP/PKR,2M,356.2520,357.3208,355.1832
2025-03-18,GBP/PKR,3M,358.4742,359.5496,357.3988
2025-03-18,GBP/PKR,SPOT,351.8074,352.8628,350.7520
2025-03-18,PKR_MM,1M,11.8853,11.9253,11.8453
2025-03-18,PKR_MM,1W,11.6663,11.7063,11.6263
2025-03-18,PKR_MM,2M,11.9505,11.9905,11.9105
2025-03-18,PKR_MM,2W,11.7558,11.7958,11.7158
2025-03-18,PKR_MM,3M,12.0525,12.0925,12.0125
2025-03-18,PKR_TBILL,12M,12.2416,12.2716,12.2116
2025-03-18,PKR_TBILL,3M,11.9830,12.0130,11.9530
2025-03-18,PKR_TBILL,6M,12.1135,12.1435,12.0835
2025-03-18,USD/PKR,1M,282.1023,282.9486,281.2560
2025-03-18,USD/PKR,2M,283.8044,284.6558,282.9530
2025-03-18,USD/PKR,3M,285.5065,286.3630,284.6500
2025-03-18,USD/PKR,SPOT,280.4003,281.2415,279.5591
2025-03-19,AED/PKR,1M,76.9079,77.1386,76.6772
2025-03-19,AED/PKR,2M,77.3615,77.5936,77.1294
2025-03-19,AED/PKR,3M,77.8150,78.0484,77.5816
2025-03-19,AED/PKR,SPOT,76.4544,76.6838,76.2250
2025-03-19,EUR/PKR,1M,297.6899,298.5830,296.7968
2025-03-19,EUR/PKR,2M,299.8559,300.7555,298.9563
2025-03-19,EUR/PKR,3M,302.0219,302.9280,301.1158
2025-03-19,EUR/PKR,SPOT,295.5240,296.4106,294.6374
2025-03-19,GBP/PKR,1M,355.7762,356.8435,354.7089
2025-03-19,GBP/PKR,2M,357.9897,359.0637,356.9157
2025-03-19,GBP/PKR,3M,360.2033,361.2839,359.1227
2025-03-19,GBP/PKR,SPOT,353.5626,354.6233,352.5019
2025-03-19,PKR_MM,1M,11.8172,11.8572,11.7772
2025-03-19,PKR_MM,1W,11.6259,11.6659,11.5859
2025-03-19,PKR_MM,2M,11.8991,11.9391,11.8591
2025-03-19,PKR_MM,2W,11.6964,11.7364,11.6564
2025-03-19,PKR_MM,3M,11.9930,12.0330,11.9530
2025-03-19,PKR_TBILL,12M,12.1956,12.2256,12.1656
2025-03-19,PKR_TBILL,3M,11.9093,11.9393,11.8793
2025-03-19,PKR_TBILL,6M,12.0358,12.0658,12.0058
2025-03-19,USD/PKR,1M,281.9557,282.8016,281.1098
2025-03-19,USD/PKR,2M,283.6413,284.4922,282.7904
2025-03-19,USD/PKR,3M,285.3269,286.1829,284.4709
2025-03-19,USD/PKR,SPOT,280.2701,281.1109,279.4293
2025-03-20,AED/PKR,1M,76.8642,77.0948,76.6336
2025-03-20,AED/PKR,2M,77.3167,77.5487,77.0847
2025-03-20,AED/PKR,3M,77.7693,78.0026,77.5360
2025-03-20,AED/PKR,SPOT,76.4117,76.6409,76.1825
2025-03-20,EUR/PKR,1M,298.8062,299.7026,297.9098
2025-03-20,EUR/PKR,2M,300.9775,301.8804,300.0746
2025-03-20,EUR/PKR,3M,303.1487,304.0581,302.2393
2025-03-20,EUR/PKR,SPOT,296.6350,297.5249,295.7451
2025-03-20,GBP/PKR,1M,355.5533,356.6200,354.4866
2025-03-20,GBP/PKR,2M,357.7621,358.8354,356.6888
2025-03-20,GBP/PKR,3M,359.9709,361.0508,358.8910
2025-03-20,GBP/PKR,SPOT,353.3445,354.4045,352.2845
2025-03-20,PKR_MM,1M,11.8055,11.8455,11.7655
2025-03-20,PKR_MM,1W,11.5985,11.6385,11.5585
2025-03-20,PKR_MM,2M,11.9249,11.9649,11.8849
2025-03-20,PKR_MM,2W,11.6383,11.6783,11.5983
2025-03-20,PKR_MM,3M,11.9465,11.9865,11.9065
2025-03-20,PKR_TBILL,12M,12.1880,12.2180,12.1580
2025-03-20,PKR_TBILL,3M,11.8983,11.9283,11.8683
2025-03-20,PKR_TBILL,6M,12.0367,12.0667,12.0067
2025-03-20,USD/PKR,1M,282.4897,283.3372,281.6422
2025-03-20,USD/PKR,2M,284.1758,285.0283,283.3233
2025-03-20,USD/PKR,3M,285.8619,286.7195,285.0043
2025-03-20,USD/PKR,SPOT,280.8036,281.6460,279.9612
2025-03-21,AED/PKR,1M,76.9670,77.1979,76.7361
2025-03-21,AED/PKR,2M,77.4224,77.6547,77.1901
2025-03-21,AED/PKR,3M,77.8777,78.1113,77.6441
2025-03-21,AED/PKR,SPOT,76.5116,76.7411,76.2821
2025-03-21,EUR/PKR,1M,298.7526,299.6489,297.8563
2025-03-21,EUR/PKR,2M,300.9321,301.8349,300.0293
2025-03-21,EUR/PKR,3M,303.1116,304.0209,302.2023
2025-03-21,EUR/PKR,SPOT,296.5731,297.4628,295.6834
2025-03-21,GBP/PKR,1M,355.3727,356.4388,354.3066
2025-03-21,GBP/PKR,2M,357.5907,358.6635,356.5179
2025-03-21,GBP/PKR,3M,359.8087,360.8881,358.7293
2025-03-21,GBP/PKR,SPOT,353.1548,354.2143,352.0953
2025-03-21,PKR_MM,1M,11.8412,11.8812,11.8012
2025-03-21,PKR_MM,1W,11.6234,11.6634,11.5834
2025-03-21,PKR_MM,2M,11.9389,11.9789,11.8989
2025-03-21,PKR_MM,2W,11.7073,11.7473,11.6673
2025-03-21,PKR_MM,3M,12.0168,12.0568,11.9768
2025-03-21,PKR_TBILL,12M,12.1928,12.2228,12.1628
2025-03-21,PKR_TBILL,3M,11.9586,11.9886,11.9286
2025-03-21,PKR_TBILL,6M,12.1001,12.1301,12.0701
2025-03-21,USD/PKR,1M,282.2385,283.0852,281.3918
2025-03-21,USD/PKR,2M,283.9313,284.7831,283.0795
2025-03-21,USD/PKR,3M,285.6241,286.4810,284.7672
2025-03-21,USD/PKR,SPOT,280.5457,281.3873,279.7041
2025-03-24,AED/PKR,1M,76.8111,77.0415,76.5807
2025-03-24,AED/PKR,2M,77.2629,77.4947,77.0311
2025-03-24,AED/PKR,3M,77.7147,77.9478,77.4816
2025-03-24,AED/PKR,SPOT,76.3594,76.5885,76.1303
2025-03-24,EUR/PKR,1M,299.7573,300.6566,298.8580
2025-03-24,EUR/PKR,2M,301.9336,302.8394,301.0278
2025-03-24,EUR/PKR,3M,304.1100,305.0223,303.1977
2025-03-24,EUR/PKR,SPOT,297.5810,298.4737,296.6883
2025-03-24,GBP/PKR,1M,354.4676,355.5310,353.4042
2025-03-24,GBP/PKR,2M,356.6675,357.7375,355.5975
2025-03-24,GBP/PKR,3M,358.8674,359.9440,357.7908
2025-03-24,GBP/PKR,SPOT,352.2677,353.3245,351.2109
2025-03-24,PKR_MM,1M,11.7980,11.8380,11.7580
2025-03-24,PKR_MM,1W,11.5564,11.5964,11.5164
2025-03-24,PKR_MM,2M,11.8589,11.8989,11.8189
2025-03-24,PKR_MM,2W,11.6524,11.6924,11.6124
2025-03-24,PKR_MM,3M,11.9492,11.9892,11.9092
2025-03-24,PKR_TBILL,12M,12.1577,12.1877,12.1277
2025-03-24,PKR_TBILL,3M,11.9116,11.9416,11.8816
2025-03-24,PKR_TBILL,6M,12.0406,12.0706,12.0106
2025-03-24,USD/PKR,1M,282.4841,283.3316,281.6366
2025-03-24,USD/PKR,2M,284.1684,285.0209,283.3159
2025-03-24,USD/PKR,3M,285.8527,286.7103,284.9951
2025-03-24,USD/PKR,SPOT,280.7997,281.6421,279.9573
2025-03-25,AED/PKR,1M,76.9191,77.1499,76.6883
2025-03-25,AED/PKR,2M,77.3710,77.6031,77.1389
2025-03-25,AED/PKR,3M,77.8228,78.0563,77.5893
2025-03-25,AED/PKR,SPOT,76.4673,76.6967,76.2379
2025-03-25,EUR/PKR,1M,299.2174,300.1151,298.3197
2025-03-25,EUR/PKR,2M,301.3877,302.2919,300.4835
2025-03-25,EUR/PKR,3M,303.5580,304.4687,302.6473
2025-03-25,EUR/PKR,SPOT,297.0471,297.9382,296.1560
2025-03-25,GBP/PKR,1M,356.2557,357.3245,355.1869
2025-03-25,GBP/PKR,2M,358.4641,359.5395,357.3887
2025-03-25,GBP/PKR,3M,360.6726,361.7546,359.5906
2025-03-25,GBP/PKR,SPOT,354.0472,355.1093,352.9851
2025-03-25,PKR_MM,1M,11.7893,11.8293,11.7493
2025-03-25,PKR_MM,1W,11.5769,11.6169,11.5369
2025-03-25,PKR_MM,2M,11.8517,11.8917,11.8117
2025-03-25,PKR_MM,2W,11.6519,11.6919,11.6119
2025-03-25,PKR_MM,3M,11.9772,12.0172,11.9372
2025-03-25,PKR_TBILL,12M,12.1695,12.1995,12.1395
2025-03-25,PKR_TBILL,3M,11.8790,11.9090,11.8490
2025-03-25,PKR_TBILL,6M,12.0174,12.0474,11.9874
2025-03-25,USD/PKR,1M,282.2052,283.0518,281.3586
2025-03-25,USD/PKR,2M,283.8859,284.7376,283.0342
2025-03-25,USD/PKR,3M,285.5665,286.4232,284.7098
2025-03-25,USD/PKR,SPOT,280.5245,281.3661,279.6829
2025-03-26,AED/PKR,1M,76.9574,77.1883,76.7265
2025-03-26,AED/PKR,2M,77.4085,77.6407,77.1763
2025-03-26,AED/PKR,3M,77.8596,78.0932,77.6260
2025-03-26,AED/PKR,SPOT,76.5063,76.7358,76.2768
2025-03-26,EUR/PKR,1M,298.7949,299.6913,297.8985
2025-03-26,EUR/PKR,2M,300.9583,301.8612,300.0554
2025-03-26,EUR/PKR,3M,303.1217,304.0311,302.2123
2025-03-26,EUR/PKR,SPOT,296.6315,297.5214,295.7416
2025-03-26,GBP/PKR,1M,356.4557,357.5251,355.3863
2025-03-26,GBP/PKR,2M,358.6608,359.7368,357.5848
2025-03-26,GBP/PKR,3M,360.8659,361.9485,359.7833
2025-03-26,GBP/PKR,SPOT,354.2506,355.3134,353.1878
2025-03-26,PKR_MM,1M,11.7734,11.8134,11.7334
2025-03-26,PKR_MM,1W,11.5412,11.5812,11.5012
2025-03-26,PKR_MM,2M,11.8789,11.9189,11.8389
2025-03-26,PKR_MM,2W,11.6037,11.6437,11.5637
2025-03-26,PKR_MM,3M,11.9442,11.9842,11.9042
2025-03-26,PKR_TBILL,12M,12.1756,12.2056,12.1456
2025-03-26,PKR_TBILL,3M,11.8732,11.9032,11.8432
2025-03-26,PKR_TBILL,6M,11.9896,12.0196,11.9596
2025-03-26,USD/PKR,1M,282.1763,283.0228,281.3298
2025-03-26,USD/PKR,2M,283.8532,284.7048,283.0016
2025-03-26,USD/PKR,3M,285.5300,286.3866,284.6734
2025-03-26,USD/PKR,SPOT,280.4994,281.3409,279.6579
2025-03-27,AED/PKR,1M,76.9024,77.1331,76.6717
2025-03-27,AED/PKR,2M,77.3512,77.5833,77.1191
2025-03-27,AED/PKR,3M,77.8001,78.0335,77.5667
2025-03-27,AED/PKR,SPOT,76.4535,76.6829,76.2241
2025-03-27,EUR/PKR,1M,300.2463,301.1470,299.3456
2025-03-27,EUR/PKR,2M,302.4129,303.3201,301.5057
2025-03-27,EUR/PKR,3M,304.5794,305.4931,303.6657
2025-03-27,EUR/PKR,SPOT,298.0798,298.9740,297.1856
2025-03-27,GBP/PKR,1M,354.6985,355.7626,353.6344
2025-03-27,GBP/PKR,2M,356.8840,357.9547,355.8133
2025-03-27,GBP/PKR,3M,359.0696,360.1468,357.9924
2025-03-27,GBP/PKR,SPOT,352.5130,353.5705,351.4555
2025-03-27,PKR_MM,1M,11.7431,11.7831,11.7031
2025-03-27,PKR_MM,1W,11.5365,11.5765,11.4965
2025-03-27,PKR_MM,2M,11.8256,11.8656,11.7856
2025-03-27,PKR_MM,2W,11.6280,11.6680,11.5880
2025-03-27,PKR_MM,3M,11.9067,11.9467,11.8667
2025-03-27,PKR_TBILL,12M,12.1426,12.1726,12.1126
2025-03-27,PKR_TBILL,3M,11.8606,11.8906,11.8306
2025-03-27,PKR_TBILL,6M,11.9809,12.0109,11.9509
2025-03-27,USD/PKR,1M,282.5619,283.4096,281.7142
2025-03-27,USD/PKR,2M,284.2341,285.0868,283.3814
2025-03-27,USD/PKR,3M,285.9063,286.7640,285.0486
2025-03-27,USD/PKR,SPOT,280.8897,281.7324,280.0470
2025-03-28,AED/PKR,1M,76.8969,77.1276,76.6662
2025-03-28,AED/PKR,2M,77.3463,77.5783,77.1143
2025-03-28,AED/PKR,3M,77.7957,78.0291,77.5623
2025-03-28,AED/PKR,SPOT,76.4475,76.6768,76.2182
2025-03-28,EUR/PKR,1M,300.3756,301.2767,299.4745
2025-03-28,EUR/PKR,2M,302.5453,303.4529,301.6377
2025-03-28,EUR/PKR,3M,304.7150,305.6291,303.8009
2025-03-28,EUR/PKR,SPOT,298.2060,299.1006,297.3114
2025-03-28,GBP/PKR,1M,355.6828,356.7498,354.6158
2025-03-28,GBP/PKR,2M,357.8770,358.9506,356.8034
2025-03-28,GBP/PKR,3M,360.0712,361.1514,358.9910
2025-03-28,GBP/PKR,SPOT,353.4886,354.5491,352.4281
2025-03-28,PKR_MM,1M,11.7522,11.7922,11.7122
2025-03-28,PKR_MM,1W,11.5527,11.5927,11.5127
2025-03-28,PKR_MM,2M,11.8387,11.8787,11.7987
2025-03-28,PKR_MM,2W,11.5919,11.6319,11.5519
2025-03-28,PKR_MM,3M,11.9471,11.9871,11.9071
2025-03-28,PKR_TBILL,12M,12.1071,12.1371,12.0771
2025-03-28,PKR_TBILL,3M,11.8354,11.8654,11.8054
2025-03-28,PKR_TBILL,6M,12.0207,12.0507,11.9907
2025-03-28,USD/PKR,1M,282.8164,283.6648,281.9680
2025-03-28,USD/PKR,2M,284.4922,285.3457,283.6387
2025-03-28,USD/PKR,3M,286.1680,287.0265,285.3095
2025-03-28,USD/PKR,SPOT,281.1407,281.9841,280.2973
2025-04-03,AED/PKR,1M,76.8995,77.1302,76.6688
2025-04-03,AED/PKR,2M,77.3489,77.5809,77.1169
2025-04-03,AED/PKR,3M,77.7982,78.0316,77.5648
2025-04-03,AED/PKR,SPOT,76.4502,76.6796,76.2208
2025-04-03,EUR/PKR,1M,298.9612,299.8581,298.0643
2025-04-03,EUR/PKR,2M,301.1204,302.0238,300.2170
2025-04-03,EUR/PKR,3M,303.2796,304.1894,302.3698
2025-04-03,EUR/PKR,SPOT,296.8019,297.6923,295.9115
2025-04-03,GBP/PKR,1M,355.2610,356.3268,354.1952
2025-04-03,GBP/PKR,2M,357.4523,358.5247,356.3799
2025-04-03,GBP/PKR,3M,359.6436,360.7225,358.5647
2025-04-03,GBP/PKR,SPOT,353.0697,354.1289,352.0105
2025-04-03,PKR_MM,1M,11.7512,11.7912,11.7112
2025-04-03,PKR_MM,1W,11.5449,11.5849,11.5049
2025-04-03,PKR_MM,2M,11.8618,11.9018,11.8218
2025-04-03,PKR_MM,2W,11.6017,11.6417,11.5617
2025-04-03,PKR_MM,3M,11.9013,11.9413,11.8613
2025-04-03,PKR_TBILL,12M,12.1186,12.1486,12.0886
2025-04-03,PKR_TBILL,3M,11.8325,11.8625,11.8025
2025-04-03,PKR_TBILL,6M,11.9992,12.0292,11.9692
2025-04-03,USD/PKR,1M,282.8784,283.7270,282.0298
2025-04-03,USD/PKR,2M,284.5543,285.4080,283.7006
2025-04-03,USD/PKR,3M,286.2302,287.0889,285.3715
2025-04-03,USD/PKR,SPOT,281.2024,282.0460,280.3588
2025-04-04,AED/PKR,1M,76.9186,77.1494,76.6878
2025-04-04,AED/PKR,2M,77.3659,77.5980,77.1338
2025-04-04,AED/PKR,3M,77.8132,78.0466,77.5798
2025-04-04,AED/PKR,SPOT,76.4713,76.7007,76.2419
2025-04-04,EUR/PKR,1M,300.5279,301.4295,299.6263
2025-04-04,EUR/PKR,2M,302.6901,303.5982,301.7820
2025-04-04,EUR/PKR,3M,304.8522,305.7668,303.9376
2025-04-04,EUR/PKR,SPOT,298.3658,299.2609,297.4707
2025-04-04,GBP/PKR,1M,355.7980,356.8654,354.7306
2025-04-04,GBP/PKR,2M,357.9827,359.0566,356.9088
2025-04-04,GBP/PKR,3M,360.1674,361.2479,359.0869
2025-04-04,GBP/PKR,SPOT,353.6134,354.6742,352.5526
2025-04-04,PKR_MM,1M,11.7167,11.7567,11.6767
2025-04-04,PKR_MM,1W,11.4787,11.5187,11.4387
2025-04-04,PKR_MM,2M,11.7932,11.8332,11.7532
2025-04-04,PKR_MM,2W,11.5596,11.5996,11.5196
2025-04-04,PKR_MM,3M,11.8634,11.9034,11.8234
2025-04-04,PKR_TBILL,12M,12.0975,12.1275,12.0675
2025-04-04,PKR_TBILL,3M,11.8073,11.8373,11.7773
2025-04-04,PKR_TBILL,6M,11.9605,11.9905,11.9305
2025-04-04,USD/PKR,1M,282.2796,283.1264,281.4328
2025-04-04,USD/PKR,2M,283.9441,284.7959,283.0923
2025-04-04,USD/PKR,3M,285.6086,286.4654,284.7518
2025-04-04,USD/PKR,SPOT,280.6152,281.4570,279.7734
2025-04-07,AED/PKR,1M,77.0140,77.2450,76.7830
2025-04-07,AED/PKR,2M,77.4595,77.6919,77.2271
2025-04-07,AED/PKR,3M,77.9051,78.1388,77.6714
2025-04-07,AED/PKR,SPOT,76.5684,76.7981,76.3387
2025-04-07,EUR/PKR,1M,300.4302,301.3315,299.5289
2025-04-07,EUR/PKR,2M,302.5827,303.4904,301.6750
2025-04-07,EUR/PKR,3M,304.7351,305.6493,303.8209
2025-04-07,EUR/PKR,SPOT,298.2778,299.1726,297.3830
2025-04-07,GBP/PKR,1M,356.9535,358.0244,355.8826
2025-04-07,GBP/PKR,2M,359.1345,360.2119,358.0571
2025-04-07,GBP/PKR,3M,361.3155,362.3994,360.2316
2025-04-07,GBP/PKR,SPOT,354.7724,355.8367,353.7081
2025-04-07,PKR_MM,1M,11.6797,11.7197,11.6397
2025-04-07,PKR_MM,1W,11.4536,11.4936,11.4136
2025-04-07,PKR_MM,2M,11.7718,11.8118,11.7318
2025-04-07,PKR_MM,2W,11.5673,11.6073,11.5273
2025-04-07,PKR_MM,3M,11.8754,11.9154,11.8354
2025-04-07,PKR_TBILL,12M,12.0659,12.0959,12.0359
2025-04-07,PKR_TBILL,3M,11.8069,11.8369,11.7769
2025-04-07,PKR_TBILL,6M,11.8899,11.9199,11.8599
2025-04-07,USD/PKR,1M,282.9113,283.7600,282.0626
2025-04-07,USD/PKR,2M,284.5710,285.4247,283.7173
2025-04-07,USD/PKR,3M,286.2307,287.0894,285.3720
2025-04-07,USD/PKR,SPOT,281.2516,282.0954,280.4078
2025-04-08,AED/PKR,1M,76.9508,77.1817,76.7199
2025-04-08,AED/PKR,2M,77.3984,77.6306,77.1662
2025-04-08,AED/PKR,3M,77.8460,78.0795,77.6125
2025-04-08,AED/PKR,SPOT,76.5032,76.7327,76.2737
2025-04-08,EUR/PKR,1M,299.5732,300.4719,298.6745
2025-04-08,EUR/PKR,2M,301.7288,302.6340,300.8236
2025-04-08,EUR/PKR,3M,303.8844,304.7961,302.9727
2025-04-08,EUR/PKR,SPOT,297.4176,298.3099,296.5253
2025-04-08,GBP/PKR,1M,355.6341,356.7010,354.5672
2025-04-08,GBP/PKR,2M,357.8182,358.8917,356.7447
2025-04-08,GBP/PKR,3M,360.0022,361.0822,358.9222
2025-04-08,GBP/PKR,SPOT,353.4501,354.5105,352.3897
2025-04-08,PKR_MM,1M,11.7181,11.7581,11.6781
2025-04-08,PKR_MM,1W,11.4986,11.5386,11.4586
2025-04-08,PKR_MM,2M,11.8103,11.8503,11.7703
2025-04-08,PKR_MM,2W,11.5557,11.5957,11.5157
2025-04-08,PKR_MM,3M,11.9046,11.9446,11.8646
2025-04-08,PKR_TBILL,12M,12.1078,12.1378,12.0778
2025-04-08,PKR_TBILL,3M,11.8298,11.8598,11.7998
2025-04-08,PKR_TBILL,6M,11.9572,11.9872,11.9272
2025-04-08,USD/PKR,1M,283.0314,283.8805,282.1823
2025-04-08,USD/PKR,2M,284.7006,285.5547,283.8465
2025-04-08,USD/PKR,3M,286.3698,287.2289,285.5107
2025-04-08,USD/PKR,SPOT,281.3622,282.2063,280.5181
2025-04-09,AED/PKR,1M,76.9461,77.1769,76.7153
2025-04-09,AED/PKR,2M,77.3893,77.6215,77.1571
2025-04-09,AED/PKR,3M,77.8325,78.0660,77.5990
2025-04-09,AED/PKR,SPOT,76.5029,76.7324,76.2734
2025-04-09,EUR/PKR,1M,300.6299,301.5318,299.7280
2025-04-09,EUR/PKR,2M,302.7761,303.6844,301.8678
2025-04-09,EUR/PKR,3M,304.9223,305.8371,304.0075
2025-04-09,EUR/PKR,SPOT,298.4837,299.3792,297.5882
2025-04-09,GBP/PKR,1M,356.7683,357.8386,355.6980
2025-04-09,GBP/PKR,2M,358.9390,360.0158,357.8622
2025-04-09,GBP/PKR,3M,361.1098,362.1931,360.0265
2025-04-09,GBP/PKR,SPOT,354.5975,355.6613,353.5337
2025-04-09,PKR_MM,1M,11.6482,11.6882,11.6082
2025-04-09,PKR_MM,1W,11.4272,11.4672,11.3872
2025-04-09,PKR_MM,2M,11.7324,11.7724,11.6924
2025-04-09,PKR_MM,2W,11.5014,11.5414,11.4614
2025-04-09,PKR_MM,3M,11.8122,11.8522,11.7722
2025-04-09,PKR_TBILL,12M,12.0253,12.0553,11.9953
2025-04-09,PKR_TBILL,3M,11.7355,11.7655,11.7055
2025-04-09,PKR_TBILL,6M,11.9178,11.9478,11.8878
2025-04-09,USD/PKR,1M,282.4851,283.3326,281.6376
2025-04-09,USD/PKR,2M,284.1351,284.9875,283.2827
2025-04-09,USD/PKR,3M,285.7850,286.6424,284.9276
2025-04-09,USD/PKR,SPOT,280.8351,281.6776,279.9926
2025-04-10,AED/PKR,1M,77.0388,77.2699,76.8077
2025-04-10,AED/PKR,2M,77.4822,77.7146,77.2498
2025-04-10,AED/PKR,3M,77.9255,78.1593,77.6917
2025-04-10,AED/PKR,SPOT,76.5955,76.8253,76.3657
2025-04-10,EUR/PKR,1M,301.0364,301.9395,300.1333
2025-04-10,EUR/PKR,2M,303.1841,304.0937,302.2745
2025-04-10,EUR/PKR,3M,305.3317,306.2477,304.4157
2025-04-10,EUR/PKR,SPOT,298.8888,299.7855,297.9921
2025-04-10,GBP/PKR,1M,355.8633,356.9309,354.7957
2025-04-10,GBP/PKR,2M,358.0268,359.1009,356.9527
2025-04-10,GBP/PKR,3M,360.1903,361.2709,359.1097
2025-04-10,GBP/PKR,SPOT,353.6997,354.7608,352.6386
2025-04-10,PKR_MM,1M,11.6422,11.6822,11.6022
2025-04-10,PKR_MM,1W,11.3936,11.4336,11.3536
2025-04-10,PKR_MM,2M,11.7205,11.7605,11.6805
2025-04-10,PKR_MM,2W,11.5099,11.5499,11.4699
2025-04-10,PKR_MM,3M,11.7906,11.8306,11.7506
2025-04-10,PKR_TBILL,12M,12.0374,12.0674,12.0074
2025-04-10,PKR_TBILL,3M,11.7398,11.7698,11.7098
2025-04-10,PKR_TBILL,6M,11.8880,11.9180,11.8580
2025-04-10,USD/PKR,1M,282.6667,283.5147,281.8187
2025-04-10,USD/PKR,2M,284.3163,285.1692,283.4634
2025-04-10,USD/PKR,3M,285.9660,286.8239,285.1081
2025-04-10,USD/PKR,SPOT,281.0170,281.8601,280.1739
2025-04-11,AED/PKR,1M,77.0364,77.2675,76.8053
2025-04-11,AED/PKR,2M,77.4807,77.7131,77.2483
2025-04-11,AED/PKR,3M,77.9250,78.1588,77.6912
2025-04-11,AED/PKR,SPOT,76.5921,76.8219,76.3623
2025-04-11,EUR/PKR,1M,299.6341,300.5330,298.7352
2025-04-11,EUR/PKR,2M,301.7755,302.6808,300.8702
2025-04-11,EUR/PKR,3M,303.9169,304.8287,303.0051
2025-04-11,EUR/PKR,SPOT,297.4927,298.3852,296.6002
2025-04-11,GBP/PKR,1M,357.1894,358.2610,356.1178
2025-04-11,GBP/PKR,2M,359.3656,360.4437,358.2875
2025-04-11,GBP/PKR,3M,361.5417,362.6263,360.4571
2025-04-11,GBP/PKR,SPOT,355.0133,356.0783,353.9483
2025-04-11,PKR_MM,1M,11.6578,11.6978,11.6178
2025-04-11,PKR_MM,1W,11.4521,11.4921,11.4121
2025-04-11,PKR_MM,2M,11.7214,11.7614,11.6814
2025-04-11,PKR_MM,2W,11.5323,11.5723,11.4923
2025-04-11,PKR_MM,3M,11.8532,11.8932,11.8132
2025-04-11,PKR_TBILL,12M,12.0324,12.0624,12.0024
2025-04-11,PKR_TBILL,3M,11.7464,11.7764,11.7164
2025-04-11,PKR_TBILL,6M,11.9083,11.9383,11.8783
2025-04-11,USD/PKR,1M,283.1337,283.9831,282.2843
2025-04-11,USD/PKR,2M,284.7896,285.6440,283.9352
2025-04-11,USD/PKR,3M,286.4456,287.3049,285.5863
2025-04-11,USD/PKR,SPOT,281.4777,282.3221,280.6333
2025-04-14,AED/PKR,1M,76.9903,77.2213,76.7593
2025-04-14,AED/PKR,2M,77.4338,77.6661,77.2015
2025-04-14,AED/PKR,3M,77.8774,78.1110,77.6438
2025-04-14,AED/PKR,SPOT,76.5468,76.7764,76.3172
2025-04-14,EUR/PKR,1M,300.4469,301.3482,299.5456
2025-04-14,EUR/PKR,2M,302.5922,303.5000,301.6844
2025-04-14,EUR/PKR,3M,304.7374,305.6516,303.8232
2025-04-14,EUR/PKR,SPOT,298.3016,299.1965,297.4067
2025-04-14,GBP/PKR,1M,355.2893,356.3552,354.2234
2025-04-14,GBP/PKR,2M,357.4515,358.5239,356.3791
2025-04-14,GBP/PKR,3M,359.6138,360.6926,358.5350
2025-04-14,GBP/PKR,SPOT,353.1271,354.1865,352.0677
2025-04-14,PKR_MM,1M,11.6498,11.6898,11.6098
2025-04-14,PKR_MM,1W,11.4005,11.4405,11.3605
2025-04-14,PKR_MM,2M,11.7265,11.7665,11.6865
2025-04-14,PKR_MM,2W,11.4894,11.5294,11.4494
2025-04-14,PKR_MM,3M,11.8384,11.8784,11.7984
2025-04-14,PKR_TBILL,12M,12.0251,12.0551,11.9951
2025-04-14,PKR_TBILL,3M,11.7361,11.7661,11.7061
2025-04-14,PKR_TBILL,6M,11.8723,11.9023,11.8423
2025-04-14,USD/PKR,1M,282.8784,283.7270,282.0298
2025-04-14,USD/PKR,2M,284.5311,285.3847,283.6775
2025-04-14,USD/PKR,3M,286.1837,287.0423,285.3251
2025-04-14,USD/PKR,SPOT,281.2258,282.0695,280.3821
2025-04-15,AED/PKR,1M,76.9627,77.1936,76.7318
2025-04-15,AED/PKR,2M,77.4020,77.6342,77.1698
2025-04-15,AED/PKR,3M,77.8414,78.0749,77.6079
2025-04-15,AED/PKR,SPOT,76.5234,76.7530,76.2938
2025-04-15,EUR/PKR,1M,299.8863,300.7860,298.9866
2025-04-15,EUR/PKR,2M,302.0119,302.9179,301.1059
2025-04-15,EUR/PKR,3M,304.1374,305.0498,303.2250
2025-04-15,EUR/PKR,SPOT,297.7608,298.6541,296.8675
2025-04-15,GBP/PKR,1M,357.4697,358.5421,356.3973
2025-04-15,GBP/PKR,2M,359.6264,360.7053,358.5475
2025-04-15,GBP/PKR,3M,361.7831,362.8684,360.6978
2025-04-15,GBP/PKR,SPOT,355.3130,356.3789,354.2471
2025-04-15,PKR_MM,1M,11.5850,11.6250,11.5450
2025-04-15,PKR_MM,1W,11.3414,11.3814,11.3014
2025-04-15,PKR_MM,2M,11.6500,11.6900,11.6100
2025-04-15,PKR_MM,2W,11.4293,11.4693,11.3893
2025-04-15,PKR_MM,3M,11.7731,11.8131,11.7331
2025-04-15,PKR_TBILL,12M,11.9527,11.9827,11.9227
2025-04-15,PKR_TBILL,3M,11.6560,11.6860,11.6260
2025-04-15,PKR_TBILL,6M,11.7951,11.8251,11.7651
2025-04-15,USD/PKR,1M,283.1408,283.9902,282.2914
2025-04-15,USD/PKR,2M,284.7800,285.6343,283.9257
2025-04-15,USD/PKR,3M,286.4193,287.2786,285.5600
2025-04-15,USD/PKR,SPOT,281.5015,282.3460,280.6570
2025-04-16,AED/PKR,1M,76.9478,77.1786,76.7170
2025-04-16,AED/PKR,2M,77.3867,77.6189,77.1545
2025-04-16,AED/PKR,3M,77.8256,78.0591,77.5921
2025-04-16,AED/PKR,SPOT,76.5089,76.7384,76.2794
2025-04-16,EUR/PKR,1M,300.6141,301.5159,299.7123
2025-04-16,EUR/PKR,2M,302.7433,303.6515,301.8351
2025-04-16,EUR/PKR,3M,304.8726,305.7872,303.9580
2025-04-16,EUR/PKR,SPOT,298.4848,299.3803,297.5893
2025-04-16,GBP/PKR,1M,355.5525,356.6192,354.4858
2025-04-16,GBP/PKR,2M,357.6960,358.7691,356.6229
2025-04-16,GBP/PKR,3M,359.8395,360.9190,358.7600
2025-04-16,GBP/PKR,SPOT,353.4091,354.4693,352.3489
2025-04-16,PKR_MM,1M,11.5792,11.6192,11.5392
2025-04-16,PKR_MM,1W,11.3832,11.4232,11.3432
2025-04-16,PKR_MM,2M,11.6840,11.7240,11.6440
2025-04-16,PKR_MM,2W,11.4130,11.4530,11.3730
2025-04-16,PKR_MM,3M,11.7313,11.7713,11.6913
2025-04-16,PKR_TBILL,12M,11.9697,11.9997,11.9397
2025-04-16,PKR_TBILL,3M,11.6586,11.6886,11.6286
2025-04-16,PKR_TBILL,6M,11.8154,11.8454,11.7854
2025-04-16,USD/PKR,1M,282.5887,283.4365,281.7409
2025-04-16,USD/PKR,2M,284.2235,285.0762,283.3708
2025-04-16,USD/PKR,3M,285.8582,286.7158,285.0006
2025-04-16,USD/PKR,SPOT,280.9540,281.7969,280.1111
2025-04-17,AED/PKR,1M,77.0651,77.2963,76.8339
2025-04-17,AED/PKR,2M,77.5026,77.7351,77.2701
2025-04-17,AED/PKR,3M,77.9401,78.1739,77.7063
2025-04-17,AED/PKR,SPOT,76.6276,76.8575,76.3977
2025-04-17,EUR/PKR,1M,301.2361,302.1398,300.3324
2025-04-17,EUR/PKR,2M,303.3618,304.2719,302.4517
2025-04-17,EUR/PKR,3M,305.4875,306.4040,304.5710
2025-04-17,EUR/PKR,SPOT,299.1104,300.0077,298.2131
2025-04-17,GBP/PKR,1M,357.0911,358.1624,356.0198
2025-04-17,GBP/PKR,2M,359.2344,360.3121,358.1567
2025-04-17,GBP/PKR,3M,361.3776,362.4617,360.2935
2025-04-17,GBP/PKR,SPOT,354.9479,356.0127,353.8831
2025-04-17,PKR_MM,1M,11.5465,11.5865,11.5065
2025-04-17,PKR_MM,1W,11.3046,11.3446,11.2646
2025-04-17,PKR_MM,2M,11.6167,11.6567,11.5767
2025-04-17,PKR_MM,2W,11.4219,11.4619,11.3819
2025-04-17,PKR_MM,3M,11.7032,11.7432,11.6632
2025-04-17,PKR_TBILL,12M,11.8980,11.9280,11.8680
2025-04-17,PKR_TBILL,3M,11.6446,11.6746,11.6146
2025-04-17,PKR_TBILL,6M,11.7643,11.7943,11.7343
2025-04-17,USD/PKR,1M,282.8315,283.6800,281.9830
2025-04-17,USD/PKR,2M,284.4602,285.3136,283.6068
2025-04-17,USD/PKR,3M,286.0888,286.9471,285.2305
2025-04-17,USD/PKR,SPOT,281.2029,282.0465,280.3593
2025-04-18,AED/PKR,1M,77.1410,77.3724,76.9096
2025-04-18,AED/PKR,2M,77.5784,77.8111,77.3457
2025-04-18,AED/PKR,3M,78.0158,78.2498,77.7818
2025-04-18,AED/PKR,SPOT,76.7036,76.9337,76.4735
2025-04-18,EUR/PKR,1M,301.8633,302.7689,300.9577
2025-04-18,EUR/PKR,2M,303.9913,304.9033,303.0793
2025-04-18,EUR/PKR,3M,306.1193,307.0377,305.2009
2025-04-18,EUR/PKR,SPOT,299.7353,300.6345,298.8361
2025-04-18,GBP/PKR,1M,356.7355,357.8057,355.6653
2025-04-18,GBP/PKR,2M,358.8741,359.9507,357.7975
2025-04-18,GBP/PKR,3M,361.0127,362.0957,359.9297
2025-04-18,GBP/PKR,SPOT,354.5969,355.6607,353.5331
2025-04-18,PKR_MM,1M,11.5379,11.5779,11.4979
2025-04-18,PKR_MM,1W,11.3421,11.3821,11.3021
2025-04-18,PKR_MM,2M,11.6058,11.6458,11.5658
2025-04-18,PKR_MM,2W,11.4123,11.4523,11.3723
2025-04-18,PKR_MM,3M,11.6980,11.7380,11.6580
2025-04-18,PKR_TBILL,12M,11.8909,11.9209,11.8609
2025-04-18,PKR_TBILL,3M,11.6521,11.6821,11.6221
2025-04-18,PKR_TBILL,6M,11.7828,11.8128,11.7528
2025-04-18,USD/PKR,1M,282.8320,283.6805,281.9835
2025-04-18,USD/PKR,2M,284.4586,285.3120,283.6052
2025-04-18,USD/PKR,3M,286.0853,286.9436,285.2270
2025-04-18,USD/PKR,SPOT,281.2053,282.0489,280.3617
2025-04-21,AED/PKR,1M,76.9783,77.2092,76.7474
2025-04-21,AED/PKR,2M,77.4139,77.6461,77.1817
2025-04-21,AED/PKR,3M,77.8495,78.0830,77.6160
2025-04-21,AED/PKR,SPOT,76.5427,76.7723,76.3131
2025-04-21,EUR/PKR,1M,301.0687,301.9719,300.1655
2025-04-21,EUR/PKR,2M,303.1876,304.0972,302.2780
2025-04-21,EUR/PKR,3M,305.3065,306.2224,304.3906
2025-04-21,EUR/PKR,SPOT,298.9498,299.8466,298.0530
2025-04-21,GBP/PKR,1M,356.1308,357.1992,355.0624
2025-04-21,GBP/PKR,2M,358.2616,359.3364,357.1868
2025-04-21,GBP/PKR,3M,360.3925,361.4737,359.3113
2025-04-21,GBP/PKR,SPOT,353.9999,355.0619,352.9379
2025-04-21,PKR_MM,1M,11.5236,11.5636,11.4836
2025-04-21,PKR_MM,1W,11.3330,11.3730,11.2930
2025-04-21,PKR_MM,2M,11.6358,11.6758,11.5958
2025-04-21,PKR_MM,2W,11.4090,11.4490,11.3690
2025-04-21,PKR_MM,3M,11.6721,11.7121,11.6321
2025-04-21,PKR_TBILL,12M,11.9297,11.9597,11.8997
2025-04-21,PKR_TBILL,3M,11.6280,11.6580,11.5980
2025-04-21,PKR_TBILL,6M,11.7467,11.7767,11.7167
2025-04-21,USD/PKR,1M,282.7565,283.6048,281.9082
2025-04-21,USD/PKR,2M,284.3794,285.2325,283.5263
2025-04-21,USD/PKR,3M,286.0023,286.8603,285.1443
2025-04-21,USD/PKR,SPOT,281.1335,281.9769,280.2901
2025-04-22,AED/PKR,1M,77.1330,77.3644,76.9016
2025-04-22,AED/PKR,2M,77.5715,77.8042,77.3388
2025-04-22,AED/PKR,3M,78.0099,78.2439,77.7759
2025-04-22,AED/PKR,SPOT,76.6946,76.9247,76.4645
2025-04-22,EUR/PKR,1M,302.0929,302.9992,301.1866
2025-04-22,EUR/PKR,2M,304.2268,305.1395,303.3141
2025-04-22,EUR/PKR,3M,306.3608,307.2799,305.4417
2025-04-22,EUR/PKR,SPOT,299.9590,300.8589,299.0591
2025-04-22,GBP/PKR,1M,356.9577,358.0286,355.8868
2025-04-22,GBP/PKR,2M,359.1027,360.1800,358.0254
2025-04-22,GBP/PKR,3M,361.2478,362.3315,360.1641
2025-04-22,GBP/PKR,SPOT,354.8126,355.8770,353.7482
2025-04-22,PKR_MM,1M,11.5555,11.5955,11.5155
2025-04-22,PKR_MM,1W,11.3386,11.3786,11.2986
2025-04-22,PKR_MM,2M,11.6167,11.6567,11.5767
2025-04-22,PKR_MM,2W,11.4281,11.4681,11.3881
2025-04-22,PKR_MM,3M,11.7029,11.7429,11.6629
2025-04-22,PKR_TBILL,12M,11.9217,11.9517,11.8917
2025-04-22,PKR_TBILL,3M,11.6541,11.6841,11.6241
2025-04-22,PKR_TBILL,6M,11.7888,11.8188,11.7588
2025-04-22,USD/PKR,1M,282.9650,283.8139,282.1161
2025-04-22,USD/PKR,2M,284.5964,285.4502,283.7426
2025-04-22,USD/PKR,3M,286.2279,287.0866,285.3692
2025-04-22,USD/PKR,SPOT,281.3335,282.1775,280.4895
2025-04-23,AED/PKR,1M,77.0742,77.3054,76.8430
2025-04-23,AED/PKR,2M,77.5093,77.7418,77.2768
2025-04-23,AED/PKR,3M,77.9444,78.1782,77.7106
2025-04-23,AED/PKR,SPOT,76.6391,76.8690,76.4092
2025-04-23,EUR/PKR,1M,302.1857,303.0923,301.2791
2025-04-23,EUR/PKR,2M,304.3085,305.2214,303.3956
2025-04-23,EUR/PKR,3M,306.4313,307.3506,305.5120
2025-04-23,EUR/PKR,SPOT,300.0629,300.9631,299.1627
2025-04-23,GBP/PKR,1M,357.7500,358.8232,356.6768
2025-04-23,GBP/PKR,2M,359.8858,360.9655,358.8061
2025-04-23,GBP/PKR,3M,362.0216,363.1077,360.9355
2025-04-23,GBP/PKR,SPOT,355.6142,356.6810,354.5474
2025-04-23,PKR_MM,1M,11.5073,11.5473,11.4673
2025-04-23,PKR_MM,1W,11.2903,11.3303,11.2503
2025-04-23,PKR_MM,2M,11.5955,11.6355,11.5555
2025-04-23,PKR_MM,2W,11.3858,11.4258,11.3458
2025-04-23,PKR_MM,3M,11.6699,11.7099,11.6299
2025-04-23,PKR_TBILL,12M,11.8928,11.9228,11.8628
2025-04-23,PKR_TBILL,3M,11.5918,11.6218,11.5618
2025-04-23,PKR_TBILL,6M,11.7764,11.8064,11.7464
2025-04-23,USD/PKR,1M,282.9745,283.8234,282.1256
2025-04-23,USD/PKR,2M,284.5949,285.4487,283.7411
2025-04-23,USD/PKR,3M,286.2154,287.0740,285.3568
2025-04-23,USD/PKR,SPOT,281.3541,282.1982,280.5100
2025-04-24,AED/PKR,1M,77.0555,77.2867,76.8243
2025-04-24,AED/PKR,2M,77.4884,77.7209,77.2559
2025-04-24,AED/PKR,3M,77.9213,78.1551,77.6875
2025-04-24,AED/PKR,SPOT,76.6226,76.8525,76.3927
2025-04-24,EUR/PKR,1M,301.2573,302.1611,300.3535
2025-04-24,EUR/PKR,2M,303.3655,304.2756,302.4554
2025-04-24,EUR/PKR,3M,305.4738,306.3902,304.5574
2025-04-24,EUR/PKR,SPOT,299.1490,300.0464,298.2516
2025-04-24,GBP/PKR,1M,356.8129,357.8833,355.7425
2025-04-24,GBP/PKR,2M,358.9336,360.0104,357.8568
2025-04-24,GBP/PKR,3M,361.0543,362.1375,359.9711
2025-04-24,GBP/PKR,SPOT,354.6922,355.7563,353.6281
2025-04-24,PKR_MM,1M,11.4744,11.5144,11.4344
2025-04-24,PKR_MM,1W,11.2598,11.2998,11.2198
2025-04-24,PKR_MM,2M,11.5824,11.6224,11.5424
2025-04-24,PKR_MM,2W,11.3100,11.3500,11.2700
2025-04-24,PKR_MM,3M,11.6443,11.6843,11.6043
2025-04-24,PKR_TBILL,12M,11.8413,11.8713,11.8113
2025-04-24,PKR_TBILL,3M,11.5641,11.5941,11.5341
2025-04-24,PKR_TBILL,6M,11.7175,11.7475,11.6875
2025-04-24,USD/PKR,1M,283.3532,284.2033,282.5031
2025-04-24,USD/PKR,2M,284.9682,285.8231,284.1133
2025-04-24,USD/PKR,3M,286.5833,287.4430,285.7236
2025-04-24,USD/PKR,SPOT,281.7382,282.5834,280.8930
2025-04-25,AED/PKR,1M,77.0526,77.2838,76.8214
2025-04-25,AED/PKR,2M,77.4855,77.7180,77.2530
2025-04-25,AED/PKR,3M,77.9183,78.1521,77.6845
2025-04-25,AED/PKR,SPOT,76.6197,76.8496,76.3898
2025-04-25,EUR/PKR,1M,301.7078,302.6129,300.8027
2025-04-25,EUR/PKR,2M,303.8190,304.7305,302.9075
2025-04-25,EUR/PKR,3M,305.9302,306.8480,305.0124
2025-04-25,EUR/PKR,SPOT,299.5966,300.4954,298.6978
2025-04-25,GBP/PKR,1M,356.3596,357.4287,355.2905
2025-04-25,GBP/PKR,2M,358.4774,359.5528,357.4020
2025-04-25,GBP/PKR,3M,360.5951,361.6769,359.5133
2025-04-25,GBP/PKR,SPOT,354.2419,355.3046,353.1792
2025-04-25,PKR_MM,1M,11.4735,11.5135,11.4335
2025-04-25,PKR_MM,1W,11.2498,11.2898,11.2098
2025-04-25,PKR_MM,2M,11.5855,11.6255,11.5455
2025-04-25,PKR_MM,2W,11.3613,11.4013,11.3213
2025-04-25,PKR_MM,3M,11.6462,11.6862,11.6062
2025-04-25,PKR_TBILL,12M,11.8506,11.8806,11.8206
2025-04-25,PKR_TBILL,3M,11.5751,11.6051,11.5451
2025-04-25,PKR_TBILL,6M,11.7291,11.7591,11.6991
2025-04-25,USD/PKR,1M,282.9145,283.7632,282.0658
2025-04-25,USD/PKR,2M,284.5268,285.3804,283.6732
2025-04-25,USD/PKR,3M,286.1392,286.9976,285.2808
2025-04-25,USD/PKR,SPOT,281.3022,282.1461,280.4583
2025-04-28,AED/PKR,1M,77.1771,77.4086,76.9456
2025-04-28,AED/PKR,2M,77.6138,77.8466,77.3810
2025-04-28,AED/PKR,3M,78.0504,78.2846,77.8162
2025-04-28,AED/PKR,SPOT,76.7405,76.9707,76.5103
2025-04-28,EUR/PKR,1M,301.2268,302.1305,300.3231
2025-04-28,EUR/PKR,2M,303.3465,304.2565,302.4365
2025-04-28,EUR/PKR,3M,305.4663,306.3827,304.5499
2025-04-28,EUR/PKR,SPOT,299.1070,300.0043,298.2097
2025-04-28,GBP/PKR,1M,356.8859,357.9566,355.8152
2025-04-28,GBP/PKR,2M,359.0209,360.0980,357.9438
2025-04-28,GBP/PKR,3M,361.1560,362.2395,360.0725
2025-04-28,GBP/PKR,SPOT,354.7508,355.8151,353.6865
2025-04-28,PKR_MM,1M,11.5224,11.5624,11.4824
2025-04-28,PKR_MM,1W,11.2898,11.3298,11.2498
2025-04-28,PKR_MM,2M,11.6371,11.6771,11.5971
2025-04-28,PKR_MM,2W,11.3604,11.4004,11.3204
2025-04-28,PKR_MM,3M,11.7016,11.7416,11.6616
2025-04-28,PKR_TBILL,12M,11.9005,11.9305,11.8705
2025-04-28,PKR_TBILL,3M,11.5953,11.6253,11.5653
2025-04-28,PKR_TBILL,6M,11.7472,11.7772,11.7172
2025-04-28,USD/PKR,1M,283.0490,283.8981,282.1999
2025-04-28,USD/PKR,2M,284.6733,285.5273,283.8193
2025-04-28,USD/PKR,3M,286.2977,287.1566,285.4388
2025-04-28,USD/PKR,SPOT,281.4247,282.2690,280.5804
2025-04-29,AED/PKR,1M,77.1056,77.3369,76.8743
2025-04-29,AED/PKR,2M,77.5377,77.7703,77.3051
2025-04-29,AED/PKR,3M,77.9698,78.2037,77.7359
2025-04-29,AED/PKR,SPOT,76.6735,76.9035,76.4435
2025-04-29,EUR/PKR,1M,302.6023,303.5101,301.6945
2025-04-29,EUR/PKR,2M,304.7155,305.6296,303.8014
2025-04-29,EUR/PKR,3M,306.8287,307.7492,305.9082
2025-04-29,EUR/PKR,SPOT,300.4890,301.3905,299.5875
2025-04-29,GBP/PKR,1M,356.5510,357.6207,355.4813
2025-04-29,GBP/PKR,2M,358.6649,359.7409,357.5889
2025-04-29,GBP/PKR,3M,360.7788,361.8611,359.6965
2025-04-29,GBP/PKR,SPOT,354.4371,355.5004,353.3738
2025-04-29,PKR_MM,1M,11.4564,11.4964,11.4164
2025-04-29,PKR_MM,1W,11.2537,11.2937,11.2137
2025-04-29,PKR_MM,2M,11.5731,11.6131,11.5331
2025-04-29,PKR_MM,2W,11.3133,11.3533,11.2733
2025-04-29,PKR_MM,3M,11.6182,11.6582,11.5782
2025-04-29,PKR_TBILL,12M,11.8379,11.8679,11.8079
2025-04-29,PKR_TBILL,3M,11.5270,11.5570,11.4970
2025-04-29,PKR_TBILL,6M,11.7032,11.7332,11.6732
2025-04-29,USD/PKR,1M,283.0744,283.9236,282.2252
2025-04-29,USD/PKR,2M,284.6837,285.5378,283.8296
2025-04-29,USD/PKR,3M,286.2930,287.1519,285.4341
2025-04-29,USD/PKR,SPOT,281.4651,282.3095,280.6207
2025-04-30,AED/PKR,1M,77.0595,77.2907,76.8283
2025-04-30,AED/PKR,2M,77.4912,77.7237,77.2587
2025-04-30,AED/PKR,3M,77.9228,78.1566,77.6890
2025-04-30,AED/PKR,SPOT,76.6279,76.8578,76.3980
2025-04-30,EUR/PKR,1M,302.9190,303.8278,302.0102
2025-04-30,EUR/PKR,2M,305.0337,305.9488,304.1186
2025-04-30,EUR/PKR,3M,307.1484,308.0698,306.2270
2025-04-30,EUR/PKR,SPOT,300.8042,301.7066,299.9018
2025-04-30,GBP/PKR,1M,357.3707,358.4428,356.2986
2025-04-30,GBP/PKR,2M,359.4886,360.5671,358.4101
2025-04-30,GBP/PKR,3M,361.6066,362.6914,360.5218
2025-04-30,GBP/PKR,SPOT,355.2528,356.3186,354.1870
2025-04-30,PKR_MM,1M,11.4535,11.4935,11.4135
2025-04-30,PKR_MM,1W,11.2626,11.3026,11.2226
2025-04-30,PKR_MM,2M,11.5183,11.5583,11.4783
2025-04-30,PKR_MM,2W,11.2899,11.3299,11.2499
2025-04-30,PKR_MM,3M,11.6004,11.6404,11.5604
2025-04-30,PKR_TBILL,12M,11.8306,11.8606,11.8006
2025-04-30,PKR_TBILL,3M,11.5282,11.5582,11.4982
2025-04-30,PKR_TBILL,6M,11.7035,11.7335,11.6735
2025-04-30,USD/PKR,1M,283.4235,284.2738,282.5732
2025-04-30,USD/PKR,2M,285.0341,285.8892,284.1790
2025-04-30,USD/PKR,3M,286.6447,287.5046,285.7848
2025-04-30,USD/PKR,SPOT,281.8129,282.6583,280.9675
2025-05-02,AED/PKR,1M,77.2287,77.4604,76.9970
2025-05-02,AED/PKR,2M,77.6594,77.8924,77.4264
2025-05-02,AED/PKR,3M,78.0901,78.3244,77.8558
2025-05-02,AED/PKR,SPOT,76.7980,77.0284,76.5676
2025-05-02,EUR/PKR,1M,302.6794,303.5874,301.7714
2025-05-02,EUR/PKR,2M,304.7850,305.6994,303.8706
2025-05-02,EUR/PKR,3M,306.8906,307.8113,305.9699
2025-05-02,EUR/PKR,SPOT,300.5739,301.4756,299.6722
2025-05-02,GBP/PKR,1M,357.7256,358.7988,356.6524
2025-05-02,GBP/PKR,2M,359.8368,360.9163,358.7573
2025-05-02,GBP/PKR,3M,361.9480,363.0338,360.8622
2025-05-02,GBP/PKR,SPOT,355.6144,356.6812,354.5476
2025-05-02,PKR_MM,1M,11.4230,11.4630,11.3830
2025-05-02,PKR_MM,1W,11.2323,11.2723,11.1923
2025-05-02,PKR_MM,2M,11.4863,11.5263,11.4463
2025-05-02,PKR_MM,2W,11.2921,11.3321,11.2521
2025-05-02,PKR_MM,3M,11.5688,11.6088,11.5288
2025-05-02,PKR_TBILL,12M,11.8243,11.8543,11.7943
2025-05-02,PKR_TBILL,3M,11.5153,11.5453,11.4853
2025-05-02,PKR_TBILL,6M,11.6899,11.7199,11.6599
2025-05-02,USD/PKR,1M,283.5021,284.3526,282.6516
2025-05-02,USD/PKR,2M,285.1062,285.9615,284.2509
2025-05-02,USD/PKR,3M,286.7102,287.5703,285.8501
2025-05-02,USD/PKR,SPOT,281.8981,282.7438,281.0524
2025-05-05,AED/PKR,1M,77.1649,77.3964,76.9334
2025-05-05,AED/PKR,2M,77.5954,77.8282,77.3626
2025-05-05,AED/PKR,3M,78.0258,78.2599,77.7917
2025-05-05,AED/PKR,SPOT,76.7345,76.9647,76.5043
2025-05-05,EUR/PKR,1M,302.6523,303.5603,301.7443
2025-05-05,EUR/PKR,2M,304.7580,305.6723,303.8437
2025-05-05,EUR/PKR,3M,306.8637,307.7843,305.9431
2025-05-05,EUR/PKR,SPOT,300.5466,301.4482,299.6450
2025-05-05,GBP/PKR,1M,358.0909,359.1652,357.0166
2025-05-05,GBP/PKR,2M,360.2046,361.2852,359.1240
2025-05-05,GBP/PKR,3M,362.3184,363.4054,361.2314
2025-05-05,GBP/PKR,SPOT,355.9772,357.0451,354.9093
2025-05-05,PKR_MM,1M,11.4243,11.4643,11.3843
2025-05-05,PKR_MM,1W,11.1946,11.2346,11.1546
2025-05-05,PKR_MM,2M,11.5190,11.5590,11.4790
2025-05-05,PKR_MM,2W,11.2995,11.3395,11.2595
2025-05-05,PKR_MM,3M,11.6111,11.6511,11.5711
2025-05-05,PKR_TBILL,12M,11.7959,11.8259,11.7659
2025-05-05,PKR_TBILL,3M,11.5363,11.5663,11.5063
2025-05-05,PKR_TBILL,6M,11.6391,11.6691,11.6091
2025-05-05,USD/PKR,1M,283.3985,284.2487,282.5483
2025-05-05,USD/PKR,2M,285.0022,285.8572,284.1472
2025-05-05,USD/PKR,3M,286.6060,287.4658,285.7462
2025-05-05,USD/PKR,SPOT,281.7947,282.6401,280.9493
2025-05-06,AED/PKR,1M,77.0803,77.3115,76.8491
2025-05-06,AED/PKR,2M,77.5098,77.7423,77.2773
2025-05-06,AED/PKR,3M,77.9393,78.1731,77.7055
2025-05-06,AED/PKR,SPOT,76.6508,76.8808,76.4208
2025-05-06,EUR/PKR,1M,301.6049,302.5097,300.7001
2025-05-06,EUR/PKR,2M,303.7015,304.6126,302.7904
2025-05-06,EUR/PKR,3M,305.7982,306.7156,304.8808
2025-05-06,EUR/PKR,SPOT,299.5082,300.4067,298.6097
2025-05-06,GBP/PKR,1M,356.5193,357.5889,355.4497
2025-05-06,GBP/PKR,2M,358.6217,359.6976,357.5458
2025-05-06,GBP/PKR,3M,360.7240,361.8062,359.6418
2025-05-06,GBP/PKR,SPOT,354.4170,355.4803,353.3537
2025-05-06,PKR_MM,1M,11.4171,11.4571,11.3771
2025-05-06,PKR_MM,1W,11.2162,11.2562,11.1762
2025-05-06,PKR_MM,2M,11.5153,11.5553,11.4753
2025-05-06,PKR_MM,2W,11.2958,11.3358,11.2558
2025-05-06,PKR_MM,3M,11.5800,11.6200,11.5400
2025-05-06,PKR_TBILL,12M,11.8131,11.8431,11.7831
2025-05-06,PKR_TBILL,3M,11.5301,11.5601,11.5001
2025-05-06,PKR_TBILL,6M,11.6413,11.6713,11.6113
2025-05-06,USD/PKR,1M,283.3291,284.1791,282.4791
2025-05-06,USD/PKR,2M,284.9308,285.7856,284.0760
2025-05-06,USD/PKR,3M,286.5325,287.3921,285.6729
2025-05-06,USD/PKR,SPOT,281.7274,282.5726,280.8822
2025-05-07,AED/PKR,1M,77.2194,77.4511,76.9877
2025-05-07,AED/PKR,2M,77.6508,77.8838,77.4178
2025-05-07,AED/PKR,3M,78.0822,78.3164,77.8480
2025-05-07,AED/PKR,SPOT,76.7880,77.0184,76.5576
2025-05-07,EUR/PKR,1M,303.1503,304.0598,302.2408
2025-05-07,EUR/PKR,2M,305.2622,306.1780,304.3464
2025-05-07,EUR/PKR,3M,307.3740,308.2961,306.4519
2025-05-07,EUR/PKR,SPOT,301.0385,301.9416,300.1354
2025-05-07,GBP/PKR,1M,357.9263,359.0001,356.8525
2025-05-07,GBP/PKR,2M,360.0422,361.1223,358.9621
2025-05-07,GBP/PKR,3M,362.1581,363.2446,361.0716
2025-05-07,GBP/PKR,SPOT,355.8104,356.8778,354.7430
2025-05-07,PKR_MM,1M,11.4352,11.4752,11.3952
2025-05-07,PKR_MM,1W,11.2218,11.2618,11.1818
2025-05-07,PKR_MM,2M,11.5310,11.5710,11.4910
2025-05-07,PKR_MM,2W,11.2677,11.3077,11.2277
2025-05-07,PKR_MM,3M,11.5773,11.6173,11.5373
2025-05-07,PKR_TBILL,12M,11.8015,11.8315,11.7715
2025-05-07,PKR_TBILL,3M,11.5343,11.5643,11.5043
2025-05-07,PKR_TBILL,6M,11.6675,11.6975,11.6375
2025-05-07,USD/PKR,1M,283.4869,284.3374,282.6364
2025-05-07,USD/PKR,2M,285.0936,285.9489,284.2383
2025-05-07,USD/PKR,3M,286.7004,287.5605,285.8403
2025-05-07,USD/PKR,SPOT,281.8801,282.7257,281.0345
2025-05-08,AED/PKR,1M,77.1921,77.4237,76.9605
2025-05-08,AED/PKR,2M,77.6187,77.8516,77.3858
2025-05-08,AED/PKR,3M,78.0454,78.2795,77.8113
2025-05-08,AED/PKR,SPOT,76.7654,76.9957,76.5351
2025-05-08,EUR/PKR,1M,302.8034,303.7118,301.8950
2025-05-08,EUR/PKR,2M,304.8948,305.8095,303.9801
2025-05-08,EUR/PKR,3M,306.9863,307.9073,306.0653
2025-05-08,EUR/PKR,SPOT,300.7119,301.6140,299.8098
2025-05-08,GBP/PKR,1M,357.2926,358.3645,356.2207
2025-05-08,GBP/PKR,2M,359.3835,360.4617,358.3053
2025-05-08,GBP/PKR,3M,361.4744,362.5588,360.3900
2025-05-08,GBP/PKR,SPOT,355.2016,356.2672,354.1360
2025-05-08,PKR_MM,1M,11.3620,11.4020,11.3220
2025-05-08,PKR_MM,1W,11.1188,11.1588,11.0788
2025-05-08,PKR_MM,2M,11.4740,11.5140,11.4340
2025-05-08,PKR_MM,2W,11.1923,11.2323,11.1523
2025-05-08,PKR_MM,3M,11.5251,11.5651,11.4851
2025-05-08,PKR_TBILL,12M,11.7272,11.7572,11.6972
2025-05-08,PKR_TBILL,3M,11.4574,11.4874,11.4274
2025-05-08,PKR_TBILL,6M,11.6019,11.6319,11.5719
2025-05-08,USD/PKR,1M,283.2442,284.0939,282.3945
2025-05-08,USD/PKR,2M,284.8327,285.6872,283.9782
2025-05-08,USD/PKR,3M,286.4212,287.2805,285.5619
2025-05-08,USD/PKR,SPOT,281.6556,282.5006,280.8106
2025-05-09,AED/PKR,1M,77.2016,77.4332,76.9700
2025-05-09,AED/PKR,2M,77.6311,77.8640,77.3982
2025-05-09,AED/PKR,3M,78.0605,78.2947,77.8263
2025-05-09,AED/PKR,SPOT,76.7722,77.0025,76.5419
2025-05-09,EUR/PKR,1M,302.0778,302.9840,301.1716
2025-05-09,EUR/PKR,2M,304.1749,305.0874,303.2624
2025-05-09,EUR/PKR,3M,306.2719,307.1907,305.3531
2025-05-09,EUR/PKR,SPOT,299.9807,300.8806,299.0808
2025-05-09,GBP/PKR,1M,357.4369,358.5092,356.3646
2025-05-09,GBP/PKR,2M,359.5412,360.6198,358.4626
2025-05-09,GBP/PKR,3M,361.6456,362.7305,360.5607
2025-05-09,GBP/PKR,SPOT,355.3325,356.3985,354.2665
2025-05-09,PKR_MM,1M,11.4053,11.4453,11.3653
2025-05-09,PKR_MM,1W,11.2069,11.2469,11.1669
2025-05-09,PKR_MM,2M,11.4733,11.5133,11.4333
2025-05-09,PKR_MM,2W,11.2577,11.2977,11.2177
2025-05-09,PKR_MM,3M,11.5729,11.6129,11.5329
2025-05-09,PKR_TBILL,12M,11.7725,11.8025,11.7425
2025-05-09,PKR_TBILL,3M,11.5061,11.5361,11.4761
2025-05-09,PKR_TBILL,6M,11.6380,11.6680,11.6080
2025-05-09,USD/PKR,1M,283.5219,284.3725,282.6713
2025-05-09,USD/PKR,2M,285.1219,285.9773,284.2665
2025-05-09,USD/PKR,3M,286.7220,287.5822,285.8618
2025-05-09,USD/PKR,SPOT,281.9218,282.7676,281.0760
2025-05-12,AED/PKR,1M,77.1394,77.3708,76.9080
2025-05-12,AED/PKR,2M,77.5656,77.7983,77.3329
2025-05-12,AED/PKR,3M,77.9919,78.2259,77.7579
2025-05-12,AED/PKR,SPOT,76.7131,76.9432,76.4830
2025-05-12,EUR/PKR,1M,302.8667,303.7753,301.9581
2025-05-12,EUR/PKR,2M,304.9582,305.8731,304.0433
2025-05-12,EUR/PKR,3M,307.0497,307.9708,306.1286
2025-05-12,EUR/PKR,SPOT,300.7751,301.6774,299.8728
2025-05-12,GBP/PKR,1M,358.9792,360.0561,357.9023
2025-05-12,GBP/PKR,2M,361.0796,362.1628,359.9964
2025-05-12,GBP/PKR,3M,363.1799,364.2694,362.0904
2025-05-12,GBP/PKR,SPOT,356.8789,357.9495,355.8083
2025-05-12,PKR_MM,1M,11.3605,11.4005,11.3205
2025-05-12,PKR_MM,1W,11.1651,11.2051,11.1251
2025-05-12,PKR_MM,2M,11.4737,11.5137,11.4337
2025-05-12,PKR_MM,2W,11.1965,11.2365,11.1565
2025-05-12,PKR_MM,3M,11.5311,11.5711,11.4911
2025-05-12,PKR_TBILL,12M,11.7414,11.7714,11.7114
2025-05-12,PKR_TBILL,3M,11.4599,11.4899,11.4299
2025-05-12,PKR_TBILL,6M,11.6171,11.6471,11.5871
2025-05-12,USD/PKR,1M,283.5904,284.4412,282.7396
2025-05-12,USD/PKR,2M,285.1805,286.0360,284.3250
2025-05-12,USD/PKR,3M,286.7707,287.6310,285.9104
2025-05-12,USD/PKR,SPOT,282.0003,282.8463,281.1543
2025-05-13,AED/PKR,1M,77.2059,77.4375,76.9743
2025-05-13,AED/PKR,2M,77.6301,77.8630,77.3972
2025-05-13,AED/PKR,3M,78.0543,78.2885,77.8201
2025-05-13,AED/PKR,SPOT,76.7818,77.0121,76.5515
2025-05-13,EUR/PKR,1M,302.4423,303.3496,301.5350
2025-05-13,EUR/PKR,2M,304.5214,305.4350,303.6078
2025-05-13,EUR/PKR,3M,306.6004,307.5202,305.6806
2025-05-13,EUR/PKR,SPOT,300.3633,301.2644,299.4622
2025-05-13,GBP/PKR,1M,358.4255,359.5008,357.3502
2025-05-13,GBP/PKR,2M,360.5113,361.5928,359.4298
2025-05-13,GBP/PKR,3M,362.5971,363.6849,361.5093
2025-05-13,GBP/PKR,SPOT,356.3398,357.4088,355.2708
2025-05-13,PKR_MM,1M,11.3215,11.3615,11.2815
2025-05-13,PKR_MM,1W,11.0875,11.1275,11.0475
2025-05-13,PKR_MM,2M,11.4183,11.4583,11.3783
2025-05-13,PKR_MM,2W,11.2043,11.2443,11.1643
2025-05-13,PKR_MM,3M,11.4694,11.5094,11.4294
2025-05-13,PKR_TBILL,12M,11.6926,11.7226,11.6626
2025-05-13,PKR_TBILL,3M,11.4466,11.4766,11.4166
2025-05-13,PKR_TBILL,6M,11.5457,11.5757,11.5157
2025-05-13,USD/PKR,1M,283.8356,284.6871,282.9841
2025-05-13,USD/PKR,2M,285.4182,286.2745,284.5619
2025-05-13,USD/PKR,3M,287.0007,287.8617,286.1397
2025-05-13,USD/PKR,SPOT,282.2531,283.0999,281.4063
2025-05-14,AED/PKR,1M,77.2152,77.4468,76.9836
2025-05-14,AED/PKR,2M,77.6397,77.8726,77.4068
2025-05-14,AED/PKR,3M,78.0642,78.2984,77.8300
2025-05-14,AED/PKR,SPOT,76.7907,77.0211,76.5603
2025-05-14,EUR/PKR,1M,302.8370,303.7455,301.9285
2025-05-14,EUR/PKR,2M,304.9197,305.8345,304.0049
2025-05-14,EUR/PKR,3M,307.0024,307.9234,306.0814
2025-05-14,EUR/PKR,SPOT,300.7542,301.6565,299.8519
2025-05-14,GBP/PKR,1M,358.0854,359.1597,357.0111
2025-05-14,GBP/PKR,2M,360.1704,361.2509,359.0899
2025-05-14,GBP/PKR,3M,362.2553,363.3421,361.1685
2025-05-14,GBP/PKR,SPOT,356.0005,357.0685,354.9325
2025-05-14,PKR_MM,1M,11.3255,11.3655,11.2855
2025-05-14,PKR_MM,1W,11.0821,11.1221,11.0421
2025-05-14,PKR_MM,2M,11.3989,11.4389,11.3589
2025-05-14,PKR_MM,2W,11.1770,11.2170,11.1370
2025-05-14,PKR_MM,3M,11.5215,11.5615,11.4815
2025-05-14,PKR_TBILL,12M,11.7206,11.7506,11.6906
2025-05-14,PKR_TBILL,3M,11.4001,11.4301,11.3701
2025-05-14,PKR_TBILL,6M,11.5465,11.5765,11.5165
2025-05-14,USD/PKR,1M,283.3014,284.1513,282.4515
2025-05-14,USD/PKR,2M,284.8818,285.7364,284.0272
2025-05-14,USD/PKR,3M,286.4623,287.3217,285.6029
2025-05-14,USD/PKR,SPOT,281.7209,282.5661,280.8757
2025-05-15,AED/PKR,1M,77.1626,77.3941,76.9311
2025-05-15,AED/PKR,2M,77.5863,77.8191,77.3535
2025-05-15,AED/PKR,3M,78.0100,78.2440,77.7760
2025-05-15,AED/PKR,SPOT,76.7388,76.9690,76.5086
2025-05-15,EUR/PKR,1M,303.7866,304.6980,302.8752
2025-05-15,EUR/PKR,2M,305.8740,306.7916,304.9564
2025-05-15,EUR/PKR,3M,307.9615,308.8854,307.0376
2025-05-15,EUR/PKR,SPOT,301.6991,302.6042,300.7940
2025-05-15,GBP/PKR,1M,358.6814,359.7574,357.6054
2025-05-15,GBP/PKR,2M,360.7677,361.8500,359.6854
2025-05-15,GBP/PKR,3M,362.8539,363.9425,361.7653
2025-05-15,GBP/PKR,SPOT,356.5951,357.6649,355.5253
2025-05-15,PKR_MM,1M,11.3182,11.3582,11.2782
2025-05-15,PKR_MM,1W,11.1245,11.1645,11.0845
2025-05-15,PKR_MM,2M,11.4032,11.4432,11.3632
2025-05-15,PKR_MM,2W,11.1497,11.1897,11.1097
2025-05-15,PKR_MM,3M,11.4864,11.5264,11.4464
2025-05-15,PKR_TBILL,12M,11.6741,11.7041,11.6441
2025-05-15,PKR_TBILL,3M,11.4014,11.4314,11.3714
2025-05-15,PKR_TBILL,6M,11.5575,11.5875,11.5275
2025-05-15,USD/PKR,1M,283.4830,284.3334,282.6326
2025-05-15,USD/PKR,2M,285.0628,285.9180,284.2076
2025-05-15,USD/PKR,3M,286.6425,287.5024,285.7826
2025-05-15,USD/PKR,SPOT,281.9032,282.7489,281.0575
2025-05-16,AED/PKR,1M,77.1693,77.4008,76.9378
2025-05-16,AED/PKR,2M,77.5918,77.8246,77.3590
2025-05-16,AED/PKR,3M,78.0143,78.2483,77.7803
2025-05-16,AED/PKR,SPOT,76.7468,76.9770,76.5166
2025-05-16,EUR/PKR,1M,303.8433,304.7548,302.9318
2025-05-16,EUR/PKR,2M,305.9261,306.8439,305.0083
2025-05-16,EUR/PKR,3M,308.0090,308.9330,307.0850
2025-05-16,EUR/PKR,SPOT,301.7604,302.6657,300.8551
2025-05-16,GBP/PKR,1M,358.3769,359.4520,357.3018
2025-05-16,GBP/PKR,2M,360.4554,361.5368,359.3740
2025-05-16,GBP/PKR,3M,362.5340,363.6216,361.4464
2025-05-16,GBP/PKR,SPOT,356.2983,357.3672,355.2294
2025-05-16,PKR_MM,1M,11.2978,11.3378,11.2578
2025-05-16,PKR_MM,1W,11.0489,11.0889,11.0089
2025-05-16,PKR_MM,2M,11.3996,11.4396,11.3596
2025-05-16,PKR_MM,2W,11.1281,11.1681,11.0881
2025-05-16,PKR_MM,3M,11.4919,11.5319,11.4519
2025-05-16,PKR_TBILL,12M,11.6678,11.6978,11.6378
2025-05-16,PKR_TBILL,3M,11.3931,11.4231,11.3631
2025-05-16,PKR_TBILL,6M,11.5260,11.5560,11.4960
2025-05-16,USD/PKR,1M,283.6154,284.4662,282.7646
2025-05-16,USD/PKR,2M,285.1912,286.0468,284.3356
2025-05-16,USD/PKR,3M,286.7670,287.6273,285.9067
2025-05-16,USD/PKR,SPOT,282.0396,282.8857,281.1935
2025-05-19,AED/PKR,1M,77.3372,77.5692,77.1052
2025-05-19,AED/PKR,2M,77.7611,77.9944,77.5278
2025-05-19,AED/PKR,3M,78.1850,78.4196,77.9504
2025-05-19,AED/PKR,SPOT,76.9133,77.1440,76.6826
2025-05-19,EUR/PKR,1M,304.5201,305.4337,303.6065
2025-05-19,EUR/PKR,2M,306.6096,307.5294,305.6898
2025-05-19,EUR/PKR,3M,308.6991,309.6252,307.7730
2025-05-19,EUR/PKR,SPOT,302.4306,303.3379,301.5233
2025-05-19,GBP/PKR,1M,358.1622,359.2367,357.0877
2025-05-19,GBP/PKR,2M,360.2419,361.3226,359.1612
2025-05-19,GBP/PKR,3M,362.3216,363.4086,361.2346
2025-05-19,GBP/PKR,SPOT,356.0825,357.1507,355.0143
2025-05-19,PKR_MM,1M,11.3059,11.3459,11.2659
2025-05-19,PKR_MM,1W,11.1148,11.1548,11.0748
2025-05-19,PKR_MM,2M,11.3692,11.4092,11.3292
2025-05-19,PKR_MM,2W,11.1556,11.1956,11.1156
2025-05-19,PKR_MM,3M,11.5004,11.5404,11.4604
2025-05-19,PKR_TBILL,12M,11.6581,11.6881,11.6281
2025-05-19,PKR_TBILL,3M,11.4294,11.4594,11.3994
2025-05-19,PKR_TBILL,6M,11.5733,11.6033,11.5433
2025-05-19,USD/PKR,1M,283.5942,284.4450,282.7434
2025-05-19,USD/PKR,2M,285.1718,286.0273,284.3163
2025-05-19,USD/PKR,3M,286.7494,287.6096,285.8892
2025-05-19,USD/PKR,SPOT,282.0167,282.8628,281.1706
2025-05-20,AED/PKR,1M,77.2170,77.4487,76.9853
2025-05-20,AED/PKR,2M,77.6367,77.8696,77.4038
2025-05-20,AED/PKR,3M,78.0565,78.2907,77.8223
2025-05-20,AED/PKR,SPOT,76.7972,77.0276,76.5668
2025-05-20,EUR/PKR,1M,304.1695,305.0820,303.2570
2025-05-20,EUR/PKR,2M,306.2427,307.1614,305.3240
2025-05-20,EUR/PKR,3M,308.3160,309.2409,307.3911
2025-05-20,EUR/PKR,SPOT,302.0962,303.0025,301.1899
2025-05-20,GBP/PKR,1M,358.9142,359.9909,357.8375
2025-05-20,GBP/PKR,2M,360.9819,362.0648,359.8990
2025-05-20,GBP/PKR,3M,363.0496,364.1387,361.9605
2025-05-20,GBP/PKR,SPOT,356.8464,357.9169,355.7759
2025-05-20,PKR_MM,1M,11.2499,11.2899,11.2099
2025-05-20,PKR_MM,1W,11.0562,11.0962,11.0162
2025-05-20,PKR_MM,2M,11.3446,11.3846,11.3046
2025-05-20,PKR_MM,2W,11.1185,11.1585,11.0785
2025-05-20,PKR_MM,3M,11.4292,11.4692,11.3892
2025-05-20,PKR_TBILL,12M,11.6285,11.6585,11.5985
2025-05-20,PKR_TBILL,3M,11.3361,11.3661,11.3061
2025-05-20,PKR_TBILL,6M,11.4825,11.5125,11.4525
2025-05-20,USD/PKR,1M,283.8418,284.6933,282.9903
2025-05-20,USD/PKR,2M,285.4078,286.2640,284.5516
2025-05-20,USD/PKR,3M,286.9739,287.8348,286.1130
2025-05-20,USD/PKR,SPOT,282.2758,283.1226,281.4290
2025-05-21,AED/PKR,1M,77.2429,77.4746,77.0112
2025-05-21,AED/PKR,2M,77.6655,77.8985,77.4325
2025-05-21,AED/PKR,3M,78.0881,78.3224,77.8538
2025-05-21,AED/PKR,SPOT,76.8203,77.0508,76.5898
2025-05-21,EUR/PKR,1M,304.3080,305.2209,303.3951
2025-05-21,EUR/PKR,2M,306.3929,307.3121,305.4737
2025-05-21,EUR/PKR,3M,308.4777,309.4031,307.5523
2025-05-21,EUR/PKR,SPOT,302.2231,303.1298,301.3164
2025-05-21,GBP/PKR,1M,359.3880,360.4662,358.3098
2025-05-21,GBP/PKR,2M,361.4710,362.5554,360.3866
2025-05-21,GBP/PKR,3M,363.5541,364.6448,362.4634
2025-05-21,GBP/PKR,SPOT,357.3049,358.3768,356.2330
2025-05-21,PKR_MM,1M,11.2931,11.3331,11.2531
2025-05-21,PKR_MM,1W,11.0576,11.0976,11.0176
2025-05-21,PKR_MM,2M,11.3624,11.4024,11.3224
2025-05-21,PKR_MM,2W,11.1401,11.1801,11.1001
2025-05-21,PKR_MM,3M,11.4614,11.5014,11.4214
2025-05-21,PKR_TBILL,12M,11.6897,11.7197,11.6597
2025-05-21,PKR_TBILL,3M,11.3708,11.4008,11.3408
2025-05-21,PKR_TBILL,6M,11.5286,11.5586,11.4986
2025-05-21,USD/PKR,1M,283.7948,284.6462,282.9434
2025-05-21,USD/PKR,2M,285.3705,286.2266,284.5144
2025-05-21,USD/PKR,3M,286.9462,287.8070,286.0854
2025-05-21,USD/PKR,SPOT,282.2190,283.0657,281.3723
2025-05-22,AED/PKR,1M,77.3851,77.6173,77.1529
2025-05-22,AED/PKR,2M,77.8073,78.0407,77.5739
2025-05-22,AED/PKR,3M,78.2295,78.4642,77.9948
2025-05-22,AED/PKR,SPOT,76.9630,77.1939,76.7321
2025-05-22,EUR/PKR,1M,304.5929,305.5067,303.6791
2025-05-22,EUR/PKR,2M,306.6749,307.5949,305.7549
2025-05-22,EUR/PKR,3M,308.7570,309.6833,307.8307
2025-05-22,EUR/PKR,SPOT,302.5108,303.4183,301.6033
2025-05-22,GBP/PKR,1M,359.4065,360.4847,358.3283
2025-05-22,GBP/PKR,2M,361.4840,362.5685,360.3995
2025-05-22,GBP/PKR,3M,363.5616,364.6523,362.4709
2025-05-22,GBP/PKR,SPOT,357.3290,358.4010,356.2570
2025-05-22,PKR_MM,1M,11.2738,11.3138,11.2338
2025-05-22,PKR_MM,1W,11.0818,11.1218,11.0418
2025-05-22,PKR_MM,2M,11.3625,11.4025,11.3225
2025-05-22,PKR_MM,2W,11.1130,11.1530,11.0730
2025-05-22,PKR_MM,3M,11.4566,11.4966,11.4166
2025-05-22,PKR_TBILL,12M,11.6395,11.6695,11.6095
2025-05-22,PKR_TBILL,3M,11.3739,11.4039,11.3439
2025-05-22,PKR_TBILL,6M,11.5218,11.5518,11.4918
2025-05-22,USD/PKR,1M,284.1443,284.9967,283.2919
2025-05-22,USD/PKR,2M,285.7175,286.5747,284.8603
2025-05-22,USD/PKR,3M,287.2907,288.1526,286.4288
2025-05-22,USD/PKR,SPOT,282.5711,283.4188,281.7234
2025-05-23,AED/PKR,1M,77.2416,77.4733,77.0099
2025-05-23,AED/PKR,2M,77.6606,77.8936,77.4276
2025-05-23,AED/PKR,3M,78.0797,78.3139,77.8455
2025-05-23,AED/PKR,SPOT,76.8225,77.0530,76.5920
2025-05-23,EUR/PKR,1M,304.5843,305.4981,303.6705
2025-05-23,EUR/PKR,2M,306.6570,307.5770,305.7370
2025-05-23,EUR/PKR,3M,308.7298,309.6560,307.8036
2025-05-23,EUR/PKR,SPOT,302.5115,303.4190,301.6040
2025-05-23,GBP/PKR,1M,358.2848,359.3597,357.2099
2025-05-23,GBP/PKR,2M,360.3450,361.4260,359.2640
2025-05-23,GBP/PKR,3M,362.4052,363.4924,361.3180
2025-05-23,GBP/PKR,SPOT,356.2246,357.2933,355.1559
2025-05-23,PKR_MM,1M,11.2364,11.2764,11.1964
2025-05-23,PKR_MM,1W,11.0060,11.0460,10.9660
2025-05-23,PKR_MM,2M,11.3196,11.3596,11.2796
2025-05-23,PKR_MM,2W,11.0685,11.1085,11.0285
2025-05-23,PKR_MM,3M,11.4026,11.4426,11.3626
2025-05-23,PKR_TBILL,12M,11.6208,11.6508,11.5908
2025-05-23,PKR_TBILL,3M,11.3566,11.3866,11.3266
2025-05-23,PKR_TBILL,6M,11.5002,11.5302,11.4702
2025-05-23,USD/PKR,1M,283.7720,284.6233,282.9207
2025-05-23,USD/PKR,2M,285.3345,286.1905,284.4785
2025-05-23,USD/PKR,3M,286.8970,287.7577,286.0363
2025-05-23,USD/PKR,SPOT,282.2094,283.0560,281.3628
2025-05-26,AED/PKR,1M,77.3698,77.6019,77.1377
2025-05-26,AED/PKR,2M,77.7890,78.0224,77.5556
2025-05-26,AED/PKR,3M,78.2083,78.4429,77.9737
2025-05-26,AED/PKR,SPOT,76.9505,77.1814,76.7196
2025-05-26,EUR/PKR,1M,304.6976,305.6117,303.7835
2025-05-26,EUR/PKR,2M,306.7693,307.6896,305.8490
2025-05-26,EUR/PKR,3M,308.8411,309.7676,307.9146
2025-05-26,EUR/PKR,SPOT,302.6259,303.5338,301.7180
2025-05-26,GBP/PKR,1M,358.9036,359.9803,357.8269
2025-05-26,GBP/PKR,2M,360.9652,362.0481,359.8823
2025-05-26,GBP/PKR,3M,363.0268,364.1159,361.9377
2025-05-26,GBP/PKR,SPOT,356.8420,357.9125,355.7715
2025-05-26,PKR_MM,1M,11.2291,11.2691,11.1891
2025-05-26,PKR_MM,1W,10.9874,11.0274,10.9474
2025-05-26,PKR_MM,2M,11.3289,11.3689,11.2889
2025-05-26,PKR_MM,2W,11.1180,11.1580,11.0780
2025-05-26,PKR_MM,3M,11.3913,11.4313,11.3513
2025-05-26,PKR_TBILL,12M,11.6085,11.6385,11.5785
2025-05-26,PKR_TBILL,3M,11.3372,11.3672,11.3072
2025-05-26,PKR_TBILL,6M,11.4908,11.5208,11.4608
2025-05-26,USD/PKR,1M,283.8098,284.6612,282.9584
2025-05-26,USD/PKR,2M,285.3708,286.2269,284.5147
2025-05-26,USD/PKR,3M,286.9319,287.7927,286.0711
2025-05-26,USD/PKR,SPOT,282.2487,283.0954,281.4020
2025-05-27,AED/PKR,1M,77.3980,77.6302,77.1658
2025-05-27,AED/PKR,2M,77.8173,78.0508,77.5838
2025-05-27,AED/PKR,3M,78.2366,78.4713,78.0019
2025-05-27,AED/PKR,SPOT,76.9787,77.2096,76.7478
2025-05-27,EUR/PKR,1M,304.6935,305.6076,303.7794
2025-05-27,EUR/PKR,2M,306.7648,307.6851,305.8445
2025-05-27,EUR/PKR,3M,308.8360,309.7625,307.9095
2025-05-27,EUR/PKR,SPOT,302.6223,303.5302,301.7144
2025-05-27,GBP/PKR,1M,358.2123,359.2869,357.1377
2025-05-27,GBP/PKR,2M,360.2695,361.3503,359.1887
2025-05-27,GBP/PKR,3M,362.3266,363.4136,361.2396
2025-05-27,GBP/PKR,SPOT,356.1552,357.2237,355.0867
2025-05-27,PKR_MM,1M,11.2273,11.2673,11.1873
2025-05-27,PKR_MM,1W,11.0318,11.0718,10.9918
2025-05-27,PKR_MM,2M,11.3063,11.3463,11.2663
2025-05-27,PKR_MM,2W,11.1160,11.1560,11.0760
2025-05-27,PKR_MM,3M,11.3764,11.4164,11.3364
2025-05-27,PKR_TBILL,12M,11.5967,11.6267,11.5667
2025-05-27,PKR_TBILL,3M,11.3196,11.3496,11.2896
2025-05-27,PKR_TBILL,6M,11.4462,11.4762,11.4162
2025-05-27,USD/PKR,1M,283.6109,284.4617,282.7601
2025-05-27,USD/PKR,2M,285.1705,286.0260,284.3150
2025-05-27,USD/PKR,3M,286.7300,287.5902,285.8698
2025-05-27,USD/PKR,SPOT,282.0514,282.8976,281.2052
2025-05-28,AED/PKR,1M,77.2988,77.5307,77.0669
2025-05-28,AED/PKR,2M,77.7137,77.9468,77.4806
2025-05-28,AED/PKR,3M,78.1285,78.3629,77.8941
2025-05-28,AED/PKR,SPOT,76.8840,77.1147,76.6533
2025-05-28,EUR/PKR,1M,304.4143,305.3275,303.5011
2025-05-28,EUR/PKR,2M,306.4683,307.3877,305.5489
2025-05-28,EUR/PKR,3M,308.5223,309.4479,307.5967
2025-05-28,EUR/PKR,SPOT,302.3603,303.2674,301.4532
2025-05-28,GBP/PKR,1M,358.8009,359.8773,357.7245
2025-05-28,GBP/PKR,2M,360.8432,361.9257,359.7607
2025-05-28,GBP/PKR,3M,362.8856,363.9743,361.7969
2025-05-28,GBP/PKR,SPOT,356.7585,357.8288,355.6882
2025-05-28,PKR_MM,1M,11.1651,11.2051,11.1251
2025-05-28,PKR_MM,1W,10.9166,10.9566,10.8766
2025-05-28,PKR_MM,2M,11.2810,11.3210,11.2410
2025-05-28,PKR_MM,2W,11.0117,11.0517,10.9717
2025-05-28,PKR_MM,3M,11.3201,11.3601,11.2801
2025-05-28,PKR_TBILL,12M,11.5212,11.5512,11.4912
2025-05-28,PKR_TBILL,3M,11.2853,11.3153,11.2553
2025-05-28,PKR_TBILL,6M,11.3773,11.4073,11.3473
2025-05-28,USD/PKR,1M,283.7342,284.5854,282.8830
2025-05-28,USD/PKR,2M,285.2801,286.1359,284.4243
2025-05-28,USD/PKR,3M,286.8260,287.6865,285.9655
2025-05-28,USD/PKR,SPOT,282.1884,283.0350,281.3418
2025-05-29,AED/PKR,1M,77.3521,77.5842,77.1200
2025-05-29,AED/PKR,2M,77.7663,77.9996,77.5330
2025-05-29,AED/PKR,3M,78.1805,78.4150,77.9460
2025-05-29,AED/PKR,SPOT,76.9380,77.1688,76.7072
2025-05-29,EUR/PKR,1M,304.0222,304.9343,303.1101
2025-05-29,EUR/PKR,2M,306.0698,306.9880,305.1516
2025-05-29,EUR/PKR,3M,308.1173,309.0417,307.1929
2025-05-29,EUR/PKR,SPOT,301.9747,302.8806,301.0688
2025-05-29,GBP/PKR,1M,358.7770,359.8533,357.7007
2025-05-29,GBP/PKR,2M,360.8147,361.8971,359.7323
2025-05-29,GBP/PKR,3M,362.8524,363.9410,361.7638
2025-05-29,GBP/PKR,SPOT,356.7393,357.8095,355.6691
2025-05-29,PKR_MM,1M,11.1496,11.1896,11.1096
2025-05-29,PKR_MM,1W,10.9498,10.9898,10.9098
2025-05-29,PKR_MM,2M,11.2260,11.2660,11.1860
2025-05-29,PKR_MM,2W,11.0093,11.0493,10.9693
2025-05-29,PKR_MM,3M,11.3183,11.3583,11.2783
2025-05-29,PKR_TBILL,12M,11.5540,11.5840,11.5240
2025-05-29,PKR_TBILL,3M,11.2198,11.2498,11.1898
2025-05-29,PKR_TBILL,6M,11.3704,11.4004,11.3404
2025-05-29,USD/PKR,1M,283.9540,284.8059,283.1021
2025-05-29,USD/PKR,2M,285.4975,286.3540,284.6410
2025-05-29,USD/PKR,3M,287.0410,287.9021,286.1799
2025-05-29,USD/PKR,SPOT,282.4105,283.2577,281.5633
2025-05-30,AED/PKR,1M,77.2956,77.5275,77.0637
2025-05-30,AED/PKR,2M,77.7125,77.9456,77.4794
2025-05-30,AED/PKR,3M,78.1294,78.3638,77.8950
2025-05-30,AED/PKR,SPOT,76.8788,77.1094,76.6482
2025-05-30,EUR/PKR,1M,304.7599,305.6742,303.8456
2025-05-30,EUR/PKR,2M,306.8242,307.7447,305.9037
2025-05-30,EUR/PKR,3M,308.8884,309.8151,307.9617
2025-05-30,EUR/PKR,SPOT,302.6957,303.6038,301.7876
2025-05-30,GBP/PKR,1M,358.6740,359.7500,357.5980
2025-05-30,GBP/PKR,2M,360.7250,361.8072,359.6428
2025-05-30,GBP/PKR,3M,362.7759,363.8642,361.6876
2025-05-30,GBP/PKR,SPOT,356.6231,357.6930,355.5532
2025-05-30,PKR_MM,1M,11.1971,11.2371,11.1571
2025-05-30,PKR_MM,1W,10.9798,11.0198,10.9398
2025-05-30,PKR_MM,2M,11.2856,11.3256,11.2456
2025-05-30,PKR_MM,2W,11.0431,11.0831,11.0031
2025-05-30,PKR_MM,3M,11.3869,11.4269,11.3469
2025-05-30,PKR_TBILL,12M,11.5771,11.6071,11.5471
2025-05-30,PKR_TBILL,3M,11.2694,11.2994,11.2394
2025-05-30,PKR_TBILL,6M,11.4161,11.4461,11.3861
2025-05-30,USD/PKR,1M,284.1397,284.9921,283.2873
2025-05-30,USD/PKR,2M,285.6952,286.5523,284.8381
2025-05-30,USD/PKR,3M,287.2506,288.1124,286.3888
2025-05-30,USD/PKR,SPOT,282.5842,283.4320,281.7364
2025-06-02,AED/PKR,1M,77.4533,77.6857,77.2209
2025-06-02,AED/PKR,2M,77.8682,78.1018,77.6346
2025-06-02,AED/PKR,3M,78.2831,78.5179,78.0483
2025-06-02,AED/PKR,SPOT,77.0385,77.2696,76.8074
2025-06-02,EUR/PKR,1M,305.6791,306.5961,304.7621
2025-06-02,EUR/PKR,2M,307.7383,308.6615,306.8151
2025-06-02,EUR/PKR,3M,309.7976,310.7270,308.8682
2025-06-02,EUR/PKR,SPOT,303.6199,304.5308,302.7090
2025-06-02,GBP/PKR,1M,359.4314,360.5097,358.3531
2025-06-02,GBP/PKR,2M,361.4735,362.5579,360.3891
2025-06-02,GBP/PKR,3M,363.5155,364.6060,362.4250
2025-06-02,GBP/PKR,SPOT,357.3894,358.4616,356.3172
2025-06-02,PKR_MM,1M,11.1518,11.1918,11.1118
2025-06-02,PKR_MM,1W,10.9379,10.9779,10.8979
2025-06-02,PKR_MM,2M,11.2152,11.2552,11.1752
2025-06-02,PKR_MM,2W,11.0062,11.0462,10.9662
2025-06-02,PKR_MM,3M,11.3408,11.3808,11.3008
2025-06-02,PKR_TBILL,12M,11.5164,11.5464,11.4864
2025-06-02,PKR_TBILL,3M,11.2699,11.2999,11.2399
2025-06-02,PKR_TBILL,6M,11.3889,11.4189,11.3589
2025-06-02,USD/PKR,1M,284.0123,284.8643,283.1603
2025-06-02,USD/PKR,2M,285.5566,286.4133,284.6999
2025-06-02,USD/PKR,3M,287.1010,287.9623,286.2397
2025-06-02,USD/PKR,SPOT,282.4680,283.3154,281.6206
2025-06-03,AED/PKR,1M,77.3707,77.6028,77.1386
2025-06-03,AED/PKR,2M,77.7860,78.0194,77.5526
2025-06-03,AED/PKR,3M,78.2013,78.4359,77.9667
2025-06-03,AED/PKR,SPOT,76.9554,77.1863,76.7245
2025-06-03,EUR/PKR,1M,305.4450,306.3613,304.5287
2025-06-03,EUR/PKR,2M,307.5062,308.4287,306.5837
2025-06-03,EUR/PKR,3M,309.5674,310.4961,308.6387
2025-06-03,EUR/PKR,SPOT,303.3838,304.2940,302.4736
2025-06-03,GBP/PKR,1M,358.7922,359.8686,357.7158
2025-06-03,GBP/PKR,2M,360.8348,361.9173,359.7523
2025-06-03,GBP/PKR,3M,362.8774,363.9660,361.7888
2025-06-03,GBP/PKR,SPOT,356.7497,357.8199,355.6795
2025-06-03,PKR_MM,1M,11.1660,11.2060,11.1260
2025-06-03,PKR_MM,1W,10.9255,10.9655,10.8855
2025-06-03,PKR_MM,2M,11.2561,11.2961,11.2161
2025-06-03,PKR_MM,2W,11.0187,11.0587,10.9787
2025-06-03,PKR_MM,3M,11.3248,11.3648,11.2848
2025-06-03,PKR_TBILL,12M,11.5541,11.5841,11.5241
2025-06-03,PKR_TBILL,3M,11.2831,11.3131,11.2531
2025-06-03,PKR_TBILL,6M,11.4003,11.4303,11.3703
2025-06-03,USD/PKR,1M,284.4603,285.3137,283.6069
2025-06-03,USD/PKR,2M,286.0104,286.8684,285.1524
2025-06-03,USD/PKR,3M,287.5604,288.4231,286.6977
2025-06-03,USD/PKR,SPOT,282.9103,283.7590,282.0616
2025-06-04,AED/PKR,1M,77.3139,77.5458,77.0820
2025-06-04,AED/PKR,2M,77.7257,77.9589,77.4925
2025-06-04,AED/PKR,3M,78.1376,78.3720,77.9032
2025-06-04,AED/PKR,SPOT,76.9021,77.1328,76.6714
2025-06-04,EUR/PKR,1M,304.9250,305.8398,304.0102
2025-06-04,EUR/PKR,2M,306.9702,307.8911,306.0493
2025-06-04,EUR/PKR,3M,309.0154,309.9424,308.0884
2025-06-04,EUR/PKR,SPOT,302.8798,303.7884,301.9712
2025-06-04,GBP/PKR,1M,359.6707,360.7497,358.5917
2025-06-04,GBP/PKR,2M,361.7036,362.7887,360.6185
2025-06-04,GBP/PKR,3M,363.7364,364.8276,362.6452
2025-06-04,GBP/PKR,SPOT,357.6379,358.7108,356.5650
2025-06-04,PKR_MM,1M,11.1156,11.1556,11.0756
2025-06-04,PKR_MM,1W,10.8800,10.9200,10.8400
2025-06-04,PKR_MM,2M,11.1913,11.2313,11.1513
2025-06-04,PKR_MM,2W,10.9967,11.0367,10.9567
2025-06-04,PKR_MM,3M,11.2644,11.3044,11.2244
2025-06-04,PKR_TBILL,12M,11.4911,11.5211,11.4611
2025-06-04,PKR_TBILL,3M,11.1896,11.2196,11.1596
2025-06-04,PKR_TBILL,6M,11.3791,11.4091,11.3491
2025-06-04,USD/PKR,1M,284.3466,285.1996,283.4936
2025-06-04,USD/PKR,2M,285.8843,286.7420,285.0266
2025-06-04,USD/PKR,3M,287.4221,288.2844,286.5598
2025-06-04,USD/PKR,SPOT,282.8088,283.6572,281.9604
2025-06-05,AED/PKR,1M,77.3535,77.5856,77.1214
2025-06-05,AED/PKR,2M,77.7652,77.9985,77.5319
2025-06-05,AED/PKR,3M,78.1768,78.4113,77.9423
2025-06-05,AED/PKR,SPOT,76.9419,77.1727,76.7111
2025-06-05,EUR/PKR,1M,304.5303,305.4439,303.6167
2025-06-05,EUR/PKR,2M,306.5712,307.4909,305.6515
2025-06-05,EUR/PKR,3M,308.6121,309.5379,307.6863
2025-06-05,EUR/PKR,SPOT,302.4893,303.3968,301.5818
2025-06-05,GBP/PKR,1M,360.1336,361.2140,359.0532
2025-06-05,GBP/PKR,2M,362.1671,363.2536,361.0806
2025-06-05,GBP/PKR,3M,364.2006,365.2932,363.1080
2025-06-05,GBP/PKR,SPOT,358.1001,359.1744,357.0258
2025-06-05,PKR_MM,1M,11.1090,11.1490,11.0690
2025-06-05,PKR_MM,1W,10.8961,10.9361,10.8561
2025-06-05,PKR_MM,2M,11.1996,11.2396,11.1596
2025-06-05,PKR_MM,2W,10.9633,11.0033,10.9233
2025-06-05,PKR_MM,3M,11.3032,11.3432,11.2632
2025-06-05,PKR_TBILL,12M,11.4725,11.5025,11.4425
2025-06-05,PKR_TBILL,3M,11.2178,11.2478,11.1878
2025-06-05,PKR_TBILL,6M,11.3300,11.3600,11.3000
2025-06-05,USD/PKR,1M,284.4142,285.2674,283.5610
2025-06-05,USD/PKR,2M,285.9508,286.8087,285.0929
2025-06-05,USD/PKR,3M,287.4874,288.3499,286.6249
2025-06-05,USD/PKR,SPOT,282.8775,283.7261,282.0289
2025-06-11,AED/PKR,1M,77.3903,77.6225,77.1581
2025-06-11,AED/PKR,2M,77.8005,78.0339,77.5671
2025-06-11,AED/PKR,3M,78.2106,78.4452,77.9760
2025-06-11,AED/PKR,SPOT,76.9802,77.2111,76.7493
2025-06-11,EUR/PKR,1M,304.7934,305.7078,303.8790
2025-06-11,EUR/PKR,2M,306.8294,307.7499,305.9089
2025-06-11,EUR/PKR,3M,308.8654,309.7920,307.9388
2025-06-11,EUR/PKR,SPOT,302.7574,303.6657,301.8491
2025-06-11,GBP/PKR,1M,359.1920,360.2696,358.1144
2025-06-11,GBP/PKR,2M,361.2123,362.2959,360.1287
2025-06-11,GBP/PKR,3M,363.2326,364.3223,362.1429
2025-06-11,GBP/PKR,SPOT,357.1717,358.2432,356.1002
2025-06-11,PKR_MM,1M,11.0819,11.1219,11.0419
2025-06-11,PKR_MM,1W,10.8694,10.9094,10.8294
2025-06-11,PKR_MM,2M,11.1527,11.1927,11.1127
2025-06-11,PKR_MM,2W,10.9459,10.9859,10.9059
2025-06-11,PKR_MM,3M,11.2736,11.3136,11.2336
2025-06-11,PKR_TBILL,12M,11.4853,11.5153,11.4553
2025-06-11,PKR_TBILL,3M,11.2044,11.2344,11.1744
2025-06-11,PKR_TBILL,6M,11.2982,11.3282,11.2682
2025-06-11,USD/PKR,1M,284.4743,285.3277,283.6209
2025-06-11,USD/PKR,2M,286.0050,286.8630,285.1470
2025-06-11,USD/PKR,3M,287.5357,288.3983,286.6731
2025-06-11,USD/PKR,SPOT,282.9437,283.7925,282.0949
2025-06-12,AED/PKR,1M,77.4545,77.6869,77.2221
2025-06-12,AED/PKR,2M,77.8646,78.0982,77.6310
2025-06-12,AED/PKR,3M,78.2746,78.5094,78.0398
2025-06-12,AED/PKR,SPOT,77.0445,77.2756,76.8134
2025-06-12,EUR/PKR,1M,305.1583,306.0738,304.2428
2025-06-12,EUR/PKR,2M,307.1949,308.1165,306.2733
2025-06-12,EUR/PKR,3M,309.2316,310.1593,308.3039
2025-06-12,EUR/PKR,SPOT,303.1216,304.0310,302.2122
2025-06-12,GBP/PKR,1M,360.1507,361.2312,359.0702
2025-06-12,GBP/PKR,2M,362.1743,363.2608,361.0878
2025-06-12,GBP/PKR,3M,364.1978,365.2904,363.1052
2025-06-12,GBP/PKR,SPOT,358.1271,359.2015,357.0527
2025-06-12,PKR_MM,1M,11.0747,11.1147,11.0347
2025-06-12,PKR_MM,1W,10.8715,10.9115,10.8315
2025-06-12,PKR_MM,2M,11.1659,11.2059,11.1259
2025-06-12,PKR_MM,2W,10.9597,10.9997,10.9197
2025-06-12,PKR_MM,3M,11.2387,11.2787,11.1987
2025-06-12,PKR_TBILL,12M,11.4618,11.4918,11.4318
2025-06-12,PKR_TBILL,3M,11.1922,11.2222,11.1622
2025-06-12,PKR_TBILL,6M,11.3201,11.3501,11.2901
2025-06-12,USD/PKR,1M,283.9499,284.8017,283.0981
2025-06-12,USD/PKR,2M,285.4761,286.3325,284.6197
2025-06-12,USD/PKR,3M,287.0023,287.8633,286.1413
2025-06-12,USD/PKR,SPOT,282.4237,283.2710,281.5764
2025-06-13,AED/PKR,1M,77.4199,77.6522,77.1876
2025-06-13,AED/PKR,2M,77.8289,78.0624,77.5954
2025-06-13,AED/PKR,3M,78.2380,78.4727,78.0033
2025-06-13,AED/PKR,SPOT,77.0108,77.2418,76.7798
2025-06-13,EUR/PKR,1M,305.8175,306.7350,304.9000
2025-06-13,EUR/PKR,2M,307.8555,308.7791,306.9319
2025-06-13,EUR/PKR,3M,309.8936,310.8233,308.9639
2025-06-13,EUR/PKR,SPOT,303.7794,304.6907,302.8681
2025-06-13,GBP/PKR,1M,359.1628,360.2403,358.0853
2025-06-13,GBP/PKR,2M,361.1773,362.2608,360.0938
2025-06-13,GBP/PKR,3M,363.1918,364.2814,362.1022
2025-06-13,GBP/PKR,SPOT,357.1484,358.2198,356.0770
2025-06-13,PKR_MM,1M,11.0626,11.1026,11.0226
2025-06-13,PKR_MM,1W,10.8486,10.8886,10.8086
2025-06-13,PKR_MM,2M,11.1442,11.1842,11.1042
2025-06-13,PKR_MM,2W,10.9227,10.9627,10.8827
2025-06-13,PKR_MM,3M,11.2168,11.2568,11.1768
2025-06-13,PKR_TBILL,12M,11.4205,11.4505,11.3905
2025-06-13,PKR_TBILL,3M,11.1349,11.1649,11.1049
2025-06-13,PKR_TBILL,6M,11.3019,11.3319,11.2719
2025-06-13,USD/PKR,1M,284.5655,285.4192,283.7118
2025-06-13,USD/PKR,2M,286.0922,286.9505,285.2339
2025-06-13,USD/PKR,3M,287.6189,288.4818,286.7560
2025-06-13,USD/PKR,SPOT,283.0389,283.8880,282.1898
2025-06-16,AED/PKR,1M,77.4137,77.6459,77.1815
2025-06-16,AED/PKR,2M,77.8199,78.0534,77.5864
2025-06-16,AED/PKR,3M,78.2261,78.4608,77.9914
2025-06-16,AED/PKR,SPOT,77.0075,77.2385,76.7765
2025-06-16,EUR/PKR,1M,305.8979,306.8156,304.9802
2025-06-16,EUR/PKR,2M,307.9254,308.8492,307.0016
2025-06-16,EUR/PKR,3M,309.9528,310.8827,309.0229
2025-06-16,EUR/PKR,SPOT,303.8704,304.7820,302.9588
2025-06-16,GBP/PKR,1M,360.2397,361.3204,359.1590
2025-06-16,GBP/PKR,2M,362.2472,363.3339,361.1605
2025-06-16,GBP/PKR,3M,364.2546,365.3474,363.1618
2025-06-16,GBP/PKR,SPOT,358.2323,359.3070,357.1576
2025-06-16,PKR_MM,1M,11.0178,11.0578,10.9778
2025-06-16,PKR_MM,1W,10.7772,10.8172,10.7372
2025-06-16,PKR_MM,2M,11.0854,11.1254,11.0454
2025-06-16,PKR_MM,2W,10.8514,10.8914,10.8114
2025-06-16,PKR_MM,3M,11.2073,11.2473,11.1673
2025-06-16,PKR_TBILL,12M,11.3896,11.4196,11.3596
2025-06-16,PKR_TBILL,3M,11.1206,11.1506,11.0906
2025-06-16,PKR_TBILL,6M,11.2472,11.2772,11.2172
2025-06-16,USD/PKR,1M,284.1504,285.0029,283.2979
2025-06-16,USD/PKR,2M,285.6645,286.5215,284.8075
2025-06-16,USD/PKR,3M,287.1786,288.0401,286.3171
2025-06-16,USD/PKR,SPOT,282.6363,283.4842,281.7884
2025-06-17,AED/PKR,1M,77.4578,77.6902,77.2254
2025-06-17,AED/PKR,2M,77.8628,78.0964,77.6292
2025-06-17,AED/PKR,3M,78.2678,78.5026,78.0330
2025-06-17,AED/PKR,SPOT,77.0529,77.2841,76.8217
2025-06-17,EUR/PKR,1M,305.6871,306.6042,304.7700
2025-06-17,EUR/PKR,2M,307.7073,308.6304,306.7842
2025-06-17,EUR/PKR,3M,309.7276,310.6568,308.7984
2025-06-17,EUR/PKR,SPOT,303.6668,304.5778,302.7558
2025-06-17,GBP/PKR,1M,358.9271,360.0039,357.8503
2025-06-17,GBP/PKR,2M,360.9204,362.0032,359.8376
2025-06-17,GBP/PKR,3M,362.9137,364.0024,361.8250
2025-06-17,GBP/PKR,SPOT,356.9339,358.0047,355.8631
2025-06-17,PKR_MM,1M,10.9944,11.0344,10.9544
2025-06-17,PKR_MM,1W,10.7561,10.7961,10.7161
2025-06-17,PKR_MM,2M,11.1057,11.1457,11.0657
2025-06-17,PKR_MM,2W,10.8469,10.8869,10.8069
2025-06-17,PKR_MM,3M,11.1766,11.2166,11.1366
2025-06-17,PKR_TBILL,12M,11.3478,11.3778,11.3178
2025-06-17,PKR_TBILL,3M,11.0663,11.0963,11.0363
2025-06-17,PKR_TBILL,6M,11.2278,11.2578,11.1978
2025-06-17,USD/PKR,1M,284.5141,285.3676,283.6606
2025-06-17,USD/PKR,2M,286.0247,286.8828,285.1666
2025-06-17,USD/PKR,3M,287.5353,288.3979,286.6727
2025-06-17,USD/PKR,SPOT,283.0034,283.8524,282.1544
2025-06-18,AED/PKR,1M,77.3932,77.6254,77.1610
2025-06-18,AED/PKR,2M,77.8013,78.0347,77.5679
2025-06-18,AED/PKR,3M,78.2094,78.4440,77.9748
2025-06-18,AED/PKR,SPOT,76.9851,77.2161,76.7541
2025-06-18,EUR/PKR,1M,305.2511,306.1669,304.3353
2025-06-18,EUR/PKR,2M,307.2821,308.2039,306.3603
2025-06-18,EUR/PKR,3M,309.3132,310.2411,308.3853
2025-06-18,EUR/PKR,SPOT,303.2201,304.1298,302.3104
2025-06-18,GBP/PKR,1M,360.8737,361.9563,359.7911
2025-06-18,GBP/PKR,2M,362.8939,363.9826,361.8052
2025-06-18,GBP/PKR,3M,364.9141,366.0088,363.8194
2025-06-18,GBP/PKR,SPOT,358.8534,359.9300,357.7768
2025-06-18,PKR_MM,1M,11.0494,11.0894,11.0094
2025-06-18,PKR_MM,1W,10.8291,10.8691,10.7891
2025-06-18,PKR_MM,2M,11.1570,11.1970,11.1170
2025-06-18,PKR_MM,2W,10.9308,10.9708,10.8908
2025-06-18,PKR_MM,3M,11.1898,11.2298,11.1498
2025-06-18,PKR_TBILL,12M,11.4503,11.4803,11.4203
2025-06-18,PKR_TBILL,3M,11.1433,11.1733,11.1133
2025-06-18,PKR_TBILL,6M,11.2625,11.2925,11.2325
2025-06-18,USD/PKR,1M,284.2936,285.1465,283.4407
2025-06-18,USD/PKR,2M,285.8158,286.6732,284.9584
2025-06-18,USD/PKR,3M,287.3380,288.2000,286.4760
2025-06-18,USD/PKR,SPOT,282.7715,283.6198,281.9232
2025-06-19,AED/PKR,1M,77.5015,77.7340,77.2690
2025-06-19,AED/PKR,2M,77.9070,78.1407,77.6733
2025-06-19,AED/PKR,3M,78.3125,78.5474,78.0776
2025-06-19,AED/PKR,SPOT,77.0961,77.3274,76.8648
2025-06-19,EUR/PKR,1M,306.4214,307.3407,305.5021
2025-06-19,EUR/PKR,2M,308.4477,309.3730,307.5224
2025-06-19,EUR/PKR,3M,310.4740,311.4054,309.5426
2025-06-19,EUR/PKR,SPOT,304.3951,305.3083,303.4819
2025-06-19,GBP/PKR,1M,361.0949,362.1782,360.0116
2025-06-19,GBP/PKR,2M,363.1016,364.1909,362.0123
2025-06-19,GBP/PKR,3M,365.1083,366.2036,364.0130
2025-06-19,GBP/PKR,SPOT,359.0881,360.1654,358.0108
2025-06-19,PKR_MM,1M,10.9992,11.0392,10.9592
2025-06-19,PKR_MM,1W,10.7914,10.8314,10.7514
2025-06-19,PKR_MM,2M,11.0784,11.1184,11.0384
2025-06-19,PKR_MM,2W,10.8836,10.9236,10.8436
2025-06-19,PKR_MM,3M,11.1934,11.2334,11.1534
2025-06-19,PKR_TBILL,12M,11.3551,11.3851,11.3251
2025-06-19,PKR_TBILL,3M,11.1139,11.1439,11.0839
2025-06-19,PKR_TBILL,6M,11.2608,11.2908,11.2308
2025-06-19,USD/PKR,1M,284.3905,285.2437,283.5373
2025-06-19,USD/PKR,2M,285.9016,286.7593,285.0439
2025-06-19,USD/PKR,3M,287.4127,288.2749,286.5505
2025-06-19,USD/PKR,SPOT,282.8794,283.7280,282.0308
2025-06-20,AED/PKR,1M,77.5048,77.7373,77.2723
2025-06-20,AED/PKR,2M,77.9098,78.1435,77.6761
2025-06-20,AED/PKR,3M,78.3148,78.5497,78.0799
2025-06-20,AED/PKR,SPOT,77.0998,77.3311,76.8685
2025-06-20,EUR/PKR,1M,306.4775,307.3969,305.5581
2025-06-20,EUR/PKR,2M,308.5022,309.4277,307.5767
2025-06-20,EUR/PKR,3M,310.5269,311.4585,309.5953
2025-06-20,EUR/PKR,SPOT,304.4528,305.3662,303.5394
2025-06-20,GBP/PKR,1M,359.2909,360.3688,358.2130
2025-06-20,GBP/PKR,2M,361.2853,362.3692,360.2014
2025-06-20,GBP/PKR,3M,363.2797,364.3695,362.1899
2025-06-20,GBP/PKR,SPOT,357.2966,358.3685,356.2247
2025-06-20,PKR_MM,1M,10.9912,11.0312,10.9512
2025-06-20,PKR_MM,1W,10.7498,10.7898,10.7098
2025-06-20,PKR_MM,2M,11.0524,11.0924,11.0124
2025-06-20,PKR_MM,2W,10.8337,10.8737,10.7937
2025-06-20,PKR_MM,3M,11.1420,11.1820,11.1020
2025-06-20,PKR_TBILL,12M,11.3458,11.3758,11.3158
2025-06-20,PKR_TBILL,3M,11.1123,11.1423,11.0823
2025-06-20,PKR_TBILL,6M,11.2382,11.2682,11.2082
2025-06-20,USD/PKR,1M,284.3906,285.2438,283.5374
2025-06-20,USD/PKR,2M,285.8998,286.7575,285.0421
2025-06-20,USD/PKR,3M,287.4090,288.2712,286.5468
2025-06-20,USD/PKR,SPOT,282.8813,283.7299,282.0327
2025-06-23,AED/PKR,1M,77.5651,77.7978,77.3324
2025-06-23,AED/PKR,2M,77.9676,78.2015,77.7337
2025-06-23,AED/PKR,3M,78.3702,78.6053,78.1351
2025-06-23,AED/PKR,SPOT,77.1625,77.3940,76.9310
2025-06-23,EUR/PKR,1M,305.6914,306.6085,304.7743
2025-06-23,EUR/PKR,2M,307.7001,308.6232,306.7770
2025-06-23,EUR/PKR,3M,309.7088,310.6379,308.7797
2025-06-23,EUR/PKR,SPOT,303.6826,304.5936,302.7716
2025-06-23,GBP/PKR,1M,359.9393,361.0191,358.8595
2025-06-23,GBP/PKR,2M,361.9245,363.0103,360.8387
2025-06-23,GBP/PKR,3M,363.9098,365.0015,362.8181
2025-06-23,GBP/PKR,SPOT,357.9541,359.0280,356.8802
2025-06-23,PKR_MM,1M,10.9477,10.9877,10.9077
2025-06-23,PKR_MM,1W,10.7259,10.7659,10.6859
2025-06-23,PKR_MM,2M,11.0188,11.0588,10.9788
2025-06-23,PKR_MM,2W,10.8345,10.8745,10.7945
2025-06-23,PKR_MM,3M,11.1237,11.1637,11.0837
2025-06-23,PKR_TBILL,12M,11.3383,11.3683,11.3083
2025-06-23,PKR_TBILL,3M,11.0461,11.0761,11.0161
2025-06-23,PKR_TBILL,6M,11.1700,11.2000,11.1400
2025-06-23,USD/PKR,1M,284.4489,285.3022,283.5956
2025-06-23,USD/PKR,2M,285.9484,286.8062,285.0906
2025-06-23,USD/PKR,3M,287.4479,288.3102,286.5856
2025-06-23,USD/PKR,SPOT,282.9495,283.7983,282.1007
2025-06-24,AED/PKR,1M,77.5624,77.7951,77.3297
2025-06-24,AED/PKR,2M,77.9647,78.1986,77.7308
2025-06-24,AED/PKR,3M,78.3671,78.6022,78.1320
2025-06-24,AED/PKR,SPOT,77.1600,77.3915,76.9285
2025-06-24,EUR/PKR,1M,306.2299,307.1486,305.3112
2025-06-24,EUR/PKR,2M,308.2413,309.1660,307.3166
2025-06-24,EUR/PKR,3M,310.2527,311.1835,309.3219
2025-06-24,EUR/PKR,SPOT,304.2186,305.1313,303.3059
2025-06-24,GBP/PKR,1M,360.5350,361.6166,359.4534
2025-06-24,GBP/PKR,2M,362.5225,363.6101,361.4349
2025-06-24,GBP/PKR,3M,364.5099,365.6034,363.4164
2025-06-24,GBP/PKR,SPOT,358.5475,359.6231,357.4719
2025-06-24,PKR_MM,1M,10.9441,10.9841,10.9041
2025-06-24,PKR_MM,1W,10.7415,10.7815,10.7015
2025-06-24,PKR_MM,2M,11.0629,11.1029,11.0229
2025-06-24,PKR_MM,2W,10.7863,10.8263,10.7463
2025-06-24,PKR_MM,3M,11.1004,11.1404,11.0604
2025-06-24,PKR_TBILL,12M,11.3071,11.3371,11.2771
2025-06-24,PKR_TBILL,3M,11.0414,11.0714,11.0114
2025-06-24,PKR_TBILL,6M,11.1636,11.1936,11.1336
2025-06-24,USD/PKR,1M,284.4802,285.3336,283.6268
2025-06-24,USD/PKR,2M,285.9790,286.8369,285.1211
2025-06-24,USD/PKR,3M,287.4778,288.3402,286.6154
2025-06-24,USD/PKR,SPOT,282.9813,283.8302,282.1324
2025-06-25,AED/PKR,1M,77.5348,77.7674,77.3022
2025-06-25,AED/PKR,2M,77.9361,78.1699,77.7023
2025-06-25,AED/PKR,3M,78.3374,78.5724,78.1024
2025-06-25,AED/PKR,SPOT,77.1335,77.3649,76.9021
2025-06-25,EUR/PKR,1M,305.9271,306.8449,305.0093
2025-06-25,EUR/PKR,2M,307.9330,308.8568,307.0092
2025-06-25,EUR/PKR,3M,309.9388,310.8686,309.0090
2025-06-25,EUR/PKR,SPOT,303.9213,304.8331,303.0095
2025-06-25,GBP/PKR,1M,360.5062,361.5877,359.4247
2025-06-25,GBP/PKR,2M,362.4893,363.5768,361.4018
2025-06-25,GBP/PKR,3M,364.4724,365.5658,363.3790
2025-06-25,GBP/PKR,SPOT,358.5231,359.5987,357.4475
2025-06-25,PKR_MM,1M,10.9298,10.9698,10.8898
2025-06-25,PKR_MM,1W,10.6953,10.7353,10.6553
2025-06-25,PKR_MM,2M,11.0368,11.0768,10.9968
2025-06-25,PKR_MM,2W,10.7782,10.8182,10.7382
2025-06-25,PKR_MM,3M,11.0810,11.1210,11.0410
2025-06-25,PKR_TBILL,12M,11.3289,11.3589,11.2989
2025-06-25,PKR_TBILL,3M,11.0399,11.0699,11.0099
2025-06-25,PKR_TBILL,6M,11.1417,11.1717,11.1117
2025-06-25,USD/PKR,1M,284.8960,285.7507,284.0413
2025-06-25,USD/PKR,2M,286.3937,287.2529,285.5345
2025-06-25,USD/PKR,3M,287.8914,288.7551,287.0277
2025-06-25,USD/PKR,SPOT,283.3983,284.2485,282.5481
2025-06-26,AED/PKR,1M,77.5639,77.7966,77.3312
2025-06-26,AED/PKR,2M,77.9668,78.2007,77.7329
2025-06-26,AED/PKR,3M,78.3697,78.6048,78.1346
2025-06-26,AED/PKR,SPOT,77.1610,77.3925,76.9295
2025-06-26,EUR/PKR,1M,306.0621,306.9803,305.1439
2025-06-26,EUR/PKR,2M,308.0746,308.9988,307.1504
2025-06-26,EUR/PKR,3M,310.0871,311.0174,309.1568
2025-06-26,EUR/PKR,SPOT,304.0496,304.9617,303.1375
2025-06-26,GBP/PKR,1M,360.2574,361.3382,359.1766
2025-06-26,GBP/PKR,2M,362.2460,363.3327,361.1593
2025-06-26,GBP/PKR,3M,364.2345,365.3272,363.1418
2025-06-26,GBP/PKR,SPOT,358.2688,359.3436,357.1940
2025-06-26,PKR_MM,1M,10.9531,10.9931,10.9131
2025-06-26,PKR_MM,1W,10.7338,10.7738,10.6938
2025-06-26,PKR_MM,2M,11.0378,11.0778,10.9978
2025-06-26,PKR_MM,2W,10.7885,10.8285,10.7485
2025-06-26,PKR_MM,3M,11.1116,11.1516,11.0716
2025-06-26,PKR_TBILL,12M,11.3608,11.3908,11.3308
2025-06-26,PKR_TBILL,3M,11.0282,11.0582,10.9982
2025-06-26,PKR_TBILL,6M,11.2078,11.2378,11.1778
2025-06-26,USD/PKR,1M,284.5920,285.4458,283.7382
2025-06-26,USD/PKR,2M,286.0935,286.9518,285.2352
2025-06-26,USD/PKR,3M,287.5950,288.4578,286.7322
2025-06-26,USD/PKR,SPOT,283.0905,283.9398,282.2412
2025-06-27,AED/PKR,1M,77.5866,77.8194,77.3538
2025-06-27,AED/PKR,2M,77.9884,78.2224,77.7544
2025-06-27,AED/PKR,3M,78.3902,78.6254,78.1550
2025-06-27,AED/PKR,SPOT,77.1847,77.4163,76.9531
2025-06-27,EUR/PKR,1M,306.1376,307.0560,305.2192
2025-06-27,EUR/PKR,2M,308.1458,309.0702,307.2214
2025-06-27,EUR/PKR,3M,310.1540,311.0845,309.2235
2025-06-27,EUR/PKR,SPOT,304.1293,305.0417,303.2169
2025-06-27,GBP/PKR,1M,361.5269,362.6115,360.4423
2025-06-27,GBP/PKR,2M,363.5168,364.6074,362.4262
2025-06-27,GBP/PKR,3M,365.5068,366.6033,364.4103
2025-06-27,GBP/PKR,SPOT,359.5370,360.6156,358.4584
2025-06-27,PKR_MM,1M,10.9339,10.9739,10.8939
2025-06-27,PKR_MM,1W,10.7065,10.7465,10.6665
2025-06-27,PKR_MM,2M,11.0322,11.0722,10.9922
2025-06-27,PKR_MM,2W,10.7862,10.8262,10.7462
2025-06-27,PKR_MM,3M,11.1017,11.1417,11.0617
2025-06-27,PKR_TBILL,12M,11.3297,11.3597,11.2997
2025-06-27,PKR_TBILL,3M,11.0580,11.0880,11.0280
2025-06-27,PKR_TBILL,6M,11.1830,11.2130,11.1530
2025-06-27,USD/PKR,1M,284.4393,285.2926,283.5860
2025-06-27,USD/PKR,2M,285.9356,286.7934,285.0778
2025-06-27,USD/PKR,3M,287.4318,288.2941,286.5695
2025-06-27,USD/PKR,SPOT,282.9431,283.7919,282.0943
2025-06-30,AED/PKR,1M,77.4713,77.7037,77.2389
2025-06-30,AED/PKR,2M,77.8695,78.1031,77.6359
2025-06-30,AED/PKR,3M,78.2676,78.5024,78.0328
2025-06-30,AED/PKR,SPOT,77.0731,77.3043,76.8419
2025-06-30,EUR/PKR,1M,307.1315,308.0529,306.2101
2025-06-30,EUR/PKR,2M,309.1341,310.0615,308.2067
2025-06-30,EUR/PKR,3M,311.1368,312.0702,310.2034
2025-06-30,EUR/PKR,SPOT,305.1288,306.0442,304.2134
2025-06-30,GBP/PKR,1M,359.9117,360.9914,358.8320
2025-06-30,GBP/PKR,2M,361.8785,362.9641,360.7929
2025-06-30,GBP/PKR,3M,363.8454,364.9369,362.7539
2025-06-30,GBP/PKR,SPOT,357.9448,359.0186,356.8710
2025-06-30,PKR_MM,1M,10.8854,10.9254,10.8454
2025-06-30,PKR_MM,1W,10.6546,10.6946,10.6146
2025-06-30,PKR_MM,2M,10.9482,10.9882,10.9082
2025-06-30,PKR_MM,2W,10.7382,10.7782,10.6982
2025-06-30,PKR_MM,3M,11.0713,11.1113,11.0313
2025-06-30,PKR_TBILL,12M,11.2559,11.2859,11.2259
2025-06-30,PKR_TBILL,3M,11.0146,11.0446,10.9846
2025-06-30,PKR_TBILL,6M,11.1463,11.1763,11.1163
2025-06-30,USD/PKR,1M,284.7962,285.6506,283.9418
2025-06-30,USD/PKR,2M,286.2831,287.1419,285.4243
2025-06-30,USD/PKR,3M,287.7700,288.6333,286.9067
2025-06-30,USD/PKR,SPOT,283.3093,284.1592,282.4594
